sku,name,description,category,quantity,price,cost,barcode,supplier
Silent_listing_Unlist_property,Silent listing / Unlist property,,Property listing,1,0,0,,8 Degree
8DV106A,8DV106A - Dossier Balangan Villa - Loft,"8D2559
Discover the perfect blend of tropical elegance and modern design with these brand-new villas in Balangan, only 8 minutes from Balangan Beach and New Kuta Golf. Thoughtfully crafted with natural aesthetics and contemporary comfort, each villa provides an ideal sanctuary for personal living or a high-potential investment in Bali’s booming property market.

🏡 Villa Features
Open-concept living & dining area with natural light
Fully equipped modern kitchen
Spacious bedroom(s) with en-suite bathroom
Premium finishes & semi furnished interiors
Private pool with lush garden surroundings
Ideal for relaxation or hosting intimate gatherings

📍 Prime Location – Balangan, Uluwatu
8 min → Balangan Beach
8 min → New Kuta Golf
Easy access to cafes, restaurants & vibrant local scene

📑 Ownership & Details
Property Status: Leasehold (25 Years)
Land Size: 150 m²
Building Size: 84 m²
Price: USD 173,000 (~IDR 2.835B)
Semi Furnished

🔥 Limited Availability – Price Reduced Now!
Don’t miss your chance to own a villa in one of Bali’s most sought-after areas. Contact us today to secure your unit at the new discounted price.",Property listing,1,173000,0,,8 Degree
8DV106B,8DV106B - Dossier Balangan Villa - Cube,"Discover the perfect blend of tropical elegance and modern design with these brand-new villas in Balangan, only 8 minutes from Balangan Beach and New Kuta Golf. Thoughtfully crafted with natural aesthetics and contemporary comfort, each villa provides an ideal sanctuary for personal living or a high-potential investment in Bali’s booming property market.

🏡 Villa Features
Open-concept living & dining area with natural light
Fully equipped modern kitchen
Spacious bedroom(s) with en-suite bathroom
Premium finishes & semi furnished interiors
Private pool with lush garden surroundings
Ideal for relaxation or hosting intimate gatherings

📍 Prime Location – Balangan, Uluwatu
8 min → Balangan Beach
8 min → New Kuta Golf
Easy access to cafes, restaurants & vibrant local scene

📑 Ownership & Details
Property Status: Leasehold (25 Years)
Land Size: 250 m²
Building Size: 180 m²
Price: USD 201000 (~IDR 3.285B)
Semi Furnished

🔥 Limited Availability – Price Reduced Now!
Don’t miss your chance to own a villa in one of Bali’s most sought-after areas. Contact us today to secure your unit at the new discounted price.",Property listing,1,201000,0,,8 Degree
8DV106C,8DV106C - Dossier Balangan Villa - Adosado,"🌊 Your Modern Tropical Escape
Discover the perfect blend of tropical elegance and modern design with these brand-new villas in Balangan, only 8 minutes from Balangan Beach and New Kuta Golf. Thoughtfully crafted with natural aesthetics and contemporary comfort, each villa provides an ideal sanctuary for personal living or a high-potential investment in Bali’s booming property market.

🏡 Villa Features
Open-concept living & dining area with natural light
Fully equipped modern kitchen
Spacious bedroom(s) with en-suite bathroom
Premium finishes & semi furnished interiors
Private pool with lush garden surroundings
Ideal for relaxation or hosting intimate gatherings

📍 Prime Location – Balangan, Uluwatu
8 min → Balangan Beach
8 min → New Kuta Golf
Easy access to cafes, restaurants & vibrant local scene

📑 Ownership & Details
Property Status: Leasehold (25 Years)
Land Size: 120 m²
Building Size: 84 m²
Price: USD 152000 (~IDR 2.475B)
Semi Furnished

🔥 Limited Availability – Price Reduced Now!
Don’t miss your chance to own a villa in one of Bali’s most sought-after areas. Contact us today to secure your unit at the new discounted price.",Property listing,1,152000,0,,8 Degree
8D2544,"Contemporary 3-Bedroom Villa in Tumbak Bayuh – Tranquility, Style & Investment Appeal","Contemporary 3-Bedroom Villa in Tumbak Bayuh – Tranquility, Style & Investment Appeal

Discover a rare gem in the serene and fast-rising neighborhood of Tumbak Bayuh, just minutes from the heart of Canggu and Bali’s most popular beaches. This brand-new, fully furnished villa offers the perfect blend of modern elegance, cozy comfort, and smart design—ideal for families, lifestyle seekers, or savvy investors looking for a high-performing rental asset.

📍 Location: Tumbak Bayuh, Canggu – Bali
Views: Lush garden, tropical greenery, and peaceful residential surroundings

🏡 Villa Features:
• Land Size: 270 m²
• Building Size: 234 m² (2 floors)
• Bedrooms: 3 – Each with ensuite bathrooms featuring premium finishes
• Additional Room: Second-floor TV/media room – perfect for relaxing or family entertainment
• Living Areas: Enclosed living and dining space with glass doors for natural light and air circulation
• Kitchen: Fully equipped modern kitchen with European design and breakfast island
• Furnishings: Fully furnished with elegant, high-quality furniture
• Electricity: 10,600 watts
• Parking: Dedicated carport

🌿 Outdoor Features:
• Private Pool: 3 x 8-meter pool surrounded by a beautifully landscaped tropical garden
• Tranquil Setting: Nestled in a quiet, secure residential area with peaceful rice field surroundings
• Terrace & Garden: Ideal for outdoor relaxation, sunbathing, or alfresco dining

💰 Investment Potential:
• Leasehold: 39 years (with guaranteed 25-year extension)
• Price: IDR 6.55 Billion / Approx. USD 395,000
• Move-In Ready: Fully furnished and turnkey for immediate living or rental income
• Prime Growth Area: Tumbak Bayuh is rapidly gaining popularity among buyers and renters

🗓️ Ownership Details:
• Leasehold Until: 2063
• Extension Option: Available until 2088
• Title: Leasehold
• Status: Brand-new build – ready for occupancy or rental

✨ Why Choose This Villa?
🌴 Quiet Yet Connected – Only 10–15 minutes to Pererenan Beach, Canggu, cafes & international schools
🏠 Move-In Ready – Stylish, functional layout with premium finishes throughout
💼 High Rental Potential – Located in a sought-after and fast-appreciating area
🛁 Smart Design – Dedicated media room, elegant bathrooms, and open tropical living
📈 Strong ROI – Ideal for short- or long-term rental investment in Bali’s growing market

📞 Contact us today to schedule a private viewing and explore this unique opportunity in Bali real estate.",Property listing,1,395000,0,,8 Degree
8D2549,8D2549 - Villa Roel Berawa,"🏡 Sleek One-Level Villa in Quiet Berawa Pocket – Rare Leasehold Deal
Welcome to an exciting opportunity to own a beautifully renovated villa in one of Bali’s most desirable areas—Berawa. Just 10 minutes from the beach, top-rated international schools, and the island’s best restaurants and attractions, this modern monochrome villa combines tropical living with urban convenience. Quietly situated in a construction-free zone, it promises a peaceful and undisturbed atmosphere—a rare find in the heart of Berawa.

📍 Location: Berawa, Bali
Views: Tropical greenery and peaceful surroundings

🏡 Villa Features:
• Land Size: 473m2
• Building Size: 190m2
• Bedrooms: 3
• Bathrooms: 3
• Fully Furnished – Contemporary monochrome aesthetic
• Living Areas: Enclosed living space with seamless indoor-outdoor flow
• Kitchen: Modern and practical layout
• Water Filter System: Fresh and clean water throughout
• Laundry Room: Dedicated space with storage
• Parking: Onsite parking available

🌿 Outdoor Amenities:
• Private Pool: Inviting tropical-style pool
• Garden Space: Ideal for relaxing and entertaining

💰 Investment Potential:
• Leasehold: Long-term lease with extension available
• Price: USD 389.000
• Renovated: Turnkey and move-in ready
• Ideal for family living or rental investment in a high-demand area

🗓️ Ownership Details:
• Title: Leasehold
• Lease Duration: 26 years with extension option
• Location Demand: Berawa continues to be a top hotspot in Bali’s property market

✨ Why Choose This Villa?
🌴 Prime Berawa Location – Minutes to beach, cafes, schools & gyms
🖤 Turnkey Modern Design – Freshly renovated with chic furnishings
🤫 Peaceful Setting – Rare no-construction zone in busy Berawa
🏡 One-Level Layout – Convenient and family-friendly
📈 Great Investment – Desirable rental location with strong appreciation potential

📞 Contact us today to schedule a private viewing and receive full property details.",Property listing,1,389000,0,,8 Degree
8D2562,8D2562 - Little Spot Villa Berawa,"🏡 MODERN 2-BEDROOM INVESTMENT VILLA IN BERAWA – FOR SALE 🌿
 Located in the heart of Berawa, this stylish 2-bedroom villa offers the perfect blend of comfort, prime location, and strong investment potential. Within walking distance to top cafés, restaurants, beach clubs, gyms, and international schools, it’s an ideal property for both lifestyle buyers and savvy investors looking for high-yield rental appeal in one of Bali’s most desirable areas.
📍 Location: Berawa, Bali
 Views: Pool & Garden
🏠 Villa Features:
 • Land Size: 192 m²
 • Building Size: 115 m² (L-shaped layout – single floor)
 • 2 Bedrooms with ensuite bathrooms
 • 2 Bathrooms total
 • Enclosed Living Room with modern, open-plan layout
 • Fully Furnished – turnkey ready
 • Modern Kitchen with enclosed dining area
 • Private Swimming Pool (4 x 2 meters)
 • Separate Laundry Room
 • Open Parking (Bike / Small Car – approx. 4 x 3 m)
🌟 Amenities:
 • High-speed fiber optic internet
 • Electricity: 5,500 watts
 • Air Conditioning in all main rooms (3 units)
 • Deep well water supply
 • Bright and functional modern design
 • Terrace and small landscaped garden
 • Located in a peaceful residential pocket of central Berawa
 • IMB (PBG) on request – suitable for long-term rental use
📜 Ownership Details:
 • Leasehold: 27 Years (until March 2052)
 • Fully Furnished – Ready for Move-in
💰 Price: USD 220,000
 (Fixed Price – Excellent value in Berawa)
✨ Why Choose This Villa?
 🌴 Prime Berawa Location: Walkable to the area’s top lifestyle hotspots
 🏡 Move-In Ready: Enclosed layout, modern furnishings, private garden & pool
 📈 Strong ROI Potential: Sought-after rental area with solid returns
 🚗 Practical Design: Parking, storage, laundry, and cozy garden included
 📃 Clear Ownership: Long leasehold with legal documentation in place
📞 Contact 8 Degree Real Estate today to schedule your private viewing of this rare opportunity in central Berawa — the perfect fusion of lifestyle and investment!",Property listing,1,220000,0,,8 Degree
8D2563,8D2563 - Mottram Villa (Ungasan),"🏡 Stylish Contemporary Villa with Sauna in Tranquil Ungasan – Limited Units Available
Discover an exceptional off-plan villa designed for tropical family living in peaceful Ungasan. Located just minutes from Bali’s iconic beaches, fine dining, and wellness hubs, this modern Balinese-inspired residence blends architectural elegance with comfort and function. With only two units available, Mottram Villa offers a rare opportunity to own a thoughtfully designed home with wellness features like a private sauna and ice bath.

📍 Location: Ungasan, South Bali
Views: Tranquil residential surroundings with upstairs panoramic vistas

🏡 Villa Features:
• Land Size: 300m² (3 Are)
• Building Size: 190m²
• Bedrooms: 3
• Bathrooms: 3.5
• Fully Furnished – Contemporary tropical Balinese style
• Living Areas: Spacious enclosed living room, projector-ready
• Kitchen: Modern island kitchen with premium appliances
• Wellness Facilities: Private sauna and ice bath
• Smart Layout: High ceilings, floor-to-ceiling windows for natural light
• Parking: Dedicated space for car or scooters

🌿 Outdoor Amenities:
• Private Pool: U-shaped pool with sunken lounge and poolside bar
• Garden: Lush landscaping for a serene atmosphere
• Outdoor Guest Restroom

💰 Investment Potential:
• Leasehold: 27 years untill February 2052
• Extension: Guaranteed 15-year option at market rate
• Price: IDR 5,595,000,000
• Delivery: Completion expected November 2025
• Ideal for both family living and high-return rental investment

🗓️ Ownership Details:
• Title: Leasehold
• Construction: Starts February 2025
• Building Permit: IMB Rumah Tinggal

✨ Why Choose Mottram Villa?
🌴 Quiet Yet Strategic Location – Close to beach clubs, restaurants & gyms
🧖‍♂️ Wellness-Oriented – Includes private sauna, ice bath & pool bar
🪟 Bright & Breezy Design – Floor-to-ceiling windows and high ceilings
🏡 Family-Friendly Layout – All bedrooms ensuite with quality finishes
📈 Limited Availability – Only 2 units, high demand in Ungasan growth corridor

📞 Contact us now to reserve your unit and receive detailed floor plans and specifications.",Property listing,1,0,0,,8 Degree
8D2564,8D2564 - Pannonica Villa (Bingin),"🏡 FUTURISTIC 2-BEDROOM DESIGNER VILLA IN PECATU – FOR SALE 🌿
Discover an ultra-modern 2-bedroom villa that redefines tropical living with bold design, smart features, and premium comfort. Located in Pecatu, one of Bali’s most sought-after areas, this stylish residence is just minutes from Bingin and Padang Padang beaches, world-class resorts, and fine dining. With a long lease and high-end features—including a home cinema, vertical garden, and ambient LED lighting—this villa stands out as a rare investment opportunity.

📍 Location: Pecatu, Uluwatu – Bali
Views: Pool, Garden & Architectural Accents

🏠 Villa Features:
• Land Size: 400 m²
• Building Size: 130 m² (Single Level)
• 2 Bedrooms with ensuite bathrooms
• 2 Bathrooms total
• Enclosed Living Room with sunken lounge design
• Fully Furnished – Sleek, turnkey interiors
• Modern Open-Plan Kitchen & Dining Area
• Private Swimming Pool (8 x 4 meters / 32 m²)
• Home Cinema for immersive entertainment
• Vertical Garden – blending nature & architecture
• Open Carport

🌟 Amenities:
• LED Lighting Throughout for mood-enhancing ambiance
• Contemporary layout with high-end finishes
• Fully air-conditioned + modern appliances
• Reliable electricity & water supply
• IMB (PBG) on process – suitable for rental use
• Quiet and exclusive neighborhood in South Bali
• Just 10 minutes to beaches, 5 minutes to local markets, and 35 minutes to the airport

📜 Ownership Details:
• Leasehold: 30 Years (until January 2056)
• Year Built: 2025
• Land Title: Hak Sewa
• Fully Furnished – Ready for Move-in upon handover

💰 Price: IDR 6,000,000,000
(Fixed Price – Premium Value for Location & Design)

✨ Why Choose This Villa?
🌴 Prime Uluwatu Location: Near Bingin, Padang Padang & luxury venues
🏡 Statement Design: Sunken lounge, home cinema, vertical garden, LED mood lighting
📈 Investment Ready: Long lease, stylish concept, rental-friendly permits
🚗 Smart & Practical: Carport, entertainment areas, tranquil garden
📃 Clear Legal Standing: IMB (PBG) in process with secure leasehold title

📞 Contact 8 Degree Real Estate today to arrange a private viewing and secure this one-of-a-kind designer villa in the heart of Bali’s most exclusive lifestyle zone!",Property listing,1,0,0,,8 Degree
8D2569,8D2569 - Villa Tahlia (Pantai Lima),"🏡 MODERN TROPICAL 2-BEDROOM VILLA WITH ROOFTOP NEAR LYMA BEACH – PERERENAN, CANGGU 🌴
Step into effortless island living just 3 minutes from the sand at Lyma Beach. This stylish 2-bedroom tropical modern villa offers the perfect blend of luxury, comfort, and location in one of Bali’s most desirable emerging neighborhoods. With sunken living areas, a rooftop lounge, and open-plan flow, it's the ideal personal retreat or high-yield rental investment.

📍 Location: Pererenan, North Canggu – Bali
Views: Pool, Rooftop Lounge, Garden Outlook
📍 3 Minutes Walk to Lyma Beach – Prime Coastal Location

🏠 Villa Features:
• Land Size: 100 m² (1 are)
• Building Size: 165 m² across 2 levels
• 2 Spacious Bedrooms with Ensuite Bathrooms
• 2 Bathrooms Total + Vanity & Desk in Each Bedroom
• Fully Furnished – Move-In Ready
• Sunken Living Room with Open-Plan Layout & High Ceilings
• Modern Kitchen with Built-In Appliances
• Private Pool with Deck & Tropical Ambience
• Rooftop Lounge & Sunbathing Area – Ideal for Sunset Views
• Road Access: 3 Meters – Scooter-Friendly
• Completed in 2024

🌟 Lifestyle Amenities:
• Just 3 Minutes to Lyma Beach
• 5 Minutes to Baked, Shelter & Neighborhood Hotspots
• 10 Minutes to Crate, Secret Spot, Sensorium & Tanah Lot
• 13–15 Minutes to Berawa, Atlas & Finns Beach Club
• Quiet Pocket in a Vibrant Lifestyle Corridor
• Surrounded by Top Cafés, Yoga Studios, and Beach Clubs
• Thoughtful Design with Indoor-Outdoor Flow
• Rooftop Terrace Offers Private Entertaining & Sunset Lounge

📜 Ownership Details:
• Leasehold: 25–26 Years
• Land Title: Hak Sewa
• IMB/PBG: In Process
• Year Built: 2024
• Property Status: Completed & Ready

💰 Price:
• IDR 3.95 Billion (~USD 245,000)
• All transactions in IDR. USD shown for reference only.

✨ Why Choose This Property?
🏖️ 3 Minutes to the Beach: Prime walkable location in Pererenan
🏡 Smart Design: Sunken living, rooftop lounge, pool, and more
📈 Strong ROI Forecast: Perfect for short-term or boutique-style rental
🚗 Low-Maintenance Living: Compact land, premium layout & materials
📃 Long-Term Value: 25–26-year lease in an A-grade location with high demand

📞 Contact 8 Degree Real Estate today to schedule your private viewing of this beautiful villa — a stylish turnkey retreat in the heart of Pererenan’s most walkable beachside zone.",Property listing,1,245000,0,,8 Degree
8D2571,8D2571 - Casa Palma (Berawa),"Berawa Breeze Villas – 3BR Mediterranean-Inspired Retreats Just Steps from the Beach 🌴☀️
Experience the ultimate fusion of tropical living and Mediterranean charm in these rare 3-bedroom villas located just 500 meters from Berawa Beach. Surrounded by Canggu’s most popular cafés, restaurants, and beach clubs, these villas offer the perfect blend of lifestyle, comfort, and investment potential in one of Bali’s hottest neighborhoods.

📍 Location: Berawa, Canggu – Prime coastal address just a short walk to the beach

🌿 Surroundings: Set in a vibrant yet peaceful enclave, close to L’Osteria Pizza, international schools, and wellness hotspots

🏡 Villa Features
Mediterranean Aesthetics, Rooftop Lounges & Modern Comfort
• Price: USD 325,000
• Leasehold: 25 years (until 2050)
• Land Size: 200 m²
• Building Size: 235 m²
• Bedrooms: 3 bedrooms, all ensuite
• Bathrooms: 3
• Living: Enclosed living and dining area with bright interiors
• Kitchen: Open-plan, modern kitchen fully equipped
• Pool: 9 x 2 meter private pool with sundeck
• Rooftop: Spacious terrace ideal for yoga, BBQs, or sunset cocktails
• Balcony: Yes (upper bedrooms with direct access)
• Outdoor Shower: Yes
• Storage: Yes
• Parking: Motorbike parking on-site, car parking nearby
• Water: Drilled well
• Electricity: 7,700 watts
• Internet: Fiber optic
• Air Conditioning: 4 units
• Furnishing: Fully furnished and turnkey
• IMB: Pondok Wisata (commercial license), 1 unit in process
• Zone: Tourism zoning – short-term rental permitted

🌟 Lifestyle & Location Highlights
• 2–5 minute walk to Berawa Beach and beach clubs like Finns
• Surrounded by cafés, restaurants, coworking spaces, boutiques, and gyms
• Rooftop terraces offer outdoor lifestyle potential with privacy
• Family-friendly location close to international schools
• Quiet street just off the main road – perfect balance of access and serenity
• High daily rental demand area with consistent occupancy

💼 Investment Potential
• Proven rental income – one unit is a running, profitable short-term rental business
• Ideal for lifestyle investors seeking both personal use and returns
• Flexible indoor-outdoor living attracts digital nomads and vacationers alike
• Limited inventory in central Berawa makes this a high-demand asset
• Built in 2020 or newer – low maintenance and ready to operate

✨ Why Choose Berawa Breeze Villas?
🌊 Walk to the Beach – Prime location 500m from Berawa’s shoreline
🏡 Mediterranean Style – Arched lines, light interiors, and outdoor flow
🌴 Rooftop Living – Space to entertain or unwind under the stars
📈 Strong ROI – High-performing rental area with tourism license and turnkey setup

📞 Contact us now to schedule a private viewing or request the brochure. With limited availability, these Berawa villas won’t stay on the market for long.",Property listing,1,325000,0,,8 Degree
8D2572,8D2572 - Feels Dreamland (Bingin),"Modern Coastal Minimalism in Bingin & Dreamland – Sleek 2–3BR Villas in Prime Uluwatu Beaches Corridor 🌊🌴
Embrace stylish tropical living with this collection of modern villas located between Bingin and Dreamland, Bali. Each villa is crafted with minimalist elegance, open-plan design, and lush surroundings—ideal for discerning homeowners or savvy investors. Whether you seek a cozy 2-bedroom retreat, these villas deliver unbeatable value, prime locations, and long-term lifestyle returns.
📍 Location: Between Bingin & Dreamland, Pecatu – Access to Bali’s most iconic beaches including Balangan, Padang Padang & Uluwatu

🌿 Surroundings: Quiet green zones, nestled in peaceful cul-de-sacs, yet minutes from restaurants, beach clubs, yoga studios, and golf courses

🏡 Villa Features
Clean Lines, Coastal Air & Everyday Comfort
• Land area: 126.66 m2 - 150.32 м2
• Villa Build area: 136.8 м2
• Bedrooms: 2 bedrooms with stylish ensuite bathrooms
• Living Areas: Closed living rooms with sliding glass doors for seamless indoor-outdoor living
• Kitchen: Fully equipped modern kitchens with quality finishes and integrated appliances
• Pool: Private swimming pools with landscaped gardens and shaded relaxation zones
• Terraces: Expansive terraces for outdoor lounging, dining, and entertaining
• Extras:
 – Fully furnished with curated interiors
 – Dedicated garage or secure parking
 – Cozy architectural details like reading nooks and functional multi-use spaces
 – High-speed internet and modern plumbing with filtered well water
• Water Source: On-site well with filtration suitable for drinking

🌟 Lifestyle & Location Advantages
• 2–3 minutes to Dreamland, Bingin, and Balangan Beaches
• Close to golf course, cafes, surf spots, spas, and cultural venues
• Quiet, green neighborhood with limited traffic – perfect for relaxation and privacy
• Rapidly developing area with high return potential and boutique community atmosphere
• Designed for both permanent living and holiday rentals

💼 Ownership, Developer & Investment Overview
• Starting Price: USD $270,000)
• Contract:
 – Leasehold 20 years (extendable 15 yrs)
• Construction Timeline:
 – Ready-built options available
 – New build delivery from Q3 2025
• Developer: Delivered by a reputable boutique builder focused on timeless tropical design and client-focused delivery. Their record includes successful villas across Pecatu and Uluwatu with a reputation for efficiency, modern styling, and rental-ready finishes.
• Investment Potential:
 – ROI up to 17% through daily or monthly rentals
 – Rare pricing in a booming beachside corridor
 – Strong exit potential with modern architectural appeal and lease extension options

✨ Why These Villas Are a Smart Choice
🏡 Flexible Options – Choose between 2BR or 3BR layouts with fully furnished interiors and private pools
📍 Unbeatable Beach Access – Walk or drive to Bali’s best surfing, sand, and sunsets
💼 Secure Investment – Long-term lease with solid ROI and reputable developer
🛠️ Move-In or Rent-Out Ready – Available now or by early 2025 depending on unit
📞 Secure limited pricing while units last! Request a brochure or book your private showing today. Let us help you own a slice of Bali’s most desirable coastal living zone.",Property listing,1,270000,0,,8 Degree
8D2576A,8D2576 - Sem Village (Seminyak),"🏡 MODERN TROPICAL 3-BEDROOM VILLA IN PRIME SEMINYAK LOCATION 🌴

Experience effortless island luxury in the heart of Bali’s most iconic lifestyle district. Nestled in a golden zone of Seminyak, this off-plan 3-bedroom villa blends sleek tropical design with everyday comfort and high investment potential. With a private pool, open living concept, and stylish finishes throughout, this is your opportunity to secure a secure, flexible property with up to 11% projected ROI.

📍 Location: Seminyak, Bali
Views: Tropical Garden & Pool Outlook
📍 7 Minutes to La Favela – Prime Central Location

🏠 Villa Features:
• Land Size: Approx. 100–120 m²
• Building Size: Approx. 150+ m²
• 3 Bedrooms with Ensuite Bathrooms
• Open-Plan Living & Dining Area
• Fully Equipped Kitchen
• Private Swimming Pool & Lush Garden
• Fully Furnished – Move-In Ready Upon Completion
• Secure Residential Complex with 24H Security
• Road Access: 3 Meters (Scooter & Car Friendly)
• Construction: Off-Plan – Delivered As Shown in Photos

🌟 Lifestyle Amenities:
• 7 Minutes to La Favela
• 10 Minutes to Seminyak Beach
• 11 Minutes to Seminyak Village
• 12 Minutes to Motel Mexicola
• 20 Minutes to Ngurah Rai International Airport
• Surrounded by World-Class Cafés, Shops & Beach Clubs
• Quiet but Connected – Ideal for Living or Profitable Renting

📜 Ownership Details:
• Leasehold: 25 Years + 25-Year Guaranteed Extension
• Project Name: Sem Village Seminyak (3rd Project by Sinergi Group)
• Construction Status: Off-Plan (6 Units Remaining Out of 11)
• Rental Management: Optional – Owner-Managed or via Sinergi

💰 Price:
• Starting from IDR 3.85 Billion (~USD 230,000)
• All transactions in IDR. USD shown for reference only.

✨ Why Choose This Property?
📍 Prime Seminyak Address: Walkable to top cafés, beach clubs & boutiques
🏡 Turnkey Tropical Comfort: Private pool, open design, stylish interiors
📈 High ROI Potential: Up to 11% annual returns in Bali’s busiest zone
🔑 Flexible Ownership: Live in or rent out, with full furnishing & management
📃 Secure Long-Term Lease: 25 years with guaranteed 25-year extension

📞 Contact 8 Degree Real Estate today to secure your Seminyak tropical haven — a stylish, high-yield investment in one of Bali’s most prestigious neighborhoods.",Property listing,1,230000,0,,8 Degree
8D2576B,8D2576B - Sem Village (Seminyak),"🏡 MODERN TROPICAL 2-BEDROOM VILLA IN PRIME SEMINYAK LOCATION 🌴

Step into stylish island living with this off-plan 2-bedroom villa nestled in the heart of Seminyak — one of Bali’s most iconic and vibrant lifestyle districts. With a tropical-modern design, private pool, and thoughtful layout, this villa offers a perfect blend of comfort, investment potential, and affordability.

Whether you're seeking a private residence or a high-return rental property, this opportunity delivers unbeatable value in a sought-after central location.

📍 Location: Seminyak, Bali
📍 7 Minutes to La Favela – Quiet Lane Near Cafés, Beach Clubs & Boutiques

🏠 Villa Features:
• Land Size: 122 m²
• Building Size: 93 m²
• Bedrooms: 2
• Bathrooms: 2
• Semi-Furnished
• Open Living & Dining Area
• Private Swimming Pool
• Tropical Garden View
• Road Access: 3-meter wide (car & scooter friendly)
• Secure Complex with 24-Hour Security
• Construction: Off-plan – Delivered as shown in visuals

🌴 Lifestyle Convenience:
• 7 minutes to La Favela
• 10 minutes to Seminyak Beach
• 11 minutes to Seminyak Village
• 12 minutes to Motel Mexicola
• 20 minutes to Ngurah Rai International Airport
• Surrounded by trendy cafés, boutiques, and beach clubs
• Ideal for personal living or profitable rental investment

📜 Ownership Details:
• Leasehold: 25 years + guaranteed 25-year extension
• Project: Sem Village Seminyak (3rd project by Sinergi Group)
• Availability: 6 units remaining (out of 11 total)
• Rental Management: Optional – owner-managed or via developer

💰 Price:
• USD 129,412 (~IDR 2,200,000,000)
• All prices in IDR – USD for reference only

🧾 Payment Terms:
• 10% Down Payment
– Payable within 1–7 days (reduced by booking fee amount)
• 20% 2nd Instalment
– After due diligence & signing of Sales and Purchase Agreement (construction begins)
• 15% 3rd Instalment
– At 30% construction progress (foundation, wall structure, pool base underway)
• 15% 4th Instalment
– At 50% progress (cladding, roof frame, electrical lines, tile selection)
• 15% 5th Instalment
– At 70% progress (pool near complete, walls painted, ceramic & frame install begins)
• 15% 6th Instalment
– At 90% progress (finishing touches, furniture placement, décor installation)
• 10% Final Payment
– At 100% completion (fully finished, ready for handover with full furnishings and landscaping)

✨ Why This Villa Stands Out:
📍 Prime Seminyak Location – Walkable to top hotspots
🌿 Tropical-Modern Design – Private pool, breezy layout, peaceful garden
📈 Affordable Price Point – Excellent value for this area
📃 Secure Long-Term Lease – With extension guaranteed
🔑 Flexible Use – Perfect for a second home or rental income generator

📞 Contact 8 Degree Real Estate today to reserve your Seminyak villa at early pricing before it’s gone.",Property listing,1,129412,0,,8 Degree
8D2577,8D2577 - Villa Sand Seseh,"🏡 MODERN 3-BEDROOM VILLA WITH OFFICE IN SERENE SESEH – LEASEHOLD OR FREEHOLD 🌿

Step into peaceful modern living just 13 minutes from the beach in the tranquil residential enclave of Seseh. This newly built 3-bedroom villa combines contemporary design, enclosed living, and a lush garden setting—perfect for personal use or as a high-return investment property. With spacious interiors, a private office, and a generous swimming pool, this home delivers the ideal blend of comfort, style, and functionality.

📍 Location: Seseh, Bali

Views: Pool & Tropical Garden
📍 13 Minutes to Seseh Beach – Quiet Residential Zone

🏠 Villa Features:
• Land Size: 150 m²
• Building Size: 132 m² across 2 levels
• 3 Bedrooms with Ensuite Bathrooms
• Additional Office / Multipurpose Room
• 3 Bathrooms Total
• Fully Furnished – Brand New Build (2024)
• Enclosed Living Room with Flexible Kitchen/Dining Setup
• Large Private Swimming Pool (7.2m x 2.8m)
• Balcony + Garden Area for Relaxation
• Closed Indoor Parking for Motorcycles
• 4 Air Conditioners Installed
• Water Source: Drilled Well
• Fiber Optic Internet Ready

🌟 Lifestyle Amenities:
• 13 Minutes to Seseh Beach & Coastal Cafés
• Peaceful Residential Environment – Ideal for Families or Long-Stay Living
• Surrounded by Rice Fields, Local Culture & Emerging High-End Developments
• Quiet Street Access – Secure and Secluded
• Contemporary Design with Quality Finishes
• Versatile Layout Suited for Remote Work or Entertaining

📜 Ownership Details:
• Leasehold: 27 Years (Hak Sewa) – IDR 3 Billion
• Freehold Option: IDR 4.3 Billion (Hak Milik)
• Year Built: 2024 – Newly Completed
• Land Title: Leasehold or Freehold Available
• IMB/PBG: On Request

💰 Price:
• Leasehold: IDR 3 Billion (~USD 185,000)
• Freehold: IDR 4.3 Billion (~USD 257,000)
• All transactions in IDR. USD for reference only.

✨ Why Choose This Property?
🏡 Brand New Construction: Ready to move in with stylish modern design
🖥️ Extra Office Space: Ideal for remote work or creative studio
📈 Investment Flexibility: Choose leasehold or freehold in an up-and-coming area
🌴 Private Oasis: Enclosed living, lush garden, and generous pool
📃 Long-Term Value: Rare opportunity in peaceful, fast-growing Seseh

📞 Contact 8 Degree Real Estate today to schedule a private tour of this modern villa in Seseh—your tranquil tropical retreat just minutes from Bali’s scenic coast.",Property listing,1,257000,0,,8 Degree
8D2578,8D2578 - Onnea Villa (Berawa),"🏡 MEDITERRANEAN-INSPIRED 2-BEDROOM VILLA IN THE HEART OF BERAWA – FREEHOLD & LEASEHOLD OPTIONS 🌴
 Discover timeless design and high-return potential with this stylish 2-bedroom villa located in the heart of Berawa—just minutes from Bali’s top beaches, beach clubs, and lifestyle destinations. With soft Mediterranean curves, archways, and a semi-indoor plunge pool, this newly built villa is both a design statement and a proven investment in one of Bali’s most sought-after rental zones.
📍 Location: Berawa, Canggu – Bali
 Views: Pool Courtyard & Tropical Garden
 📍 5 Minutes to Berawa Beach – Walk to Finns, Café Del Mar & Top Restaurants
🏠 Villa Features:
 • Land Size: 112 m²
 • Building Size: 162 m² across 2 levels
 • 2 Spacious Bedrooms with Ensuite Bathrooms
 • Additional Guest Toilet
 • Semi-Indoor Plunge Pool (4 m x 3 m) with Central Courtyard
 • Mediterranean Arched Accents Throughout Bedrooms, Bathrooms & Pool Area
 • Enclosed Living, Dining & Kitchen Area
 • Fully Furnished – Completed in 2024
 • Bathtubs + Rain Showers in Both Bathrooms
 • Private Parking for 1 Car
 • Fully Equipped Kitchen with Modern Appliances
 • Balcony from Master Bedroom
 • 3 Air Conditioners, Drilled Well Water Supply
🌟 Lifestyle Amenities:
 • 100–400m to Raw Gym, Brunch Club, Montessori School & Baked
 • 5-Minute Drive to Finns Beach Club, Body Factory & Atlas Beach Fest
 • 15 Minutes to Café Del Mar, Seminyak & Canggu Shortcuts
 • High Holiday Rental Demand – Proven Occupancy Rates over 90%
 • Unique Layout with Indoor-Outdoor Flow
 • Perfect for Couples, Digital Nomads or Holiday Letting
📜 Ownership Details:
 • Freehold (Hak Milik): IDR 5.8 Billion (~USD 351,000)
 • Leasehold (Hak Sewa): IDR 4.5 Billion (~USD 273,000) for 30 Years
 • Year Built: 2024
 • IMB/PBG: In Process
 • Property Status: Fully Completed & Move-In Ready
💰 Price Options:
 • Freehold: IDR 5.8 Billion
 • Leasehold: IDR 4.5 Billion (30 years)
 • All transactions in IDR. USD shown for reference only.
✨ Why Choose This Property?
 📍 Unbeatable Berawa Location: Walk to cafés, gyms, schools & beach
 🏛️ Mediterranean Charm: Elegant arches, tiled textures & sun-soaked pool
 📈 Strong ROI: Ideal for short-term rentals with exceptional performance data
 🚧 Turnkey Opportunity: Fully built, furnished & ready for use or rental
 📃 Flexible Ownership: Freehold & Leasehold options available in a blue-chip location
📞 Contact 8 Degree Real Estate today to request more details or schedule a private viewing of this Mediterranean-inspired gem—perfectly positioned in Berawa’s most dynamic lifestyle corridor.",Property listing,1,351000,0,,8 Degree
8D2579,8D2579 - Naji Villa (Pererenan),"🏡 MODERN TROPICAL 2-BEDROOM FREEHOLD VILLAS IN PERERENAN – BALI 🌴

 Step into a peaceful lifestyle oasis with these brand-new 2-bedroom villas, nestled in a quiet residential pocket of Pererenan—just minutes from Bali’s best beaches, cafés, and wellness hubs. With a tropical modern design, enclosed living, and private pools surrounded by lush greenery, these villas offer an ideal balance of stylish living and secure investment.
📍 Location: Pererenan, Canggu – Bali
 Views: Private Pool, Garden & Balcony
 📍 5 Minutes to Pererenan Beach – Prime Quiet Neighborhood
🏠 Villa Features:
 • Land Sizes: 153–161 m²
 • Building Sizes: 115–121 m² across 2 levels
 • 2 Spacious Bedrooms with Ensuite Bathrooms
 • Additional Guest Toilet + Storage Room
 • Fully Furnished – Move-In Ready
 • Enclosed Living & Dining Areas with Natural Light
 • Modern Kitchen with Premium Finishes
 • Private Swimming Pool with Daybeds & Garden Views
 • Cozy Poolside Gazebo for Lounging
 • Balcony off Master Bedroom
 • Open Parking Space for Cars & Bikes
 • Air Conditioning in All Rooms (3 units)
 • Fiber Optic Internet + Drilled Well Water Supply
 • Year Built: 2024
🌟 Lifestyle Amenities:
 • Tranquil Residential Zone in High-Growth Pererenan
 • Minutes to Pererenan Beach – Ideal for Surfing & Sunsets
 • Nearby Cafés: Baked, Mason, Pescado, Honey
 • Close to Yoga Studios & Fitness Centers (The Practice, Avenue Fitness)
 • Easy Access to Echo Beach, Batu Bolong & Berawa
 • Perfect for Full-Time Living, Holiday Home, or Boutique Rental
 • Seller Open to Special Deals for Buyers Interested in Multiple Units
📜 Ownership Details:
 • Ownership: Freehold (Hak Milik – for Indonesian citizens or via PMA structure)
 • Land Title: IMB On Request
 • Property Status: Completed – Brand New in 2024
💰 Price:
 • From USD 338.000
 • Multiple units available with slight size and price variations
 • All transactions in IDR. USD shown for reference only.
✨ Why Choose This Property?
 📍 Prime Pererenan Location: Quiet yet close to Bali’s lifestyle hotspots
 🏡 Brand-New & Stylish: Modern interiors, garden pool, gazebo & more
 📈 Investment-Friendly: Secure freehold in high-demand rental area
 💼 Multi-Unit Opportunity: Ideal for residence, rental portfolio, or resale
 📃 Flexible Ownership: Freehold or PMA structures available for foreigners
📞 Contact 8 Degree Real Estate today to schedule a private viewing or request details on available units—your tropical sanctuary awaits in one of Bali’s most desirable neighborhoods.",Property listing,1,338000,0,,8 Degree
8D2580,8D2580 - Josh Villa Toyaning,"🏡 MODERN TROPICAL 1-BEDROOM VILLA IN TOYANING, UNGASAN – FREEHOLD & LEASEHOLD OPTIONS 🌴
 Escape to relaxed island living with this stylish 1-bedroom tropical villa located in the emerging area of Toyaning, Ungasan. Part of a gated 8-villa complex, this brand-new property blends modern design with practical comforts, ideal for residential living or high-yield rental. Just minutes from Bali’s best beaches, dining, and iconic beach clubs.
📍 Location: Toyaning, Ungasan – Bali
 Views: Garden & Distant Ocean Outlook
 📍 10–15 Minutes to Melasti Beach, Sundays Beach Club & Savaya
🏠 Villa Features:
 • Land Size Options: 80–120 m²
 • Building Size: 90 m² over 2 floors
 • 1 Spacious Suite Bedroom
 • 2 Bathrooms (1 Ensuite + 1 Guest Bathroom)
 • Semi-Furnished with Optional Upgrade
 • Enclosed Living Room with High Ceilings
 • Modern Kitchen & Dining Area
 • Plunge Pool (3 m x 2 m) with Pool Deck
 • Garden Space for Relaxation
 • Balcony with Elevated Views from Second Floor
 • Shared Carport + 4-Meter Road Access
 • Fiber Optic Internet + PDAM Water Supply
 • Electricity: 3,500 watts
 • Yellow Zoning – Residential Title
🌟 Lifestyle Amenities:
 • Private Gated Complex – 8 Villas (Only 5 Units Left)
 • Quiet Yet Strategic Location Near Uluwatu, Jimbaran & Bukit Area
 • Proximity to Top Cafés, Beach Clubs, and Fitness Centers
 • 10 Minutes to GWK Cultural Park, 15–20 Minutes to Airport
 • Ideal for Daily Rental or Long-Term Living
 • Solid Construction with Practical Indoor-Outdoor Flow
 • Construction in Progress – Estimated Completion Mid 2025
 • Booking Fee: IDR 10,000,000
📜 Ownership Details:
 • Freehold (SHM) or Leasehold (25 Years + Optional Extension)
 • Building Permit (IMB / PBG) – In Process
 • Property Status: Under Construction (Indent / Development Phase)
 • All Utilities (PDAM, Fiber Internet, Electricity) Included
💰 Price Options:
 • Leasehold: IDR 1.9 Billion (~USD 115,000) – 25 Years
 • Freehold: IDR 2.5 Billion (~USD 151,000)
 • All transactions in IDR. USD shown for reference only.
✨ Why Choose This Property?
 📍 Strategic Ungasan Location: Easy access to beaches, clubs & restaurants
 🏡 Tropical Comfort: Two floors, plunge pool, modern finishes & balcony views
 📈 Investment-Ready: Strong ROI potential in fast-growing Bukit tourism zone
 🚧 Gated Complex: 8 units with private access & professional build quality
 📃 Flexible Ownership: Freehold or leasehold with zoning and permits in place
📞 Contact 8 Degree Real Estate today to reserve your unit or schedule a site visit—an affordable, stylish tropical villa awaits in one of South Bali’s most promising investment corridors.",Property listing,1,151000,0,,8 Degree
8D2581,8D2581 - Dzen Villa (Ubud),"🌿 Modern 2-Bedroom Villas in Ubud – Serene Living Meets Smart Investment Potential

Welcome to a peaceful sanctuary in the heart of Ubud, Bali’s cultural and spiritual hub. These newly built and off-plan 2-bedroom villas blend stylish modern design with tropical charm, offering the perfect space for full-time living, relaxing holiday escapes, or high-performing investment properties.Nestled in a quiet residential enclave just minutes from Ubud’s vibrant cafés, yoga studios, and wellness centers, these villas enjoy lush views and the tranquility of the surrounding rice fields. With a choice of fully furnished or customizable interiors, each villa has been thoughtfully crafted for comfort, privacy, and rental appeal.

📍 Location: Ubud, BaliViews: Rice fields, garden, and pool
https://maps.app.goo.gl/zfF1jaSaYV8fEy838?g_st=iwb

🏡 Villa Features:
* Land Size: 177 – 180 m²
* Building Size: 117 – 133 m²
* Bedrooms: 2 – Each with ensuite bathrooms
* Bathrooms: 2
* Fully Furnished or Optional Furniture Package
* Living Areas: Bright enclosed living, dining & kitchen spaces
* Design: Contemporary tropical with natural wood & stone finishes
* Floors: 2-storey villas with glass façade and balcony
* Parking: Open car park
* IMB: Pondok Wisata (Ideal for rental licensing)

🌴 Outdoor Amenities:
* Private Swimming Pool
* Tropical Garden & Poolside Deck* Balcony with Views
* 2 Remaining Units in New Development
* Exclusive 10-Villa Complex (Freehold or Leasehold Options Available)

💰 Investment Potential:
* Leasehold: Up to 80 Years (Extendable)
* Pricing: Starting from USD 306,000 – USD 399,000
* Strong Rental Demand in Ubud’s Fast-Growing Market
* Ideal for Holiday Letting or Boutique Wellness Retreats
* Pondok Wisata License: Enables daily rentals
* Flexible Ownership: Freehold or leasehold available
* Construction Year: 2025 (Brand New / Off-plan Options)

🗓️ Ownership Details:
* Leasehold Up to: 2105 (80 years)
* Freehold Option: Yes
* Titles: Freehold or Leasehold
* Availability: 2 Units Left Only – Act Fast!

✨ Why Choose These Villas?
🌾 Prime Ubud Location – Close to nature, yoga centers & local culture
💼 Investment-Ready – Licensed for rentals with high ROI potential
🌴 Indoor-Outdoor Living – Tropical design with pool and garden views
🛏 Fully Furnished – Move-in ready or design it your way
📈 Long Leasehold – Up to 80 years, rare in Bali’s villa market
📞 Contact us today to reserve your unit and receive full availability & viewing schedule!",Property listing,1,399000,0,,8 Degree
8D2591,8D2591 - Twin Villa (Seminyak),"Modern 2BR Villa in the Heart of Oberoi – Prime Seminyak Location
Stylish, Smart Home with High-End Finishes – Walking Distance to the Best of Seminyak

Location: Gang Kahyangan, Oberoi – Seminyak, Bali
– 3-minute scooter ride to Ku De Ta Beach, Si Jin, La Favela, Church & Seminyak Square
– 3-minute walk to Ultimo, Kilo, La Lucciola, Revolver Espresso
– 5-minute walk to supermarket
– 10-minute walk to Potato Head, W Hotel, Pison
– 30-minute drive to Ngurah Rai International Airport

Property Details
– Land Size: 95.6 m²
– Building Size: 108.5 m²
– Bedrooms: 2
– Bathrooms: 2
– Enclosed Living and Dining Area
– Full Interior Design & Finishing
– Kitchen with Refrigerator & Smart TV
– High-speed Internet
– Smart Home System (Lighting & CCTV)
– Wireless Speaker System
– Built with High-Quality Materials
– King Koil Beds

Offered Fully Furnished

Leasehold: 23 years
Price: IDR 4,500,000,000

A rare opportunity to own a beautifully finished, tech-integrated villa in Bali’s most iconic lifestyle district. Contact us for more details or to schedule a viewing.",Property listing,1,0,0,,8 Degree
8D2592,8D2592 - Villa Kanan & Kiri (Seminyak),"Modern Elegance in Seminyak – Prime Location, Tranquil Living & Long Leasehold Value

Step into contemporary Bali living with this stylish newly built villa nestled in a peaceful residential pocket of Seminyak. Just minutes from the vibrant hubs of Seminyak and Canggu, this fully furnished two-bedroom home with additional maid quarters offers the perfect balance between serene privacy and urban accessibility. Surrounded by tropical greenery, this villa provides a quiet lifestyle with easy access to Bali’s top beaches, restaurants, shops, and international schools.

📍 Location: Residential charm with fast access to Kerobokan and Canggu

🏞️ Views: Greenery and open sky, offering a calming environment
🏡 Villa Features:

Modern Villa – Functional Design with Thoughtful Finishes
• Land Size: 150 m²
• Building Size: 198 m² over two floors
• Bedrooms: 2 + 1 maid room
• Bathrooms: 2 ensuite + 1 guest toilet
• Living & Dining: Enclosed, well-ventilated spaces perfect for indoor comfort
• Kitchen: Fully equipped modern kitchen
• Extra Rooms: Storage, workspace, and BBQ area on second floor
• Pool: 3m x 6m private swimming pool
• Furnishing: Fully furnished with clean, modern decor
• Utilities: 7,700W electricity (upgradable), drilled well with water filter
• Year Built: June 2024
• Parking: Covered space for motorbike and car
• Pet Friendly: Yes

💰 Investment Potential:
• Ownership: Leasehold – 25 years until June 2050 (extendable)
• Price: EUR 195.000
• Turnkey Ready: Brand-new construction, move-in or rental ready
• Location Growth: Seminyak continues to rise in popularity for both residential and rental demand

✨ Why Choose This Villa?
• Peaceful location with close proximity to Bali's lifestyle hotspots
• Stylish new build with low-maintenance finishes and enclosed living comfort
• Long leasehold with strong mid- to long-term appreciation potential
• Ideal for families, digital nomads, or rental investors seeking value in a strategic area

📞 Contact us now to schedule a private viewing or request the full brochure. Live your Bali dream in one of the island’s most connected yet calming neighborhoods.",Property listing,1,0,0,,8 Degree
8D2594,8D2594 - Villa Zen (Berawa),"Modern 3BR Berawa Villa Blending Balinese Warmth & Industrial Design
Fully Furnished | 27-Year Leasehold | Investment-Ready

Located in a peaceful residential enclave of Berawa, this thoughtfully designed villa offers a seamless fusion of traditional Balinese charm and contemporary industrial aesthetics. Just minutes from Canggu’s top cafes, beach clubs, and international schools, it provides both lifestyle appeal and strong investment potential.

📍 Location: Berawa, Canggu – Bali
🌿 Surroundings: Walkable to expat hotspots, beaches, restaurants, and shops

🏠 Villa Features
• Land Size: 263 m²
• Building Size: 110 m²
• Bedrooms: 3 – Including one flexible room (office or bedroom)
• Bathrooms: 3
• Living Area: Open-plan living and dining space
• Kitchen: Modern kitchen with premium appliances
• Pool: 6 x 3 meter private pool
• Furnishing: Fully furnished
• Design: Contemporary with Balinese and industrial influence
• Comfort & Practicality:
 – Built in 2019 with high-quality construction
 – Full residential IMB (Rumah Tinggal)
 – Versatile layout for families, digital nomads, or rental guests

🏡 Community & Location Benefits
• Quiet, family-friendly area in Berawa
• Short walk to shops, cafes, fitness centers, and tourist amenities
• Close to Finns Beach Club, Atlas Beach Fest, and international schools
• Ideal for residential living, long-term tenants, or daily rentals
• Excellent infrastructure and neighborhood appeal

📜 Ownership & Investment
• Leasehold: 27 Years – Valid until July 2052
• Price: Approx. IDR 5,553,000,000
• Land Title: Hak Sewa
• Permit: IMB Rumah Tinggal
• Zoning: Residential
• Status: Fully furnished and ready for occupancy

✨ Why This Villa?
• Contemporary villa with strong Balinese character
• Turnkey investment in prime Berawa location
• Flexible layout ideal for rental or personal use
• Excellent value with long lease term
• Surrounded by lifestyle conveniences and expat amenities

📞 Contact us to schedule a private viewing or request the full brochure. This villa offers an attractive entry point into one of Bali’s most in-demand areas.",Property listing,1,0,0,,8 Degree
8D2595,8D2595 - Suma Villa (Balangan),"🏡 Modern 2BR Rooftop Villa Near Balangan Beach – Walk to Surf, Smart Investment Potential
Just 500 meters from the ocean and a short ride to Bali’s iconic surf spots, this stylish off-plan villa offers modern architecture, rooftop relaxation, and strong rental returns. Set within a serene complex near Balangan Beach, it’s designed for effortless island living—ideal for both lifestyle buyers and savvy investors.

📍 Location: Uluwatu – Balangan Beachside
Views: Lush tropical surroundings & rooftop breeze
Nearby: 2 mins to Balangan Beach, 6–15 mins to Bingin, Dreamland, Padang Padang, & Suluban

🏡 Villa Features:
• Land Size: 150 m²
• Building Size: 195 m² across 2 floors
• Bedrooms: 2 (both 22 m², en suite)
• Bathrooms: 2 large bathrooms (8 m² each)
• Living Areas: Enclosed living & dining room
• Kitchen: Fully enclosed with modern appliances
• Rooftop: 45 m² chill zone with sunset views, perfect for entertaining
• Pool: 12 m² private swimming pool
• Balcony: Yes
• Parking: Covered garage (fits 1 car)
• Water Source: PDAM & drilled well
• Electricity: 5,500 watts
• IMB: On request
• Furnishing: Fully furnished with high-end materials (UPVC, teak, Modena kitchen)

💰 Ownership & Pricing Options:
• Leasehold: 25 years – USD 229,000
• Freehold: USD 249,000 (80-year title)
• Completion Date: December 2025
• Zoning: Tourism (Pink Zone)
• Status: Off-plan – construction underway
• All prices include taxes

📈 Investment Highlights:
• Nightly Rate: ~USD 160
• Estimated Occupancy: 70–90%
• Monthly Profit Potential: USD 2,000–2,500
• Annual ROI: 10.5%–13.5%
• Estimated Payback: 7–9 years
• 25-Year ROI Potential: Up to USD 777,600

✨ Why Choose This Villa?
🌴 Prime Location – 500m from the ocean, minutes to Uluwatu’s surf, cafés & golf course
🏝️ Rooftop Lifestyle – 45 sqm open-air lounge for sunset BBQs and morning coffee
💼 Rental-Ready Design – Strong ROI with fully furnished interiors & modern layout
📊 Smart Investment – Multiple ownership options, tourism zoning, & low operating costs
🏫 Family-Friendly – Close to international schools & attractions

📞 Contact us to receive the full investment brochure or schedule a private viewing.",Property listing,1,249000,0,,8 Degree
8D25102,8D25102 - Teratai Villa,"🏡 MODERN 3-BEDROOM VILLA IN THE HEART OF BATUBOLONG, CANGGU 🌴

Discover a brand-new, fully furnished villa located in the vibrant center of Batubolong, Canggu. Just 5 minutes’ drive to Batubolong Beach and surrounded by world-class cafés, beach clubs, gyms, spas, and lifestyle hubs, this residence offers the perfect balance of comfort, style, and convenience. With both Freehold and Leasehold options available, it’s an ideal choice for homeowners and investors alike.
📍 Location: Central Batubolong, Canggu – Bali

Proximity: 5 min drive to Batubolong Beach | Steps to Bali Social Club (Padel & Wellness), cafés & restaurants

🏠 Villa Features:
• Land Size: ±120 m²
• Building Size: ±126 m² across 2 floors
• 3 Bedrooms with Ensuite Bathrooms (master with bathtub & pool view)
• Guest Toilet + Laundry Room
• Living Room & Dining Area
• Modern Kitchen with Quality Finishes
• Fully Furnished – Move-in Ready
• Private Swimming Pool with 2 Sun Loungers
• Carport for 1 Car + 2 Scooters
• Electricity: 7,700 VA
• Underground Cable Management

🌟 Lifestyle Benefits:
• Prime Batubolong location – close to beach, cafés, gyms & spas
• Green area development with one-gate system (2-car access)
• 24-hour security for peace of mind
• Modern design with high functionality and comfort
• Perfect for both family living and high-demand rental market

📜 Ownership Details:
• Options: Freehold (Hak Milik) or Leasehol
• Zoning: Yellow Zone
• Permits: PBG & SLF in process

💰 Price:
Freehold - IDR 5.500.000.000
Leasehold 25 years - 4.500.000.000

✨ Why Choose This Property?
🏖️ Strategic Batubolong Location – Bali’s most sought-after lifestyle hub
🏡 Brand-New & Fully Furnished – Turnkey convenience
📈 High ROI Potential – Perfect rental investment or private residence
🔒 Secure Living – 24-hour security with modern gated community
📞 Contact us today to schedule a private viewing of this brand-new villa in Batubolong, Canggu.",Property listing,1,0,0,,8 Degree
8D25106A,8D25106A - Casandra Villa 1 (Sanur),"🏡 Elegant Modern Villa Near Sanur Beach – Limited Availability
Experience contemporary living in the heart of Sanur’s serene residential area. Just minutes from the beach, malls, and vibrant dining spots, this off-plan villa offers a perfect blend of modern elegance and tropical comfort. With enclosed living spaces, private pool, and high-quality finishes, it’s designed for both personal enjoyment and strong rental potential. Completion is set for Sept 2025, making this a rare opportunity to secure a brand-new home in one of Bali’s most sought-after coastal towns.
📍 Location: Sanur, Bali
 Views: Quiet residential surroundings with a short ride to the beach
🏡 Villa Features:
 • Land Size: 108–113 m² (varies by unit)
 • Building Size: 109–138 m² (varies by unit)
 • Bedrooms: 3
 • Bathrooms: 3 ensuite + 1 guest toilet
 • Fully Furnished – Modern, high-quality finishes
 • Living Areas: Enclosed living & dining spaces
 • Kitchen: Fully equipped with modern appliances
 • Storage & Laundry Room
 • Smart Layout: Functional design with ample natural light
 • Internet: Fiber optic high-speed connection
 • Utilities: 16,600-watt electricity, drilled well water supply
🌿 Outdoor Amenities:
 • Private Swimming Pool with terrace & balcony
 • Minimalist landscaping for easy maintenance
💰 Investment Potential:
 • Leasehold: 29 years
 • Price Range: USD 335,500 – USD 425,700 (depending on unit)
 • Completion: Sept 2025
 • Ideal for residential use or premium rental investment
🗓️ Ownership Details:
 • Title: Leasehold
 • Building Permit: IMB Rumah Tinggal
 • Units Available: 4 villas
  - Villa 1: 110.30 m² land | 108.87 m² build | USD 335,500
  - Villa 6: 108.19 m² land | 120.86 m² build | USD 372,350
  - Villa 7: 112.51 m² land | 138.22 m² build | USD 425,700
  - Villa 8: 110.82 m² land | 127.42 m² build | USD 392,480
✨ Why Choose This Villa?
 🌴 Strategic Location – Minutes to Sanur Beach, Icon Mall, and dining hotspots
 🏡 Turnkey Living – Fully furnished with modern finishes
 💦 Relaxation Ready – Private pool & terrace for outdoor enjoyment
 📈 Strong ROI Potential – High-demand area for rentals and long-term stays
 🚤 Coastal Lifestyle – Easy access to marina, water sports, and day trips to Nusa islands
📞 Contact us today to secure your unit and receive floor plans, payment terms, and full specifications.",Property listing,1,425700,0,,8 Degree
8D25106B,8D25106B - Casandra Villa 2 (Sanur),"🏡 Premium Modern 2-Bedroom Villa with Rooftop in Prime Sanur – Limited Units Available
Discover an exclusive boutique villa complex in the heart of Sanur, offering a stylish blend of modern design, comfort, and investment potential. Just minutes from Sanur’s pristine beaches, vibrant dining scene, and wellness hubs, these villas feature private pools, spacious rooftop terraces, and high-quality finishes—perfect for both tropical living and strong rental returns. With only a few units remaining and completion set for 2025, this is a rare opportunity to secure a prime property in one of Bali’s most desirable coastal towns.
📍 Location: Sanur, Bali
 Views: Pool, garden, and rooftop ocean glimpses
🏡 Villa Features:
 • Land Size: 130–149.5 m²
 • Building Size: 88.7–113 m² (single story + rooftop)
 • Bedrooms: 2
 • Bathrooms: 2–3
 • Furnishing: Fully furnished with elegant, contemporary interiors
 • Living Areas: Enclosed living and dining spaces
 • Kitchen: Modern, fully equipped
 • Rooftop: Spacious terrace with BBQ area and lounge seating
 • Additional: Luxurious rooftop with ocean views (select units), garden space
 • Year Built: 2025
🌿 Outdoor Amenities:
 • Private Pool: Starting from 3 × 7 m
 • Landscaped garden for a serene tropical feel
 • Rooftop entertainment area with lounge and BBQ
 • Parking for car and motorbike
💰 Investment Potential:
 • Leasehold: 20 years & 40 years
 • Price Range: USD 264,000 (20 years lease) & USD 294.000 (40 years lease)
 • High rental demand in central Sanur location
 • Estimated completion: July – November 2025
🗓️ Ownership Details:
 • Title: Leasehold
 • Zone: Pink Zone (Tourism)
 • Construction: In progress
 • Building Permit: IMB Rumah Tinggal
✨ Why Choose This Villa?
 🌴 Prime Sanur Location – Minutes to the beach, cafes & markets
 🏡 Modern & Functional – Single-level layout + rooftop for entertaining
 🛋️ Fully Turnkey – Move-in ready with quality furnishings
 📈 Strong ROI Potential – Ideal for rentals or holiday home
 ☀️ Limited Availability – Secure your unit before completion
📞 Contact us now to reserve your villa and receive detailed floor plans and specifications.",Property listing,1,294000,0,,8 Degree
8D25109,8D25109 - Tiying Tutul Villa,"🏡 MODERN 3-BEDROOM VILLA IN QUIET PERERENAN COMPLEX 🌴
Discover a stylish two-storey villa located in the serene residential pocket of Pererenan, Canggu—just 10 minutes from Pererenan Beach. Set within a private villa complex, this home combines comfort, functionality, and convenience, making it perfect as a family residence or investment property. With modern finishes, rice field views, and complete furnishings, it’s ready for immediate move-in.

📍 Location: Pererenan, Canggu – Bali
Views: Rice field outlook
Proximity: 10 min drive to Pererenan Beach | Close to cafés, dining & fitness spots

🏠 Villa Features:
• Land Size: ±105 m²
• Building Size: ±152 m² (including pool)
• Two-Storey Villa
• 3 Bedrooms with 3 Bathrooms
• Enclosed Living & Dining Area with AC
• Kitchen with Complete Set + Dining Table (6–8 persons)
• Storage Room
• Fully Furnished – TV in Living Room & Bedrooms
• Hot & Cold Showers
• Electricity: 7,700 Watt
• Deep Well Water Supply

🌟 Outdoor Amenities:
• Private Swimming Pool (6m × 3m)
• Carport for 1 Car + 2 Scooters
• Peaceful Villa Complex Setting
• Next to Rice Field Views

📜 Ownership Details:
• Title: Freehold (Hak Milik)
• Zoning: Yellow Zone
• Permits: SLF in process

💰 Price:
• IDR 4,000,000,000 (Negotiable)

✨ Why Choose This Property?
🏖️ Strategic Location – 10 minutes to Pererenan Beach & lifestyle hubs
🏡 Turnkey Living – Fully furnished with modern comforts
🌾 Scenic Setting – Next to rice fields in a quiet villa complex
📈 Strong Investment – Freehold title in a high-demand area
🚗 Family-Friendly – Spacious layout with pool & car park

📞 Contact us today to arrange a private viewing of this modern villa in Pererenan, Canggu.",Property listing,1,0,0,,8 Degree
8D25110,8D25110 - Utopia Villa Seminyak,"🏡 STYLISH 3-BEDROOM VILLA IN SEMINYAK – PRIME LOCATION 🌴
Discover the perfect blend of modern elegance and tropical living with this brand-new 3-bedroom villa, completed in late 2024. Strategically located in Seminyak—Bali’s most sought-after lifestyle hub—this residence offers easy access to beaches, world-class dining, boutique shopping, and vibrant nightlife. Designed for both personal enjoyment and income potential, the villa presents a turnkey opportunity for investors and homeowners alike.

📍 Location: Bidadari, Seminyak – Bali
Views: Pool & balcony outlook
Proximity: 5 min to Seminyak Beach, 10 min to Kuta, 15 min to Canggu, 20 min to the Airport

🏠 Villa Features:
• Land Size: ±200 m²
• Building Size: ±270 m² across 2 floors
• Interior Size: ±225 m²
• 3 Bedrooms with Ensuite Bathrooms
• 3.5 Bathrooms Total (incl. Guest Toilet)
• Fully Furnished – Elegant Mediterranean Style
• Enclosed Living & Dining Room
• Modern Kitchen with Quality Appliances
• Private Pool (±8 × 3 m / 25 m²) + Gazebo (20 m²)
• Balcony Overlooking Quiet Residential Area
• Closed Parking Garage

🌟 Lifestyle Benefits:
• Central Seminyak location – steps from restaurants, shops & entertainment
• Mediterranean-inspired design with wood & white finishes
• Built for indoor-outdoor living with flexible enclosed spaces
• Turnkey ready – no construction wait
• Proven rental demand in Bali’s top tourist hub

📜 Ownership Details:
• Leasehold: 28 Years (Jan 2054) with 25-year extension option
• Land Title: Hak Sewa (Leasehold)
• Year Built: 2024 – Ready Built
• Zoning: Yellow Zone ✅

💰 Price:
• IDR 7,000,000,000 (~USD 370,000)
• All transactions in IDR; USD for reference only

✨ Why Choose This Property?
🏖️ Prime Seminyak Address – Bali’s most vibrant lifestyle hub
🏡 Mediterranean Elegance – Stylish design with turnkey finish
📈 Investment Potential – Strong ROI for short & long-term rentals
🚗 Convenience – Easy access to beaches, airport, and hotspots

📞 Contact us today to schedule a private viewing of this modern villa in the heart of Seminyak.",Property listing,1,370000,0,,8 Degree
8D25111,8D25111 - Hideaway Village Ubud,"🏡 LIMITED 1-BEDROOM POOL VILLA IN HIDEAWAY VILLAGE, UBUD 🌿
Tucked away in the lush greenery of Tegallalang, Ubud, this exclusive villa offers a rare opportunity to own a riverside sanctuary with panoramic tropical forest views. Surrounded by serene nature and complemented by 4-star resort facilities, the Hideaway Village is designed for those seeking peace, privacy, and wellness without compromising on comfort. Whether as a tranquil private retreat or a high-yield investment, this fully furnished villa provides an intimate living experience that harmonizes with Ubud’s enchanting landscape.
📍 Location: Tegallalang – Ubud, Bali

Views: Jungle & river valley

Proximity: 10 mins to Monkey Forest | 15 mins to Ubud Center & Tegalalang Rice Terraces | 25 mins to Tirta Empul

🏠 Villa Details:
• Land Size: 120 m²
• Building Size: 80 m²
• Bedroom: 1 en-suite
• Bathroom: 1 with bathtub
• Private swimming pool
• Fully furnished – ready to move in
• Car & motorbike parking
• Sound of the flowing river

🌟 Facilities & Lifestyle Features:
• Elegant lobby & reception
• Restaurants & bars
• Spa bale & wellness area (Yoga, Pilates)
• Romantic riverside dining experience
• Wedding venues & special event facilities
• Jungle track & creek access
• Relaxing deck with river & nature views

📜 Ownership Details:
• Title: Freehold (SHM)
• Status: Primary market – new build
• Furnishing: Fully furnished

💰 Price:
• Original Price: IDR 3,450,000,000
• Now Offered: IDR 2,850,000,000 (approx. USD 185,000)
(Transactions in IDR only – foreign currency for reference. Limited-time offer.)

✨ Why Choose This Villa?
🌿 Tranquil Setting – Surrounded by jungle & river views
🏡 Fully Furnished – Move-in ready with modern comfort
📈 Investment Value – Prime Ubud location with resort-style facilities
💎 Exclusive Lifestyle – Limited units, 4-star services & amenities
📞 Contact us today to secure your private villa in the heart of Ubud’s natural beauty.",Property listing,1,185000,0,,8 Degree
8D25112,8D25112 - Sun Villa Seminyak,"🏡 MODERN 2-BEDROOM LEASEHOLD VILLA IN THE HEART OF SEMINYAK ✨

Located in the vibrant yet peaceful area of Seminyak, this Mediterranean-inspired villa offers a perfect balance between modern comfort and tropical island living. Designed with a minimalist modern concept, it features spacious open-plan living, a private pool, and quality finishes throughout. Whether you’re looking for a personal residence or a profitable investment property, this villa is ideally positioned just minutes away from Bali’s most famous dining, nightlife, and beaches.

📍 Location: Seminyak – Bali
• Situated in a private housing complex
• 9 mins to La Favela | 11 mins to Seminyak Beach | 14 mins to Double Six Beach
• Surrounded by cafés, shopping, and lifestyle hubs

🏠 Villa Details:
• Land Size: 235 m²
• Building Size: 176 m²
• Bedrooms: 2 en-suite
• Bathrooms: 2
• Style: Mediterranean & Minimalist Modern
• Condition: Brand New (2025)
• Living & Dining: Open space concept
• Extra Room: Storage
• Swimming Pool: 3.5 × 9.4 m
• Parking: Car & motorbike (15 m² per villa)
• Access Road: 4 m wide

🛋 Furnishing & Utilities:
• Furnished: Semi-furnished (Full furnishing available with IDR 200M add-on)
• Air-conditioning: 2 units
• Electricity: 5,500 VA
• Water Source: Artesian well

🌟 Lifestyle Features:
• Private pool & garden with peaceful views
• Open-plan tropical living layout
• Bright interiors with modern finishes
• Located in Bali’s most sought-after lifestyle area

📜 Ownership Details:
• Title: Leasehold (24 years) with 25-year extension option
• Status: Brand new build (Primary market)

💰 Price:
• IDR 3,600,000,000
(Payment terms negotiable – transactions in IDR only)

✨ Why Choose This Villa?
🏝 Prime Seminyak Location – Close to beaches, nightlife & dining
🏡 Brand New Build – Ready for immediate occupancy
📈 Investment Value – High demand rental market in Bali’s top area
💎 Flexible Furnishing – Choose semi or fully furnished

📞 Contact us today to secure your 2-bedroom villa in Bali’s most desirable neighborhood.",Property listing,1,0,0,,8 Degree
8D25114,8D25115 - Dharma Villa Tiying Tutul,"🌾 MODERN 2-BEDROOM VILLA WITH STUNNING RICE FIELD VIEWS IN PERERENAN 🌅

Experience tranquil island living in this beautifully designed 2-bedroom leasehold villa, nestled in the peaceful heart of Pererenan. This modern 2-storey villa combines stylish architecture with panoramic rice paddy views, offering a perfect blend of privacy and serenity just moments from Canggu’s vibrant cafes, restaurants, and beaches. Ideal as a private residence or a smart investment property in one of Bali’s most desirable locations.

📍 Location: Pererenan – Bali
* Surrounded by lush rice paddies in a peaceful residential enclave
* Just minutes to cafés, yoga studios, and local shops
* 5 mins to Pererenan Beach | 10 mins to Echo Beach | 15 mins to Batu Bolong

🏠 Villa Details:
* Land Size: 100 m² (1 are)
* Building Size: 120 m²
* Bedrooms: 2 en-suite
* Bathrooms: 2
* Style: Contemporary tropical with natural light-filled interiors
* Levels: 2-storey villa
* Living & Dining: Enclosed sunken living area
* Kitchen: Fully equipped modern kitchen
* Swimming Pool: Private with views
* Balcony: Overlooking expansive rice fields
* Parking: Bike parking

🛋 Furnishing & Utilities:
* Furnished: Fully furnished
* Electricity: Standard residential capacity
* Water Source: Deep well

🌟 Lifestyle Features:
* Mesmerizing rice field views from both floors
* Sunken lounge and enclosed interiors
* Located in a peaceful yet central part of Pererenan
* Minutes to trendy cafes and the beach
* Perfect for personal living or long-term rental investment

📜 Ownership Details:
* Title: Leasehold
* Duration: 25 years with guaranteed 25-year extension
* Status: Brand new

💰 Price:
* USD 199,000 for 25 years
* USD 214,000 for 31 years
* Includes extension guarantee for another 25 years

✨ Why Choose This Villa?
🌾 Scenic Rice Field Views – Unobstructed natural beauty
🏡 Brand New – Thoughtfully designed for modern tropical living
📈 High Rental Appeal – In-demand location for long-stay renters
📍 Prime Pererenan Address – Close to cafés, beach & surf

📞 Contact us today to schedule a private viewing and secure your dream villa in Bali’s rising hotspot",Property listing,1,214000,0,,8 Degree
8D25116,8D25116 - Casa Alba Tiying Tutul,"🌴 MEDITERRANEAN-INSPIRED 1-BEDROOM VILLA WITH ROOFTOP & OFFICE IN PERERENAN 🌅

Discover a serene Mediterranean-style retreat in the heart of Pererenan, one of Bali’s most sought-after neighborhoods. This thoughtfully designed 1-bedroom villa blends timeless Mediterranean charm with modern comforts, featuring warm terracotta tones, high ceilings, and inviting natural light throughout. Perfect for investment, a private residence, or a work-from-paradise setup, this villa offers a unique lifestyle surrounded by vibrant cafés, boutique shops, and just minutes from the beach.

📍 Location: Pererenan – Bali
• Prime location in Bali’s most desirable hotspot
• Surrounded by trendy cafés, yoga studios & local markets
• 5 mins to Pererenan Beach | 7 mins to Echo Beach | 35 mins to Airport

🏠 Villa Details:
• Land Size: 110 m²
• Building Size: 60 m²
• Bedrooms: 1 spacious en-suite
• Bathrooms: 1
• Style: Mediterranean with modern touches
• Levels: 2-storey villa
• Living & Dining: Open-concept with abundant natural light
• Kitchen: Fully equipped modern kitchen
• Swimming Pool: Private pool with lush greenery
• Rooftop: Expansive rooftop with panoramic Pererenan views
• Bonus: Dedicated office space for remote work
• Year Built: 2022

🛋 Furnishing & Utilities:
• Furnished: Fully furnished
• Kitchen: Fully equipped with modern appliances
• Electricity: Standard residential capacity
• Water Source: Deep well

🌟 Lifestyle Features:
• Rooftop with scenic views – ideal for sunsets & gatherings
• Dedicated office space – perfect for remote work or study
• Mediterranean-inspired interiors with tropical ambiance
• Walking distance to trendy cafés, restaurants & shops
• Just minutes to Bali’s world-famous surf beaches

📜 Ownership Details:
• Title: Leasehold
• Duration: 22–23 years (depending on unit)
• Status: Recently built (2022)

💰 Price:
• Starting from USD 170,000
(Approx. IDR 2,779,500,000)

✨ Why Choose This Villa?
🌴 Mediterranean Charm – A rare design blend in Bali
💻 Work-Life Balance – Dedicated office for productivity in paradise
📈 High Rental Potential – Strong demand for Pererenan villas
📍 Central Location – Close to cafés, beaches & surf spots

📞 Contact us today to schedule a private viewing and secure your dream Mediterranean villa in Pererenan.",Property listing,1,170000,0,,8 Degree
8D25121,8D25121 - Villa Mas Ubud,"🌿 BRAND NEW MODERN VILLA FOR SALE – KEMENUH, UBUD GIANYAR 🌿

Discover the beauty of Ubud living with this brand-new modern villa located in Kemenuh, Gianyar, just minutes away from Ubud’s cultural and lifestyle attractions. Nestled in a peaceful yet strategic neighborhood, the villa is only ±6 km to Ubud Center and close to charming coffee shops, local dining, and the historic Goa Gajah Temple. With spacious interiors, premium finishes, and a private pool, this villa offers the perfect balance between comfort, modern convenience, and serene Balinese living.

📍 Location Highlights

Prime villa area in Kemenuh – Ubud, Gianyar

Close to coffee shops & Goa Gajah Temple

± 6 km to Ubud Center

Easy access via 5-meter road

🏡 Villa Details

Land Size: 300 m² (3 are)

Building Size: ± 315–350 m²

Bedrooms: 2

Bathrooms: 2 (plus 1 guest toilet)

Living Room, Kitchen & Dining Area

Fully furnished, modern design

🌴 Outdoor & Facilities

Private swimming pool

Parking area

Electricity: 5,500 Watt

Water source: Deep well

Access road: 5 meters wide

⚡ Legal & Ownership

Freehold Title (SHM)

Building Permit (SLF in process)

💰 Price
IDR 4.900.000.000 (Negotiable)

✨ Why This Villa?

🌿 Tranquil Ubud lifestyle with modern comfort

🏡 Spacious 300 m² land & 315–350 m² building

🚗 Easy access, just 6 km to Ubud Center

💎 Ideal as a private residence or investment property

📞 Contact us today for viewing and further details.",Property listing,1,0,0,,8 Degree
8D25122,8D25122 - Villa Casa Lisa,"🌊 BRAND NEW OCEANFRONT VILLAS – LEASEHOLD 25 YEARS, CEMAGI BEACH 🌴

Experience the ultimate coastal lifestyle with these brand-new oceanfront villas in Cemagi, Badung – Bali. Just steps from the beach and a short drive to vibrant Pererenan and Canggu, these villas offer modern living in a serene seaside setting. Designed for comfort and convenience, each villa comes fully furnished with stylish interiors, premium appliances, and ready-to-move-in condition. With two units available, this is a perfect opportunity for private living or investment.

📍 Location Highlights

5 minutes walk to Cemagi Beach

10 minutes walk to Warung Pantai Seseh

15 minutes drive to Pererenan & Canggu

🏡 Villa Features

2 Bedrooms, 2 Bathrooms

1 Storage Unit

Enclosed Living & Dining Area

Fully Furnished + Appliances Included

Land Size: ± 150 m² (1.5 are)

Building Size: ± 200 m²

Carport

⚡ Ownership & Terms

Leasehold: 25 Years

1 Unit: IDR 3.300.000.000

2 Units (Package Price): IDR 6.000.000.000

✨ Why This Villa?

🌊 Walking distance to the beach

🏝️ Brand-new & fully furnished – ready to move in

💰 Rare investment with dual-unit option

📍 Prime location near Pererenan & Canggu",Property listing,1,0,0,,8 Degree
8D25123A,8D25123A - Dhara Villa Uluwatu (Plot 8),"🏡 MODERN MEDITERRANEAN 2-BEDROOM VILLA FOR SALE – PECATU, ULUWATU 🌴

Embrace stylish tropical living with this brand-new 2-bedroom villa in the serene hills of Pecatu, Uluwatu. Set in a prime location near Bingin, Dreamland, Padang Padang, and Melasti Beach, as well as top lifestyle destinations like Savaya, El Kabron, and New Kuta Golf, this villa offers the perfect balance of tranquility and convenience.
Blending modern Mediterranean design with tropical charm, the villa features arched glass openings, sunken living areas, high ceilings, and warm natural finishes. Thoughtfully designed across two levels, it includes two ensuite bedrooms (with bathtub in the master), a bright open-plan living/dining area, and a fully equipped kitchen. Outdoors, a private swimming pool with jacuzzi and lounge deck provides the ideal retreat for relaxation and entertaining.
Whether you’re seeking a private residence, a holiday home, or an investment with strong rental potential, this villa offers exceptional value with both freehold and leasehold ownership options.

📍 Location Highlights
Peaceful hillside setting in Pecatu, Uluwatu
5 min → Bingin, Dreamland & Padang Padang beaches
10 min → Savaya & El Kabron Beach Club
15 min → New Kuta Golf & Jimbaran Bay
45 min → Ngurah Rai International Airport
 Surrounded by Bali’s most iconic beaches, clifftop venues, and restaurants, Pecatu is one of the island’s fastest-growing lifestyle and investment destinations.

🏡 Villa Details
Land Size: ± 109 – 173 m²
Building Size: ± 123 – 140 m²
Bedrooms: 2 (each with ensuite bathrooms, bathtub in master)
Bathrooms: 2.5 (incl. guest toilet)
Floors: 2-storey design with 3m high ceilings
Living & Dining: Enclosed sunken lounge, open-plan layout
Kitchen: Fully equipped with custom cabinetry
Pool: Private swimming pool with jacuzzi & optional cold plunge
Furnishing: Fully furnished with Mediterranean-inspired décor
Parking: Dedicated car & motorbike space

🌴 Features & Facilities
Mediterranean architecture with warm stone & wood accents
Balcony, terrace & built-in poolside lounge deck
Optional rooftop jacuzzi/cold plunge for wellness living
Fiber optic internet & reliable infrastructure
Electricity: ± 7,700 watts
Air conditioning in all rooms
Drilled well water supply
Secure storage room & functional layout
Optional professional property management

⚡ Ownership & Investment
Ownership: Freehold or Leasehold (up to 80 years)
Delivery Date: June 2026 (off-plan project, 9 units only)
Rental Model: Ideal for both short- & long-term rentals
ROI Projection: ± 9–11% per annum

💰 Price
 Normal Price: From IDR 3,105,000,000  (≈ USD 192,000)

✨ Why This Property?
🌿 Rare freehold option in Uluwatu’s most desirable area
 🏡 Mediterranean-inspired design with premium finishes
 📈 Excellent rental yields supported by high demand in Pecatu
 💎 Private pool, jacuzzi & full furnishings included
 🌊 Minutes from Bali’s most iconic beaches & clifftop venues

📞 Contact us today to secure one of these limited villas before the pre-launch pricing ends!",Property listing,1,192000,0,,8 Degree
8D25123B,8D25123B - Dhara Villa Uluwatu (Plot 9),"🏡 MODERN MEDITERRANEAN 2-BEDROOM VILLA FOR SALE – ULUWATU, PECATU 🌴

Experience elevated tropical living in this brand-new 2-bedroom Mediterranean-inspired villa in the serene hills of Uluwatu, Pecatu. Located just minutes from Bingin, Dreamland, Padang Padang, and Melasti Beach, this villa combines timeless design with functionality, making it an ideal lifestyle home or high-return investment property.
Designed with modern architecture and warm Mediterranean touches, the villa features arched glass openings, natural stone finishes, and airy living spaces that seamlessly connect to your private pool and landscaped garden. Whether you’re seeking a stylish residence or a profitable investment in Bali’s booming south, this villa is an excellent choice.

📍 Location Highlights
Prime pocket of Uluwatu–Pecatu surrounded by iconic beaches
5–10 min → Bingin, Dreamland & Padang Padang
15 min → Savaya & El Kabron Beach Club
25 min → Ngurah Rai International Airport
Residential neighborhood with 4.5m wide access road

🏡 Villa Details
Land Size: 109 – 173 m²
Building Size: 123 – 140 m²
Bedrooms: 2
Bathrooms: 2.5 (each bedroom with ensuite + guest toilet)
Floors: 2-storey layout with high ceilings
Living & Dining: Enclosed, modern open-plan
Kitchen: Fully equipped with premium finishes
Pool: Private swimming pool + outdoor lounge deck
Parking: Car & motorbike space

🌴 Features & Facilities
Elegant Mediterranean-modern design
Private garden & landscaped outdoor area
Enclosed sunlit living room with pool view
Electricity: 7,700 watts
Water: Ground tank system
Fully furnished with turnkey package
Parking & 4.5m wide access road

⚡ Ownership & Investment
Ownership: Freehold (SHM) or Leasehold (80 years)
Building Status: Off-plan (completion May 2026)
IMB: In progress
Rental Potential: High-demand area for short- & long-term rentals
ROI Forecast: Available upon request

💰 Price
IDR 3,750,000,000 (≈ USD 231,000)

✨ Why This Villa?
 🌊 Located in Bali’s iconic Uluwatu–Pecatu coastal area
 🏡 Modern Mediterranean architecture with tropical flair
 📈 Excellent value for Freehold/Leasehold ownership
 💎 Fully furnished & turnkey investment opportunity
 ☀️ Private pool, garden & 2-storey lifestyle layout

📞 Contact us today to arrange a visit or request the full investment forecast.",Property listing,1,231000,0,,8 Degree
8D25133A,8D25133	- Dhara Villa Berawa,"🏡 DHARA BERAWA – EXCLUSIVE 2-BEDROOM LUXURY VILLAS, CANGGU 🌴

Welcome to Dhara Berawa, an exclusive enclave of just 6 boutique villas in one of Bali’s most prestigious neighborhoods. Perfectly located in the heart of Berawa, these residences are just steps away from the beach, world-class beach clubs, and the upcoming Tibubeneng MRT station, ensuring long-term value and convenience. Designed with two unique concepts — The Vibrant (inspired by Berawa’s coastal energy) and The Majestic (reflecting Mount Agung & Balinese temples) — the project offers a harmonious balance of modern tropical architecture and timeless design.

With open-plan living spaces, private pools, and high-quality finishes, each villa is crafted for both lifestyle seekers and savvy investors. Whether as a personal residence, holiday home, or high-return rental, Dhara Berawa combines prime location, luxury living, and strong investment fundamentals with projected yields of 8–12% annually.

📍 Location Highlights

Prime Berawa pocket, walking distance to cafés, shops & MRT (future)
3 min → Berawa Beach & Finns Beach Club
7 min → Batu Belig & Echo Beach
10 min → Canggu’s dining & nightlife hotspots
45 min → Ngurah Rai International Airport
Surrounded by international schools, gyms & wellness centers

🏡 Villa Details
Land Size: ± 101 – 111 m²
Building Size: ± 173 m²
Bedrooms: 2 (each with ensuite bathrooms)
Bathrooms: 2.5
Floors: 2-storey design with open-plan layout
Living & Dining: Enclosed, spacious interiors with natural light
Kitchen: Modern design with premium finishes
Pool: Private swimming pool & sun deck
Parking: Dedicated car & motorbike space
Furniture: Delivered unfurnished (customization options available)

🌴 Features & Facilities
Exclusive gated estate with only 6 villas
Two unique architectural concepts (The Vibrant & The Majestic)
Enclosed living room with direct pool access
Smart home readiness & energy-efficient systems
Water source: Drilled well + ground tank
Electricity: 7,700 watts
Balcony & terrace with garden/pool views
Optional professional management for rental returns

⚡ Ownership & Investment
Ownership: Freehold & Leasehold (80 years extended)
Rental Model: Ideal for short- & long-term rentals
ROI Projection: ± 8–12% per annum
Year of Completion: September 2026

💰 Price
From IDR 6 Billion (≈ USD 361,000 )
Limited Collection: Only 3 boutique villas available

✨ Why This Property?
🌿 Prime Berawa location near beach, cafés & MRT (future)
🏡 Exclusive enclave of just 6 luxury villas
📈 High rental yields & long-term capital appreciation
💎 Unique design concepts blending Bali’s culture & modern luxury
🌊 Walking distance to Berawa Beach & top lifestyle hubs

📞 Contact us today to secure your private consultation for Dhara Berawa.",Property listing,1,361000,0,,8 Degree
8D25133B,8D25133B - Dhara Villa Berawa (Type B),"🏡 DHARA BERAWA – EXCLUSIVE 2-BEDROOM LUXURY VILLAS, CANGGU 🌴

Welcome to Dhara Berawa, an exclusive enclave of just 6 boutique villas in one of Bali’s most prestigious neighborhoods. Perfectly located in the heart of Berawa, these residences are just steps away from the beach, world-class beach clubs, and the upcoming Tibubeneng MRT station, ensuring long-term value and convenience. Designed with two unique concepts — The Vibrant (inspired by Berawa’s coastal energy) and The Majestic (reflecting Mount Agung & Balinese temples) — the project offers a harmonious balance of modern tropical architecture and timeless design.

With open-plan living spaces, private pools, and high-quality finishes, each villa is crafted for both lifestyle seekers and savvy investors. Whether as a personal residence, holiday home, or high-return rental, Dhara Berawa combines prime location, luxury living, and strong investment fundamentals with projected yields of 8–12% annually.

📍 Location Highlights
Prime Berawa pocket, walking distance to cafés, shops & MRT (future)
3 min → Berawa Beach & Finns Beach Club
7 min → Batu Belig & Echo Beach
10 min → Canggu’s dining & nightlife hotspots
45 min → Ngurah Rai International Airport
Surrounded by international schools, gyms & wellness centers

🏡 Villa Details
Land Size: ± 101 – 111 m²
Building Size: ± 173 m²
Bedrooms: 2 (each with ensuite bathrooms)
Bathrooms: 2.5
Floors: 2-storey design with open-plan layout
Living & Dining: Enclosed, spacious interiors with natural light
Kitchen: Modern design with premium finishes
Pool: Private swimming pool & sun deck
Parking: Dedicated car & motorbike space
Furniture: Delivered unfurnished (customization options available)

🌴 Features & Facilities
Exclusive gated estate with only 6 villas
Two unique architectural concepts (The Vibrant & The Majestic)
Enclosed living room with direct pool access
Smart home readiness & energy-efficient systems
Water source: Drilled well + ground tank
Electricity: 7,700 watts
Balcony & terrace with garden/pool views
Optional professional management for rental returns

⚡ Ownership & Investment
Ownership: Freehold & Leasehold (80 years extended)
Rental Model: Ideal for short- & long-term rentals
ROI Projection: ± 8–12% per annum
Year of Completion: September 2026

💰 Price
From 6.3 Billion (≈ USD 390,000)

Limited Collection: Only 6 boutique villas available

✨ Why This Property?
🌿 Prime Berawa location near beach, cafés & MRT (future)
🏡 Exclusive enclave of just 6 luxury villas
📈 High rental yields & long-term capital appreciation
💎 Unique design concepts blending Bali’s culture & modern luxury
🌊 Walking distance to Berawa Beach & top lifestyle hubs

📞 Contact us today to secure your private consultation for Dhara Berawa.",Property listing,1,390000,0,,8 Degree
8D25119,8D25119 - Tava Villa (Jimbaran),"🏡 MODERN 2-BEDROOM VILLA FOR SALE – JIMBARAN, BALI 🌴

Discover a rare opportunity to own a beautifully designed modern villa in the heart of Jimbaran, one of Bali’s most desirable and fast-growing lifestyle destinations. Known for its golden sandy beaches, vibrant dining scene, and laid-back coastal charm, Jimbaran offers the perfect balance between a relaxed tropical atmosphere and upscale living. This brand-new villa is an excellent choice for those seeking a stylish personal residence or a smart investment in Bali’s booming real estate market.

Each villa has been thoughtfully designed with a contemporary aesthetic, combining modern architecture with tropical touches to create a warm and inviting home. Built on 140 m² of land with a 126 m² building size, the property features 2 spacious bedrooms, each with its own ensuite bathroom, ensuring both comfort and privacy. The open-plan living and dining areas flow seamlessly into the outdoor space, where you’ll find a private 6 × 3 m swimming pool, perfect for relaxing or entertaining guests. With its freehold ownership (and optional 100-year leasehold), this villa is a valuable long-term asset with excellent potential for capital growth and rental returns.

📍 Location Highlights
Prime residential area in Jimbaran
4 min → Samasta Lifestyle Village
5 min → Muaya Beach (famous seafood & sunsets)
25 min → Ngurah Rai International Airport
Close to Sidewalk Mall, international schools, cafés & restaurants
Nestled in a peaceful neighborhood yet close to Bali’s top lifestyle hubs, this villa offers the perfect setting for families, professionals, or retirees looking for convenience, tranquility, and long-term value.

🏡 Villa Details
Land Size: ± 140 m²
Building Size: ± 126 m²
Bedrooms: 2 (each with ensuite bathroom)
Bathrooms: 2
Floor: 1 level layout
Living & Dining: Open-plan enclosed design
Kitchen: Modern & fully equipped
Pool: Private 6 × 3 m swimming pool with garden
Furnishing: Fully furnished with high-quality finishes

🌴 Features & Facilities
Lobby & reception area
Fully equipped gym & fitness center
24/7 concierge service & CCTV security
Spacious community parking
Electricity backup & water treatment system
Turn-key management option available

⚡ Ownership & Investment
Ownership: Freehold / Optional 100-Year Leasehold
Estimated Completion: October 2026
Rental Model: Flexible for both short-term and long-term rental
ROI Projection: Attractive, supported by Jimbaran’s high rental demand

💰 Price
2BR - 3,450,000,000
3BR - 4,950,000,000

✨ Why This Property?
🌿 Rare freehold villa in Jimbaran with long leasehold option
🏡 Modern design with tropical elegance
📈 Excellent ROI potential in a high-demand location
💎 Secure gated community with full facilities
🌊 Minutes away from Bali’s best beaches & lifestyle hubs

📞 Contact us today to reserve your villa in Jimbaran and take advantage of the current early-bird pricing!",Property listing,1,0,0,,8 Degree
8D25133,8D25133 - Kaia Bingin,"🌴 MODERN VILLAS IN TRENDY BINGIN – ULUWATU 🌊
Experience stylish modern living in Bingin, Uluwatu, one of Bali’s most in-demand destinations. These brand-new villas are designed for contemporary comfort and strong investment potential, offering fully furnished turnkey homes perfect for private use or holiday rentals.

Strategically located just minutes from Bingin’s beaches and lifestyle hotspots, the villas sit within Pondok Wisata zoning, making them ideal for rental income generation.

📍 Location Highlights
5–6 min → Bingin & Cemongkak Beach
2–5 min → Bingin’s best cafés, restaurants & beach clubs
15 min → Padang Padang & Dreamland
20 min → Uluwatu Temple & surf breaks
40 min → Ngurah Rai International Airport

🏡 Villa Details
Leasehold: Until 31 January 2056 (with guaranteed extension)
Zoning: Pondok Wisata (Pink) – rental-friendly
Completion: February 2026 (delivered fully furnished)
Design: Modern 2-storey villas with powder room on the ground floor

🔹 Available Units
1-Bedroom Villas – Plot 2
Land Size: 72 m²
Building Size: 80 m²
Private Pool: 2 x 4 m
Price: IDR 3.2 Billion

2-Bedroom Villa – Plot 4
Land Size: 107 m²
Building Size: 105 m²
Private Pool: 13 m²
Price: IDR 4.2 Billion

🌴 Why Choose These Villas?
📍 Prime Bingin location – minutes from beaches & hotspots
🏡 Fully furnished, modern turnkey villas
✨ Pondok Wisata zoning – hassle-free rental licensing
📈 High ROI potential in one of Bali’s trendiest areas
⏳ Secure long lease with guaranteed extension

📞 Contact us today to secure your modern Bingin villa before these limited units are sold out!",Property listing,1,0,0,,8 Degree
8D25134A,8D25134A - Casa 24 (2BR) Pererenan,"🏡 MEDITERRANEAN-INSPIRED 2-BEDROOM VILLA FOR SALE – PERERENAN, BALI 🌴

Discover a timeless blend of Mediterranean elegance and Wabi-Sabi minimalism with this beautifully crafted 2-bedroom villa in Pererenan, one of Bali’s most desirable and fast-growing lifestyle destinations. Nestled in a peaceful residential pocket surrounded by rice fields, trendy cafés, and world-class surf spots, Pererenan has become a favorite among expats and investors alike. This villa offers the perfect balance between a tranquil retreat and quick access to the vibrant lifestyle hubs of Canggu and Echo Beach, making it an excellent choice for both full-time living and investment.
Designed with organic textures, arched windows, neutral tones, and handcrafted finishes, the villa creates a warm and refined ambiance that feels both sophisticated and relaxed. The interiors feature a sunken living room, open-plan dining and kitchen, and two spacious bedrooms with ensuite bathrooms, all finished with earthy tones and abundant natural light. Outdoors, the villa boasts a private swimming pool, tropical landscaping, and an inviting terrace for lounging or entertaining. Every element has been thoughtfully considered to create a serene, stylish, and functional home in one of Bali’s most sought-after neighborhoods.
📍 Location Highlights
Peaceful residential area of Pererenan, Mengwi
5 min → Pererenan Beach (surf, cafés & restaurants)
10 min → Canggu, Batu Bolong & Berawa hotspots
15 min → Echo Beach & Seminyak dining scene
45 min → Ngurah Rai International Airport
This location combines privacy and convenience, offering a calm residential setting while being just minutes away from Bali’s best beaches, dining, and lifestyle attractions.
🏡 Villa Details
Land Size: ± 90 m²
Building Size: ± 140 m²
Bedrooms: 2 (each with ensuite bathroom)
Bathrooms: 2
Layout: Modern Mediterranean design with sunken lounge
Living & Dining: Open-plan with abundant natural light
Kitchen: Fully equipped with wood & stone finishes
Pool: Private swimming pool with terrace & greenery
Furnishing: Fully furnished with premium handcrafted pieces
Parking: Dedicated space for car & motorbike
🌴 Features & Facilities
Mediterranean-inspired interiors with natural textures
Arched windows, built-in furniture & elegant finishes
Sunken living room with high ceilings
Private swimming pool with sun loungers & terrace
High-speed internet connection
Secure storage & modern utilities
Air conditioning in all rooms
Optional professional management services
⚡ Ownership & Investment
Ownership: Leasehold – 25 years (with guaranteed extension)
Availability: Ready to move in now
Rental Model: Ideal for both private residence & long-term rental
ROI Projection: Attractive returns supported by strong demand in Pererenan
💰 Price
 IDR 4,100,000,000 (≈ USD 250,000)

✨ Why This Property?
 🌿 Unique Mediterranean & Wabi-Sabi fusion design
 🏡 Ready-to-move-in villa in highly sought-after Pererenan
 📈 Excellent ROI potential in Bali’s fastest-growing area
 💎 Handcrafted finishes & premium furnishings included
 🌊 Minutes away from Canggu, Echo Beach & lifestyle hotspots
📞 Contact us today to arrange a viewing and secure this stunning villa in Pererenan!",Property listing,1,250000,0,,8 Degree
8D25134B,8D25134B - Casa 24 (4BR) Pererenan,"🏡 MODERN MEDITERRANEAN 4-BEDROOM VILLA FOR SALE – PERERENAN, BALI 🌴

Discover timeless design and laid-back island living in this brand-new 4-bedroom villa in the heart of Pererenan, Bali. Just a short stroll (15 minutes) from Pererenan Beach and only 5 minutes’ drive from Canggu’s vibrant cafés, restaurants, and surf spots, this villa offers the ideal balance of tranquility and convenience.

Blending Modern Mediterranean architecture with Wabi-Sabi minimalism, the villa features warm neutral tones, sleek arches, sunken lounges, and custom wood accents. Spacious interiors flow seamlessly to outdoor areas, where a private pool, jacuzzi, and lush landscaping create a true sanctuary for both relaxation and entertaining. Whether you’re seeking a stylish family residence or a lucrative rental investment, this villa delivers exceptional value in one of Bali’s most sought-after coastal neighborhoods.

📍 Location Highlights

Prime residential pocket of Pererenan, walking distance to the beach

5 min → Pererenan Beach (surf, cafés & restaurants)

10 min → Canggu & Batu Bolong lifestyle hubs

15 min → Berawa & Echo Beach hotspots

45 min → Ngurah Rai International Airport
Surrounded by boutique cafés, wellness studios, and international schools, Pererenan is one of Bali’s fastest-growing lifestyle and investment destinations.

🏡 Villa Details

Land Size: ± 220 m²

Building Size: ± 225 m²

Bedrooms: 4 (each with ensuite bathrooms)

Bathrooms: 4 + Guest Toilet

Floors: 2-storey layout with double-height ceilings

Living & Dining: Enclosed, modern open-plan with sunken lounge

Kitchen: Fully equipped, premium finishes

Pool: Private swimming pool (6.3m x 3m) + rooftop jacuzzi

Furnishing: Fully furnished with Mediterranean-inspired décor

Parking: Dedicated car & motorbike space

🌴 Features & Facilities

Elegant Mediterranean-Wabi-Sabi design

Rooftop jacuzzi & multiple balconies with pool/garden views

Outdoor terrace, gazebo & lush landscaped garden

Enclosed living/dining with natural light & airflow

Fiber optic internet & drilled well water source

Electricity: 7,700 watts

Air conditioning in all rooms

Secure storage & functional layout

Optional professional property management

⚡ Ownership & Investment

Ownership: Leasehold – 25 years (extension guaranteed)

Rental Model: High-demand area, ideal for short- & long-term rentals

ROI Projection: ± 9–11% per annum

Year of Build: 2025 (brand new, turnkey)

💰 Price

IDR 8,850,000,000 (≈ USD 573,000)

✨ Why This Property?

🌿 Mediterranean & Wabi-Sabi design with timeless appeal
🏡 Spacious 4BR layout ideal for families or investment
📈 Excellent rental yields in Pererenan’s high-demand market
💎 Premium finishes & full furnishings included
🌊 Walking distance to Pererenan Beach & Canggu hotspots

📞 Contact us today to arrange a viewing or receive the full investment forecast.",Property listing,1,573000,0,,8 Degree
8D25135,8D25135 -Dhara Villa Canggu,"🏡 MODERN 2-BEDROOM FREEHOLD VILLA FOR SALE – CANGGU / PADONAN 🌴

Experience the perfect balance of modern design, comfort, and investment potential with this brand-new 2-bedroom freehold villa in the heart of Canggu–Padonan. Situated within a secure, managed complex, the property combines effortless tropical living with strong rental appeal, making it an excellent choice as both a private residence and an income-producing holiday home.

Designed with a contemporary tropical flair, the villa features bright, airy interiors, sleek finishes, and a thoughtful open-plan layout that maximizes natural light and connection to the outdoors. Just minutes away from Canggu’s vibrant cafés, gyms, restaurants, and world-famous beach clubs, it offers the convenience of prime location while still being tucked into a peaceful residential pocket.

📍 Location Highlights
Prime Canggu–Padonan area, in a managed villa complex
5 min → Canggu cafés, restaurants & gyms
10 min → Berawa & Batu Bolig Beaches
15 min → Echo Beach & Pererenan hotspots
45 min → Ngurah Rai International Airport
Quiet, secure neighborhood with strong expat demand

🏡 Villa Details
Land Size: ± 132 – 139 m²
Building Size: ± 113 – 134 m²
Bedrooms: 2 (ensuite)
Bathrooms: 2
Living & Dining: Open-plan, with sunken patio
Kitchen: Fully equipped, modern design
Pool: Private swimming pool (± 1.4m depth) + deck
Parking: Private carport for car & motorbikes
Furnishing: Fully furnished, turnkey ready
Year Built: 2024

🌴 Features & Facilities
Stylish modern design with natural light throughout
Enclosed & open-plan living for flexible use
Managed villa complex with rental services
Secure gated entrance & 24/7 access
Lock-and-leave convenience for expats & investors
Fiber optic internet, drilled well water supply
Electricity: 7,700 watts

⚡ Ownership & Investment
Ownership: Freehold (SHM) – long-term value
Rental Model: High-demand for mid- & long-term rentals
ROI Projection: ± 8–10% per annum
Developer: Professional management available

💰 Price
IDR 4,600,000,000 (≈ USD 286,000)

✨ Why This Property?
🌿 Modern, fully furnished villa with private pool
🏡 Freehold title in one of Bali’s strongest investment zones
📈 Excellent rental yields & professional management support
💎 Perfect for expats, lifestyle buyers, or investors
🌊 Minutes from Canggu’s beaches & lifestyle attractions

📞 Contact us today to schedule a private viewing of this boutique Canggu–Padonan villa.",Property listing,1,286000,0,,8 Degree
8D25149,8D25149	- Silk Villas - Elysian (Pandawa),"🌊 Modern 2-Bedroom Ocean View Villa – Uluwatu
Nestled in Pecatu, one of Uluwatu’s most desirable residential enclaves, this modern 2-bedroom villa captures the essence of luxury coastal living — complete with unobstructed ocean views, a private rooftop plunge pool, and tropical contemporary design.
Set in a peaceful, elevated neighborhood, the villa is just minutes away from Savaya Beach Club, Alila Beach, world-class restaurants, gyms, yoga studios, and Bali’s best surf beaches.
Perfect for both personal residence and investment, this property offers a blend of tranquility, functionality, and strong rental appeal.
📍 Prime Location Highlights
5 minutes to Alila Beach & Savaya Beach Club
Short drive to cafés, restaurants, padel club, and yoga studios
Peaceful high-elevation area with ocean breezes and sunset views
Surrounded by upscale villas and modern developments
Easy 3-meter paved access road
🏡 Villa Features
Land Size: 127–148 m²
Building Size: 125–153 m²
Bedrooms: 2
Bathrooms: 2
Floors: 2
View: Ocean & Sunset
Living Area: Open/Enclosed (flexible)
Furnishing: Semi-furnished (Fully furnished option available)
Parking: 1 car or 4 motorbikes
Zoning: Residential (Yellow Zone)
🌅 Layout Overview
Ground Floor
Open-plan living room with built-in sunken sofa
Island kitchen and dining area
Tropical garden with pool bar and seating area
1 bedroom with ensuite bathroom
Storage room and parking area
First Floor
Master bedroom with wardrobe and ensuite bathroom
Large balcony with panoramic ocean and sunset views
Cross ventilation for natural airflow and abundant light
Rooftop
Private plunge pool
Rooftop chillout deck overlooking the sea
⚙️ Construction & Specifications
Structure: Reinforced concrete
Roof: Waterproof concrete + Alderon
Ceilings: Plasterboard (indoor) & Cornwood (outdoor)
Kitchen: Terrazzo countertops
Pool: Green-tiled with durable finish
Joinery: Bengkirai wooden doors and windows
Electricity: 7,700 watts
Water System: 8,000L underground tank (4KL raw + 4KL filtered)
Water Heater & AC installed (bedrooms & living room)
Ceiling fan in living area
🏗️ Construction & Timeline
Start: Mid 2024
Handover: January 2026
Lease Duration: Until 2053 (27 years remaining)
Permit: SLF (Commercial Residential)
Contractor Warranty: 1 year (structure & finishes)
💰 Pricing Options
Semi-furnished: USD 279,000
Fully furnished: USD 289,000
Payment Plan:
10% down payment
40% upon signing
20% during structure & roof
20% during finishes
10% upon completion
💼 Investment Highlights
Ocean & sunset views from both levels and rooftop
High demand Uluwatu lifestyle location – close to premium beach clubs
Ideal for short-term rentals with high ROI potential
Modern tropical design with strong aesthetic appeal
Limited availability – only 3 units remaining
📍 Location: Pecatu, Uluwatu – Bali
 💰 Starting Price: USD 279,000
 📄 Leasehold until 2053
 🏡 2 Bedrooms | 2 Bathrooms | Rooftop Pool | Ocean Views
 🚧 Completion: January 2026
✨ Experience the ultimate Uluwatu lifestyle — ocean views, sunset vibes, and modern tropical living at its finest.",Property listing,1,279000,0,,8 Degree
8D25150,8D25150 - Villa Air Jimbaran,"🌴 Modern 2-Bedroom Villas in Jimbaran – Mediterranean Style, Prime Location & Strong Investment Appeal 🏡✨

Discover an exceptional collection of modern Mediterranean-inspired 2-bedroom villas in the highly desirable Jimbaran–Uluwatu corridor. With construction already 80% completed, these homes offer stylish architecture, functional layouts, and a strategic location close to Bali’s best beaches, international schools, shopping hubs, and premium resorts.
Designed for both comfortable personal living and high-yield rental investment, these villas present an outstanding opportunity in one of South Bali’s most secure and fast-growing residential neighborhoods.

📍 Location: Jimbaran – prestigious residential zone near Uluwatu & Bukit beaches
 🌴 Lifestyle: Minutes to Melasti, Dreamland, Padang Padang, fitness centers, grocery stores, international schools, cafés, and luxury resorts like Four Seasons & InterContinental

🏠 Villa Details (Combined Project Overview)
• Land Size: 134–185 m² (varies per unit)
 • Building Size: 142–176 m²
 • Bedrooms: 2 spacious ensuite bedrooms
 • Bathrooms: 2 full bathrooms
 • Floors: 2
 • Year: Off-plan – 80% completed, handover by Q3 2025
 • Design: Modern Mediterranean tropical concept
 • Living & Dining: Enclosed living room with integrated kitchen
 • Kitchen: Fully appointed with contemporary layout
 • Outdoor: Private swimming pool + courtyard
 • Parking: Space for 1 car or multiple scooters
 • Furnishing: Delivered semi- or fully finished (depending on unit)
 • Complex: Boutique estate of 4 villas
 • Status:
Leasehold 30 years (with guaranteed 25-year extension) – second listing
 • Construction Progress: 80% completed

💰 Price & Villa Options
Individual Units:
• (165 m² land | 165 m² build)
 USD 265,000 – 30-year leasehold
• (134 m² land | 154 m² build)
 USD 255,000 – 30-year leasehold

Special Offer – Buy the Entire Complex:
USD 949,500 (discounted from USD 1,055,000)
 Perfect for investors wanting a boutique villa portfolio with high-yield potential.

🌟 Lifestyle & Location Highlights
• Walking distance to schools, cafés, shopping centers & coworking hubs
 • 15–20 minutes to Bali’s best beaches: Melasti, Dreamland, Padang Padang
 • 20 minutes to Ngurah Rai International Airport
 • Prestigious neighborhood surrounded by luxury resorts
 • Safe, quiet, and ideal for both residential living and holiday stays

💼 Investment Potential
• High projected ROI: 11–13% annually
 • Perfect for short-term rentals in a booming tourism zone
 • 80% completed – low construction risk
 • Flexible payment plan:
50% on agreement
45% on handover
5% on SLF
 • Strong demand for 2-bedroom rentals in South Bali
 • Secure long-term lease terms with extension options
 • Ideal for investors seeking solid income + capital appreciation

✨ Why Choose These Villas?
Modern Mediterranean Design – Bright, elegant & functional
 Prime Jimbaran Location – Central to beaches, schools & resorts
 High ROI – Strong rental demand in a thriving market
 80% Completed – Near-finished project with low risk
 Flexible Purchase Options – Buy a single villa or the entire complex
 Private & Peaceful – Boutique estate with private pools and courtyards

📞 Contact us today to secure your preferred unit, request the full investment breakdown, or schedule a site visit.",Property listing,1,1055000,0,,8 Degree
8D25156,8D25156 - Villa Melasty,"🌴 Modern 3-Bedroom Villa in Melasti, Ungasan – Stylish Design & Prime Location near Bali’s Iconic Clifftops 🏡✨

Experience the best of southern Bali living with this beautifully renovated 3-bedroom villa in Melasti, Ungasan. Blending modern architecture with traditional Balinese charm, this fully furnished home offers both comfort and investment appeal — just minutes from world-famous beaches, luxury resorts, and lively dining spots.

📍 Location: Melasti, Ungasan – a serene, upscale area near Uluwatu’s iconic beaches
 🌅 Lifestyle: Close to Melasti Beach, Savaya, and top restaurants with ocean views

🏠 Villa Details:
• Land Size: 100 m²
 • Building Size: 200 m²
 • Bedrooms: 3
 • Bathrooms: 2
 • Year Built: 2020
 • Last Renovation: 2025
 • Floors: 2
 • Design: Modern with Balinese accents
 • Living & Dining: Bright, open-plan layout with enclosed living area
 • Kitchen: Fully equipped with modern appliances
 • Furnishing: Fully furnished and move-in ready
 • Electricity: 3,500 watts
 • Water Source: Local PDAM connection
 • Parking: On-site for car & motorbikes
 • Certificate: HGB (Right to Build)

💰 Price & Ownership Options:
• Leasehold (24 years + 25-year extension priority): USD 300,000 (~IDR 4.8 Billion)
 • Freehold (Hak Milik): USD 350,000

🌟 Lifestyle & Location Highlights:
• 3 minutes to Melasti Beach & Savaya Bali
 • 5 minutes to Uluwatu’s café strip
 • 10 minutes to Jimbaran Bay
 • 25 minutes to Ngurah Rai International Airport
 • Surrounded by boutique resorts, beach clubs, and wellness retreats

💼 Investment Potential:
• Dual ownership options (Leasehold or Freehold)
 • Strong rental demand in the Uluwatu–Ungasan area
 • Modern build, recently renovated — low maintenance costs
 • Ideal as a private residence or short-term rental investment

✨ Why Choose This Villa?
🏡 Stylish Modern Home – Blends comfort and Balinese aesthetics
 📈 Flexible Ownership – Choose between leasehold or freehold
 📍 Prime Location – Minutes to Bali’s best beaches and attractions
 💼 Strong ROI Potential – Ideal for holiday rentals or long-term stays
 🌴 Turnkey Ready – Fully furnished and recently upgraded

📞 Contact us today to schedule a private viewing or request the full investment brochure. Discover serene luxury and lasting value in one of Bali’s most desirable coastal enclaves — Melasti, Ungasan.",Property listing,1,350000,0,,8 Degree
8D25162,8D25162 - Maraluna Villa,"🏝️ Boutique Coastal Living – Limited Collection of 1BR Designer Villas in the Heart of Bingin 🌊✨

Introducing a rare limited release of six exclusive boutique villas, discreetly nestled in one of Bali’s most sought-after lifestyle destinations — Bingin. Designed with soft geometry, calming curves, and timeless natural palettes, these residences offer an intimate yet elevated living experience.
Thoughtfully crafted to deliver both relaxation and strong investment appeal, each villa features seamless indoor–outdoor flow, a sunken lounge, and refined finishes that capture the essence of modern tropical elegance.

Located just moments from world-famous surf breaks, breathtaking cliffs, beach clubs, cafés, and wellness studios, these villas offer exceptional lifestyle value and long-term desirability — ideal for personal enjoyment or impressive rental performance.

📍 Location: Bingin – prime lifestyle zone in South Bali
 🌴 Lifestyle: Minutes to beaches, surf hotspots, cafés, fitness studios & beach clubs

🏠 Villa Details
• Land Size: 84–89 m²
 • Building Area: 71 m²
 • Bedrooms: 1 spacious master suite with private balcony
 • Bathrooms: 1.5 (ensuite + guest powder room)
 • Floors: 2
 • Design Style: Organic Mediterranean with soft curves & neutral tones
 • Living Area: Sunken enclosed lounge — intimate & stylish
 • Kitchen: Modern compact kitchen (fully equipped design-ready)
 • Outdoor: Private swimming pool + tropical touches
 • Balcony: Large bedroom balcony overlooking the pool
 • Extra Spaces: Outdoor storage + private motorbike parking
 • Zoning: Tourism (ideal for daily rentals)
 • Furnishing: Fully furnished
 • Year of Completion: Est. December 2027
 • Ownership: 29-year leasehold + 20-year extension priority
 • Status: Off-plan — secure at pre-completion pricing

💰 Price & Ownership
📌 Leasehold 29 Years (+20-Year Extension Option)
 💵 USD 189,000

Perfect for:
• Entry-level Bali investment
 • High-demand 1BR rental unit
 • Personal coastal retreat
 • Long-term asset in premium Bingin

🌟 Lifestyle & Location Highlights
• Minutes to Bingin Beach, Dreamland & Padang Padang
 • Walking distance to boutique cafés, fitness studios & wellness hubs
 • Quiet, private setting — yet close to vibrant social scenes
 • Surrounded by nature, cliffs & world-renowned surf
 • One of Bali’s fastest-growing lifestyle destinations

💼 Investment Potential
• Boutique villa concept with strong rental appeal
 • High occupancy rates in Bingin’s booming 1BR market
 • Tourism zoning allows for daily rental operations
 • Attractive ROI due to demand for modern Mediterranean villas
 • Long-term growth as Bingin continues to upscale rapidly

✨ Why This Villa?
Elegant Mediterranean architecture with organic interiors
 Intimate luxury — ideal for couples and high-demand rentals
 Prime Bingin address with global appeal
 Fully furnished turn-key delivery
 Excellent capital growth & year-round rental performance",Property listing,1,189000,0,,8 Degree
8D25169,8D25169 - Irichi Villa,"🌊 Modern Coastal Living – Stylish 2BR Off-Plan Villas Just 5 Minutes to Kedungu Beach ✨🌿

Welcome to your serene modern retreat in Kedungu — a peaceful coastal village rapidly becoming one of Bali’s most desirable residential and investment zones. Located just a 5-minute stroll from Kedungu Beach, this off-plan villa blends clean tropical architecture with warm natural touches, creating a bright and airy environment perfect for relaxed Bali living.

With its high ceilings, abundant natural light, and functional two-level layout, the villa offers a harmonious balance of comfort and style. A private pool, landscaped garden, and carefully curated interiors enhance the experience, making it an appealing choice for homeowners and investors alike.

📍 Location: Kedungu, Tabanan – a tranquil beachside community near cafés, surf spots & boutique resorts
 🌴 Lifestyle: Ideal for coastal walks, surfing, sunset dining & peaceful daily living

🏠 Villa Details
• Land Size: 183 m²
 • Building Area: 147 m²
 • Bedrooms: 2 ensuite bedrooms
 • Bathrooms: 2
 • Design Style: Modern tropical with clean lines & high-ceiling windows
 • Living Area: Spacious enclosed living room with natural light
 • Kitchen: Fully equipped modern kitchen
 • Outdoor: Private swimming pool (22 m²) + sun loungers
 • Garden: Green landscaped surroundings for a relaxing ambiance
 • Furnishing Options: Semi-furnished or fully furnished
 • Parking: Car & scooter parking
 • Construction Status: Off-plan
 • Delivery: March 2026
 • Ownership: Leasehold 28.5 years + extension option

💰 Price & Ownership
📌 Leasehold 28.5 Years (+ extension possible)
 💵 From USD 268.000

Perfect for:
• First-time Bali investors
 • Couples or small families
 • Buyers seeking a coastal holiday home
 • Investors targeting stable rental demand in Kedungu’s growing market

🌟 Lifestyle & Location Highlights
• 5-minute walk to Kedungu Beach
 • Moments from surf spots, beach cafés & sunsets
 • Close to premium developments like Nuanu & boutique resorts
 • Peaceful residential setting away from the crowds
 • 15 minutes to Pererenan & Canggu lifestyle hubs
 • Ideal mix of tranquility & accessibility

💼 Investment Potential
• High demand for modern 2BR villas near Kedungu Beach
 • Strong rental appeal for daily, monthly & long-stay guests
 • Off-plan pricing provides attractive early-stage value
 • Growing area with significant development and infrastructure
 • Perfect for passive income + long-term capital appreciation

✨ Why This Villa?
🌿 Calm beachside living surrounded by nature
 🏡 Modern 2-bedroom layout ideal for comfort & privacy
 📍 Walking distance to one of Bali’s most peaceful beaches
 🔑 Off-plan — secure the best pricing today
 📈 Excellent ROI prospects in a fast-growing coastal area
🌺 Ready to claim your spot in Kedungu’s fast-rising coastal lifestyle?

 This villa offers exceptional value, a prime location, and strong investment potential — the perfect opportunity to own a beautiful Bali property with long-term appeal.",Property listing,1,268000,0,,8 Degree
8D25179,8D25179 - Hidden Villa,"🌿 Modern Rooftop Villa – Private 2BR Sanctuary with Pandan Forest & Rice Field Views in North Pererenan ✨🏡

Discover a refined contemporary retreat in the peaceful residential enclave of Tiying Tutul / Tumbak Bayuh, North Pererenan — a fast-growing area prized for its greenery, privacy, and proximity to Canggu’s lifestyle scene. This standalone 2-bedroom villa blends modern architecture, spacious design, and rooftop lifestyle living, making it ideal as a private residence or a high-quality long-term investment.

Built in 2018 and exceptionally well maintained in like-new condition, the villa sits on 280 m² of land in a yellow zoning area and offers a rare sense of seclusion at the end of a quiet road. Expansive glass, soaring ceilings, and skylights create a bright, airy interior, while multiple terraces, a private pool, and a large rooftop entertainment space deliver a seamless indoor–outdoor living experience surrounded by pandan forest and rice field views.

📍 Location: Tiying Tutul / Tumbak Bayuh, North Pererenan
🌴 Lifestyle: Quiet residential living minutes from Pererenan Beach & Canggu

🏠 Villa Details

• Land Size: 280 m² (2.8 are)
• Building Area: 280 m²
• Rooftop: ±100 m² entertainment terrace
• Bedrooms:
 – 2 comfortable bedrooms
• Bathrooms:
 – 4 modern bathrooms
• Study / Office: 1 dedicated workspace
• Design Style: Modern contemporary with natural light focus
• Living & Kitchen Area:
 – Spacious 70 m² open-plan living & kitchen
 – Dramatic 9-meter ceilings with skylights
• Outdoor:
 – Private swimming pool (6 × 3 m)
 – 2 terraces + rooftop entertainment area
 – Tropical greenery & pandan forest surroundings
• View: Rice fields & lush green landscape
• Parking: Large private parking for cars & motorbikes
• Furnishing: Fully furnished & fully equipped (turnkey)
• Utilities & Equipment:
 – 6 air conditioners
 – 3 TVs (75”, 65”, 55”)
 – Water filtration system
 – Laundry room with washing machine
 – Large storage room
 – Rooftop mini-kitchen & grill
 – Entertainment sound system
 – Electricity capacity 7.7 kW
• Floors: 2 levels + rooftop
• Year Built: 2018
• Condition: Excellent / like new
• Zoning: Yellow zone
• Ownership: Leasehold until 2048
• Extension: Available (~USD 33,000 for additional 10 years)

💰 Price & Ownership

📌 Leasehold – Standalone Rooftop Villa

💵 USD 255,000 (nett)
All transactions in IDR. Other currencies for reference only, subject to exchange rate.

Ideal for:
• Private residence near Pererenan
• Digital nomads / remote work lifestyle
• Boutique long-term rental
• Entry investment in a prime North Pererenan location

🌟 Lifestyle & Location Highlights

• Peaceful dead-end road with total privacy
• Surrounded by pandan forest & rice field scenery
• 7 minutes to Pererenan Beach
• 10 minutes to central Canggu
• 3 minutes to Obsidian & Jungle Padel
• 8 minutes to Padel Academy
• 15 minutes to Nuanu creative & lifestyle hub
• Walking distance to cafés, mini markets, wellness & daily conveniences

💼 Investment Potential

• Growing demand for compact luxury villas in Pererenan
• Standalone property with rooftop — rare in this price segment
• Strong appeal for long-stay tenants & remote workers
• Yellow zoning with extension opportunity
• Turnkey condition reduces setup & renovation costs

✨ Why This Villa?

🌿 Private setting surrounded by greenery & views
🏡 Functional 2BR layout + dedicated office
🌅 Large rooftop entertainment space — rare feature
📍 Strategic North Pererenan location near Canggu
🔑 Fully furnished, equipped & move-in ready
📈 Attractive entry-level investment in a prime growth area

📩 Contact us today to arrange a private viewing or receive the full brochure — rooftop villas like this in North Pererenan are limited and highly sought after.",Property listing,1,33000,0,,8 Degree
8D25180,8D25180	- Lux Living,"🌴 Modern Rooftop 2BR Villa in Batu Bolong – Prime Lifestyle & Investment Opportunity ✨🏡

Discover a stylish modern villa in the heart of Batu Bolong, Canggu — one of Bali’s most sought-after lifestyle destinations. Designed with a contemporary tropical aesthetic, this 2-bedroom residence combines functional living spaces, rooftop leisure areas, and turnkey delivery, making it ideal for both personal use and rental investment.

Spanning three floors, the villa features a bright enclosed living space with sunken lounge, a private ground-floor pool, and a rooftop retreat complete with plunge pool, seating area, and powder room. Located just minutes from Batu Bolong Beach and surrounded by cafés, restaurants, and boutique shops, the property offers a rare balance of convenience, privacy, and strong rental appeal.

📍 Location: Batu Bolong, Canggu — prime lifestyle area
🌊 Lifestyle: Walking distance to beach, cafés & social hotspots
🏗 Status: Under construction / near completion (2025)
🔑 Delivery: Fully furnished turnkey

🏠 Villa Details

• Land Size: ±86–98 m²
• Building Area: 188 m²
• Bedrooms:
 – 2 ensuite bedrooms
• Bathrooms:
 – 2 ensuite bathrooms
 – 2 guest toilets / powder rooms
• Floors: 3 levels
• Design: Modern tropical with warm textures
• Living & Dining:
 – Enclosed sunken living room
 – Open-plan kitchen & dining space
• Kitchen:
 – Fully equipped kitchen
• Outdoor:
 – Ground-floor private swimming pool
 – Rooftop plunge pool with seating area
 – Rooftop lounge with powder room & laundry space
• Features:
 – High ceilings & large windows for natural light
 – Fully furnished turnkey delivery
• Parking: On-site parking available
• Ownership: Leasehold ±25 years (until around 2050)
• Extension: Guaranteed extension option available

💰 Price & Ownership

📌 Leasehold – Batu Bolong Rooftop Villa

💵 USD 275,000 – 295,000
💵 Approx. IDR 4,956,000,000
(Reference price only — all transactions in IDR)

🌟 Lifestyle & Location Highlights

• Prime Batu Bolong location near cafés & restaurants
• ±9 minutes walk to Batu Bolong Beach
• Close to beach clubs, boutiques & co-working spaces
• Easy access to Echo Beach, Berawa & Pererenan
• Vibrant expat and tourism community
• One of Canggu’s strongest short-term rental areas

💼 Investment Potential

• High demand for compact luxury villas in Batu Bolong
• Ideal for short-term holiday rentals
• Rooftop pool concept adds premium rental value
• Turnkey setup suitable for remote investors
• Limited supply of modern villas within walking distance to the beach
• Strong long-term appreciation in Canggu prime zones

✨ Why This Property?

🌴 Prime Batu Bolong lifestyle location
🏡 Modern 2BR layout across three levels
🏊 Dual pools — ground floor & rooftop
🔑 Fully furnished turnkey investment
📍 Walking distance to beach & hotspots
📈 Strong rental demand in Canggu’s core tourism area

📩 Contact us for full details, availability, or to arrange a private viewing — modern rooftop villas in Batu Bolong with this location and price point are increasingly rare.",Property listing,1,275000,0,,8 Degree
8D25185,8D25185	- Pronoia Villa,"🌊 Off-Plan Modern 2BR Villa Near Jimbaran Beach – Coastal Resort Investment Opportunity ✨🏡

Experience the rare opportunity to secure a modern luxury villa within a future 5-star resort environment just moments from Jimbaran Beach. Designed to combine contemporary architecture, premium infrastructure, and resort-style living, this off-plan development offers a refined balance between lifestyle ownership and long-term investment in one of Bali’s most established coastal destinations.

Positioned in a designated touristic (pink) zone and within walking distance to the shoreline, the project is set to become a full-service resort upon completion in June 2027. Each villa is thoughtfully designed with clean architectural lines, quality materials, and elegant finishes to ensure comfort, privacy, and global hospitality standards—ideal for both personal use and passive rental income.

📍 Location: North Jimbaran — near Jimbaran Beach
🌴 Lifestyle: Coastal living, beachfront dining & resort surroundings
🏗 Status: Off-plan | Estimated completion June 2027
🏘 Availability: 5 units

🏠 Villa Details

• Land Size: 287 m²
• Building Area: 126 m²
• Bedrooms:
 – 2 bedrooms
• Bathrooms:
 – 2 ensuite bathrooms + guest toilet
• Floors: 1 level
• View: Pool view
• Style: Modern contemporary design
• Living & Dining:
 – Fully enclosed living room
 – Enclosed dining area
• Kitchen:
 – Enclosed kitchen
• Storage: Available
• Outdoor:
 – Private swimming pool (±60 m²)
 – Garden
 – Terrace / relaxation area
• Facilities:
 – Furnished
 – 4 air-conditioning units
 – Drilled well water source
 – Community parking area
 – Security post
• Surrounding: Touristic zone
• Leasehold: 28 years

💰 Price & Ownership

📌 Leasehold Villa – Near Jimbaran Beach

💵 IDR 8,320,000,000
(Reference price only — all transactions in IDR)

🌟 Lifestyle & Location Highlights

• Walking distance to Jimbaran Beach
• Surrounded by luxury resorts & seafood dining spots
• 15 minutes to Ngurah Rai International Airport
• Easy access to Uluwatu, Nusa Dua & Kuta
• Established tourism infrastructure & high visitor demand
• Rare availability of new coastal developments

💼 Investment Potential

• Located in high-demand coastal tourism zone
• Future 5-star resort concept with professional management potential
• Strong rental appeal for holiday stays
• Limited beachfront development opportunities increase long-term value
• Ideal for foreign investors seeking passive income structure
• Attractive entry price for Jimbaran coastal property

✨ Why This Property?

🌊 Walking distance to Jimbaran Beach
🏡 Modern 2-bedroom design within resort development
📍 Prime touristic zoning with strong future demand
🏗 Off-plan opportunity with value appreciation potential
🔑 Turnkey concept with management possibilities
📈 Strategic coastal investment in one of Bali’s most established destinations

📩 Contact us to receive full details, availability, or project brochure — coastal off-plan villas near Jimbaran Beach with resort concepts are limited and highly sought after.",Property listing,1,0,0,,8 Degree
IMPORT_ROW_0052,Empty import row (IMPORT_ROW_0052),,Property listing,1,0,0,,8 Degree
IMPORT_ROW_0053,Empty import row (IMPORT_ROW_0053),,Property listing,1,0,0,,8 Degree
Website_Listing,Website Listing,,Property listing,1,0,0,,8 Degree
8DV28,🏡 Semesta Villas – Luxury 3-Bedroom Villas in Bali,"🏡 Semesta Villas – Luxury 3-Bedroom Villas in Bali

For Sale: Spacious 3-bedroom, 3-bathroom villas offering private pools and premium interiors in a serene location.

🌟 Villa Details:

Land Size: 200 m² | Building Size: 183 m²
Private Pool | Spacious Living Area
Price: IDR 6.2 billion (~USD 390,000)
LH: 40 years + 20-year extension
Payment Structure: 50% DP, 50% at handover
🌟 Features & Amenities:

Smart home technology
Fully furnished with premium materials
Communal garden, secure area
🌟 ROI: Estimated at 10% annually

📲 Contact us today to secure your villa!",Property listing,1,390000,0,,8 Degree
8DV33,8DV33 - The Skye Villa Seminyak,"🏡 LUXURY VILLA IN SEMINYAK FOR SALE OR LEASE 🌴

Discover a stunning modern villa with a spacious layout, offering luxurious living across two floors. Featuring a private pool and exclusive amenities, this villa is the perfect blend of elegance and comfort in Bali’s prime location of Seminyak.

📍 Location: Seminyak, Bali

10-minute walk to Seminyak Beach & Double Six Beach
10 minutes to Kuta Beach
20 minutes to Ngurah Rai International Airport
Close to coffee shops, restaurants, and supermarkets

🏠 Villa Details:

Land Area: 400 sqm
Building Area: 280 sqm
2 Storeys
4 Bedrooms with En-suite Bathrooms (with Bathtubs)
Master Bedroom on the 2nd Floor
1 Guest Toilet
Modern Kitchen with Custom Furniture
Appliances by Hafele & Bosch
Open/Closed Living Room
Private Swimming Pool (4m x 9m)
Storage/Laundry Room
Electricity: 11,700 Watt
Water Heater with Solar Panel
FH (SHM) & IMB (Building Permit)

💎 High-Quality Finishes:

All-natural stone (no ceramic)
Aluminum frames & tempered glass
Large 2x2m bed in the main bedroom

💰 Price:

IDR 15.4 Billion (FH)
30-Year Lease: IDR 12.5Billion (LH)

Don't miss the chance to own or lease this luxurious villa in the heart of Seminyak! Contact us today for more details and viewings.",Property listing,1,0,0,,8 Degree
8DV35A,8DV35 - Lily Villas & Townhouses,"🏝️ LILY VILLAS & TOWNHOUSES – LUXURY LIVING IN PERERENAN, BALI 🌴

For Sale: Exclusive 2-bedroom villas and townhouses in the heart of Pererenan, offering a tranquil yet vibrant lifestyle just minutes from Bali’s best beaches.

Nestled among lush rice fields and serene surroundings, Lily Villas & Townhouses provide the perfect blend of modern luxury and nature. Ideal for both personal living or as a high-yield rental investment.

🌟 Key Highlights:

Land Title: LH 28 years + 25-year priority extension
Unit Size:
Townhouse Unit 3: 114 m² building on 92 m² land
Building Style: Modern, tropical-inspired, eco-living design
Completion Date: January 2026
Furniture: Fully furnished with premium decor and eco-friendly materials
Bedrooms: 2
Bathrooms: 2 spacious bathrooms with high-end fixtures
Private Pool: Private garden, pool, and pool deck in each unit
Eco-Living Features: Built with sustainable materials and energy-efficient systems
ROI: Minimum 10% annual yield, potential break-even in 7 years

🌟 Why Choose Lily Villas & Townhouses?

Located just 5 minutes from the beach and surrounded by popular cafes and beach clubs like Echo Beach and La Brisa, Lily Villas & Townhouses offer a unique combination of luxury, location, and sustainability. Whether as a personal home or a rental investment, this is your opportunity to live or invest in one of Bali’s most sought-after locations.

🌟 Pricing:

Townhouse Unit 3: Starting at USD 250,000
Management Services Available: Rental management, guest services, and full maintenance by a professional team.",Property listing,1,250000,0,,8 Degree
8DV35D,Listing 8DV35D,,Property listing,1,0,0,,8 Degree
8DV35B,3 Bedroom,"🌿 Stylish 3BR Eco Villas in Pererenan – Luxury Living with Rice Field Views

Discover serene, sustainable living just minutes from the beach with Lily Villas & Townhouses – a boutique development of 3-bedroom residences nestled in the heart of Pererenan. Designed with tropical elegance and eco-conscious materials, each villa offers the perfect harmony of comfort, aesthetics, and long-term value.

📍 Location: Pererenan, Bali
Views: Lush rice fields and garden surroundings

🏠 Villa Features:
• Land Size: 168 m² (1.68 are)
• Building Size: 200 m²
• Bedrooms: 3 – All with ensuite bathrooms
• Bathrooms: 3 – Featuring modern fittings and finishes
• Living Room: Enclosed, bright and airy with tropical touches
• Kitchen: Fully equipped with premium appliances
• Dining Area: Integrated with the living room for social flow
• Private Pool: Lush garden setting with pool and sun deck
• Furnishing: Fully furnished with sustainable materials and tasteful decor
• Parking: Available on-site
• Year Built: Estimated completion January 2026
• Design: Modern eco-style with tropical elements

🌟 Amenities & Lifestyle:
• 5 minutes to Pererenan Beach
• Close to popular cafés, boutiques, and beach clubs
• Tranquil yet connected – ideal for peaceful living or rental income
• Community-focused design with greenery and privacy
• Built for modern tropical living with low environmental impact

💰 Investment Potential:
• Projected ROI: 10%+ annually
• Break-even potential within 7 years
• Ideal for holiday rentals or long-term stays
• Rental & maintenance management available for passive ownership

📜 Ownership Details:
• Leasehold: Until 2053 with 25-year priority extension
• Title: Secure leasehold with full documentation
• Permits: IMB & PBG in process
• Completion: January 2026
• Pricing: USD 350,000

✨ Why Choose Lily Villas?
🌾 Rice Field Vibes – Wake up to peaceful green views
🌿 Sustainable Living – Eco-conscious design and materials
💼 Hassle-Free Ownership – With rental & maintenance services
📍 Prime Pererenan Location – Steps from cafés and surf
🏡 Ideal Investment or Family Home – Modern, functional, beautiful

📞 Contact us today to schedule a private viewing or receive the full brochure on these exclusive Pererenan eco-villas.",Property listing,1,350000,0,,8 Degree
8DV35C,Villas,"🌿 Stylish 2BR Eco Villas in Pererenan – Luxury Living with Rice Field Views

Discover serene, sustainable living just minutes from the beach with Lily Villas & Townhouses – a boutique development of 2-bedroom residences nestled in the heart of Pererenan. Designed with tropical elegance and eco-conscious materials, each villa offers the perfect harmony of comfort, aesthetics, and long-term value.

📍 Location: Pererenan, Bali
Views: Lush rice fields and garden surroundings

🏠 Villa Features:
• Land Size: 104 m² (1.04 are)
• Building Size: 92 m²
• Bedrooms: 2 – All with ensuite bathrooms
• Bathrooms: 2 – Featuring modern fittings and finishes
• Living Room: Enclosed, bright and airy with tropical touches
• Kitchen: Fully equipped with premium appliances
• Dining Area: Integrated with the living room for social flow
• Private Pool: Lush garden setting with pool and sun deck
• Furnishing: Fully furnished with sustainable materials and tasteful decor
• Parking: Available on-site
• Year Built: Estimated completion January 2026
• Design: Modern eco-style with tropical elements

🌟 Amenities & Lifestyle:
• 5 minutes to Pererenan Beach
• Close to popular cafés, boutiques, and beach clubs
• Tranquil yet connected – ideal for peaceful living or rental income
• Community-focused design with greenery and privacy
• Built for modern tropical living with low environmental impact

💰 Investment Potential:
• Projected ROI: 10%+ annually
• Break-even potential within 7 years
• Ideal for holiday rentals or long-term stays
• Rental & maintenance management available for passive ownership

📜 Ownership Details:
• Leasehold: Until 2053 with 25-year priority extension
• Title: Secure leasehold with full documentation
• Permits: IMB & PBG in process
• Completion: January 2026
• Pricing: USD 275,000

✨ Why Choose Lily Villas?
🌾 Rice Field Vibes – Wake up to peaceful green views
🌿 Sustainable Living – Eco-conscious design and materials
💼 Hassle-Free Ownership – With rental & maintenance services
📍 Prime Pererenan Location – Steps from cafés and surf
🏡 Ideal Investment or Family Home – Modern, functional, beautiful

📞 Contact us today to schedule a private viewing or receive the full brochure on these exclusive Pererenan eco-villas.",Property listing,1,275000,0,,8 Degree
8DV36A,8DV36a - Natadesa (Pendet),"Sustainable Luxury Villas in Jimbaran – Greenship Living, Ocean Views & Exceptional Investment Potential 🌿🌊
Welcome to Jimbaran Hijau, a groundbreaking residential development that redefines luxury living through sustainability, community integration, and design excellence. Nestled in Bali’s first Greenship Platinum-certified neighborhood, these limited-edition villas are part of a visionary eco-conscious lifestyle enclave in the heart of Jimbaran. Whether you’re seeking a serene family sanctuary, a dynamic work-life balance, or a high-return investment, Jimbaran Hijau offers an unparalleled opportunity.
📍 Location: Jimbaran, Bali – premium hilltop location with ocean views, close to international schools and top-tier amenities
 🏞️ Views: Ocean panoramas, landscaped green zones, and thoughtfully designed communal spaces

🏡 Villa Options & Features:
Villa Pendet – Tranquil Elegance
 • Land Size: 472.5 m²
 • Building Size: 400 m²
 • Bedrooms: 3 spacious suites
 • Bathrooms: 3
 • Price: IDR 16,254,000,000 (~USD 1,016,000)
 • Design Theme: Peaceful retreat with natural textures and open-concept layout
Villa Janger – Social & Family-Oriented
 • Land Size: 525 m²
 • Building Size: 470 m²
 • Bedrooms: 4 spacious suites
 • Bathrooms: 4
 • Price: IDR 18,798,000,000 (~USD 1,175,000)
 • Design Theme: Light-filled layout ideal for families and entertaining
Villa Legong – Refined Balinese Sophistication
 • Land Size: 625 m²
 • Building Size: 470–520 m²
 • Bedrooms: 5 luxurious suites
 • Bathrooms: 5
 • Price: IDR 22,507,000,000 (~USD 1,379,000)
 • Design Theme: Balinese elegance with modern luxury across expansive interiors
All villas are crafted with high-end sustainable materials and celebrate Bali’s cultural richness through architectural artistry.

🌟 Lifestyle & Outdoor Amenities:
• Ocean-view dining, cafes, and recreational hubs within walking distance
 • Green open spaces, curated landscaping, and community gardens
 • Outdoor lounges and family recreation areas
 • Co-working spaces, wellness centers, and playgrounds
 • High-speed internet, smart infrastructure, and 24/7 security
 • Proximity to international schools, healthcare, and shopping centers

💰 Investment Potential:
• Land Title: Freehold (Flexible ownership structures available)
 • Greenship Certification: Platinum-level eco-responsibility and long-term value protection
 • High Capital Appreciation: Located in a fast-developing premium zone of Bali
 • Lifestyle Community: Integrated living concept supports rental and resale value
 • Ready for Occupancy: Limited units available—act now for the best selections

✨ Why Choose Jimbaran Hijau?
🌱 Bali’s First Platinum Greenship Community – Live in a pioneering eco-neighborhood
 🏡 Architectural Harmony – Balinese design infused with modern minimalism and sustainability
 🏖️ Lifestyle Meets Location – Minutes to Jimbaran Beach, top schools, and vibrant social hubs
 📈 Long-Term Investment – Ideal for discerning buyers who value quality, community, and growth potential
📞 Contact us today to schedule your private site visit or receive the full brochure. These villas offer more than a home—they offer a lifestyle that honors Bali’s future.",Property listing,1,1379000,0,,8 Degree
8DV37,8DV37 - Archestet Villa (Berawa),"🏝️ ARCHESTET VILLAS – LUXURY SMART LIVING IN BERAWA, BALI 🌴

For Sale: Last unit available! Experience modern luxury and smart home living at Archestet Villas, located just 7 minutes from Berawa Beach. Designed for families who value comfort and functionality, these villas offer a blend of contemporary design with advanced smart home features.

🌟 Key Highlights:

Price: USD 690,000
Land Title: LH for 23 years (extendable)
Total Area: 250 m² (220 m² indoor, 30 m² outdoor)
Bedrooms: 3 spacious bedrooms with king-sized beds
Bathrooms: Equipped with a bathtub, shower, and smart toilet
Building Style: Modern 2-floor villa with premium finishes

🌟 Included Features:

Large swimming pool with a chill area featuring sofas and sunbeds
Backyard garden for a peaceful outdoor retreat
Smart home system with voice and smartphone control
Double-glazed windows for energy efficiency and noise reduction
Co-working space for work-from-home convenience
Good air circulation (360 Cassette system)
Walk-in closet with Dyson hair dryer
Fully equipped kitchen with oven, chiller, water dispenser, stove, hood, and dishwasher

🌟 Why Choose Archestet Villas?

Located just minutes from the picturesque Berawa Beach and close to Bali’s trendy cafes and beach clubs, Archestet Villas provide a perfect blend of luxurious living and smart home functionality. With only one unit left, this is your chance to secure a high-end villa in one of Bali's most desirable areas.

🌟 Pricing:

Price per sqm: USD 2,760
Total Price: USD 690,000 (last unit available!)

Don’t miss the opportunity to own this exclusive villa in the heart of Berawa, Bali.",Property listing,1,690000,0,,8 Degree
8DV45,8DV45 - Twinhouse (Ubud),"🌿 AN ARCHITECTURAL GEM IN BALI’S LUSH JUNGLE 🌴

Experience Twin House, a unique masterpiece of contemporary and traditional Indonesian architecture in Bali’s serene jungle. Redesigned and fully renovated in 2021, this luxurious villa combines modern amenities with heritage elements, creating an extraordinary living experience.

🌟 Key Features and Amenities:

Total Land Size: 1,150 sqm (700 sqm main land + 450 sqm across the river)
Total House Size: 520.5 sqm
Bedrooms: 3, including a master suite with pool views
Bathrooms: 3.5
TV/Media Room and a Glass Mezzanine Floor with creativity zones
Enclosed Living & Dining Room: Overlooking river and jungle views
Outdoor Spaces: Large terrace with sun loungers, shaded outdoor dining, and pool lounging area

🏖️ Exclusive Features:

Pool Size: 37.4 sqm (12.4m x 3m)
Architect: Alexis Dornier
Historic Artefacts: Featuring original Javanese structural elements as art
Designer Kitchen: Open-concept with island and wine fridge
Air Conditioning: Split systems in all bedrooms and the TV room
Sustainable Materials: Compressed bamboo fiber ceilings and reclaimed teak wood floors
Gated Community: With 3,000 sqm of shared public gardens

Price : $ 1,500,000

💧 Engineering and Systems:

Water Source: Deep well with advanced filtration systems
Electricity: 16KW
Security: 24-hour security with CCTV and automated door lock
LH: Main land until Dec 2057; land across the river until April 2055

🌟 Why Choose Twin House?

Prime Location: Nestled in an exclusive, gated community with scenic jungle and river views
Architectural Integrity: A fusion of contemporary design and traditional Indonesian aesthetics
Privacy and Luxury: Spacious layout, private pool, and elegant interiors for a serene lifestyle
Twin House is not just a home; it’s a statement of art and architecture in the heart of Bali’s natural beauty. Contact us for more information or to arrange a viewing and make this masterpiece yours!",Property listing,1,0,0,,8 Degree
8DV54,"🏝️ YOUR MODERN ESCAPE IN UMALAS, BALI 🌴","🏝️ YOUR MODERN ESCAPE IN UMALAS, BALI 🌴

For Sale: Exclusive LH villas in Bali’s sought-after Umalas district, offering the ultimate in luxury and convenience, surrounded by Bali’s top beach clubs, cafes, and surf spots.

Experience a modern living environment with premium amenities, prime location, and stylish design—perfect for those looking to own a slice of paradise.

🌟 Key Highlights:

Land Title: LH (29 years with an option for a 30-year extension)
Unit Types: 3 and 4-bedroom villas, thoughtfully designed for comfort and style
Building Style: Modern design with spacious rooftop lounge, private pools, and garden
Furniture: Fully furnished with top-quality finishes and modern amenities
Private Pool: Each villa includes two private pools for ultimate relaxation
Prime Location: Nestled in Umalas, minutes from Bali’s best beach clubs like Finns and Potato Head, fitness centers, and shopping
Investment Potential: Up to 25% ROI with professional villa management and strong rental demand

🌟 Why Choose This Property?

This residence offers a unique blend of luxury, convenience, and prime location, making it an ideal choice for both a peaceful Bali retreat and a high-return investment. Enjoy hassle-free rental management with our exclusive property management services, covering everything from maintenance to guest services.

🌟 Available Units & Prices:

3-Bedroom Villas (106-129 m² land, 152 m² building): Starting at $319,000 USD
4-Bedroom Villas (135-155 m² land, 189 m² building): Pricing available on request

Discover the ultimate in tropical luxury and investment potential! 🏖️",Property listing,1,0,0,,8 Degree
8DV56,"🏝️ EXCLUSIVE VILLAS IN UMALAS, BALI 🌴","🏝️ EXCLUSIVE VILLAS IN UMALAS, BALI 🌴

For Sale: Luxurious villas in Bali’s serene Umalas area, ideal for high-end living or investment. Each villa is designed with spacious layouts, premium features, and a prime location near Bali's attractions.

🌟 Available Villas & Pricing:

De Oaza

Villa No. 1
Land Size: 232 m²
Building Size: 314 m²
Bedrooms: 3
Price: Contact for pricing details

De Copac

Villa No. 2
Land Size: 318 m²
Building Size: 322 m²
Bedrooms: 3
Price: IDR 8,547,000,000 (Hard Cash) | IDR 8,974,350,000 (10-Month Installment)

De Roca

Multiple Villas Available (No. 3, No. 5, No. 6, No. 7, No. 8, No. 9, No. 10, No. 11, No. 12, No. 15, No. 16, No. 17)
Land Size: Range 131-291 m²
Building Size: Range 222-256 m²
Bedrooms: 3 for each villa
Price Range: From IDR 4,939,500,000 (approximately $315,000 USD) to IDR 8,974,350,000 (approximately $571,500 USD), depending on villa type and payment plan

🌟 LH Period: 25 years with an option for a 20-year extension.

🌟 Why Choose This Property?

These villas offer a tranquil, luxurious lifestyle with private pools, rooftop gardens, and high-end finishes, all within minutes of Bali’s best beaches, dining, and nightlife. With flexible payment options and significant rental income potential, this is a unique investment in Bali’s rapidly growing market.

Contact us for more details! 🏖️",Property listing,1,0,0,,8 Degree
8DV57,"🏝️ EXCLUSIVE SEAVIEW VILLAS IN PERERENAN, BALI 🌴","🏝️ EXCLUSIVE SEAVIEW VILLAS IN PERERENAN, BALI 🌴

For Sale: Luxurious seaview villas in Bali’s picturesque Pererenan area, designed for sophisticated living or a profitable investment. Each villa offers stunning ocean views, a private pool, and access to Bali’s finest attractions.

🌟 Villa Type: Moana

Land Size: 150 - 196 m²
Building Size: 282 - 316 m²
Bedrooms: 3 spacious bedrooms
Price Range: IDR 7,161,165,000 to IDR 8,221,437,000 (approximately $456,000 to $524,000 USD)

🌟 Ownership: FH or LH for 30 + 20 years extension

🌟 Why Choose This Property?

These villas combine luxury with breathtaking ocean views, private pools, and rooftop gardens, offering a perfect retreat or high-return investment opportunity in Bali’s dynamic market. With flexible payment options and prime location, this is an unmatched investment in Bali’s exclusive Pererenan area.

Contact us for more details! 🏖️",Property listing,1,0,0,,8 Degree
8DV105,"A hidden gem in the peaceful enclave of Tanah Lot, this elegant 2-bedroom, 3-bathroom villa is a rare blend of privacy and timeless charm. Fully furnished and beautifully maintained, it sits on 250...","A hidden gem in the peaceful enclave of Tanah Lot, this elegant 2-bedroom, 3-bathroom villa is a rare blend of privacy and timeless charm. Fully furnished and beautifully maintained, it sits on 250 m² of freehold land with a 194 m² build, offering a seamless indoor-outdoor lifestyle framed by lush rice paddy views and a gentle riverside backdrop. Thoughtfully designed for comfort and functionality, the villa features a spacious pool, natural surroundings, and a welcoming ambiance that suits both a tranquil residence and a smart investment. Freehold title ensures lasting value in one of Bali’s most culturally rich locations.

Amenities :

Inhouse garage, can be rebuild to 3 bedroom

Calm environment

Close to several beaches; Kedungu, Seseh, Nyanyi

Authentic village setting

Close to shops and restaurants

Close to the famous Tanah Lot Temple and Park

5 minutes to Luna Beach Club in Nyanyi

15 minutes to Canggu beach",Property listing,1,0,0,,8 Degree
8D2501,8D2501 - Kito Villa (Jimbaran),"🌴 Discover a New Standard of Luxury Living in Bali 🌴

Imagine stepping into a brand-new, four-bedroom villa, where contemporary Balinese style harmoniously blends with elegant modern design and local artistry. This villa offers an exceptional sanctuary designed for both relaxation and entertainment.

🏠 Living Space:

284 m² of modern, open-concept living

Four spacious bedrooms, each with its own private bathroom, ensuring comfort and privacy

A fully equipped kitchen featuring an oven, hob, refrigerator, and dishwasher for effortless culinary experiences

💦 Outdoor Oasis:

An impressive 72 m² swimming pool with a luxurious lounge area, perfect for sun-soaked afternoons or moonlit swims

A covered patio area designed for social gatherings and family dinners

An inviting outdoor shower, ideal for rinsing off after a dip in the pool or a beach trip

🧘 Wellness & Relaxation:

A serene yoga and meditation room that offers the perfect retreat for body and mind

A modern sauna, designed for relaxation and rejuvenation

🎥 Entertainment & Comfort:

A home cinema with a new-generation laser projector and premium acoustics, creating an incredible movie-night experience

Designer LED and RGB lighting that highlights the villa’s unique architectural features, transforming every evening into a magical atmosphere

🚗 Additional Features:

A spacious, automated garage ensuring secure parking for vehicles and scooters

A laundry room and dedicated storage space for your convenience

A state-of-the-art water filtration system (osmosis), a 70-meter well with a water tank, and a bio-septic tank for eco-friendly living

🌳 Nature & Surroundings:

Nestled in a guarded villa complex with lush landscaping, including giant mango and Java plum trees, offering a private and tranquil environment

Nearby cafes, shops, and wellness studios enhance the lifestyle experience

📍 Perfect Location:

Supermarkets, international schools, universities, coworking spaces, and top tourist attractions are all within minutes’ reach

Proximity to Bali’s most famous beaches, cultural landmarks, and vibrant nightlife

💰 Investment Potential:

Flexible land lease agreement (28 years + guaranteed 20-year extension)

ROI forecasts between 11.2% and 20.8% annually, with a payback period ranging from 4.8 to 8.9 years, depending on the management style chosen

Experience unparalleled luxury, designed for those who value quality, comfort, and a unique Balinese soul. Embrace the opportunity to invest in a lifestyle that balances privacy, elegance, and connection to the vibrant culture of Bali.",Property listing,1,0,0,,8 Degree
8D2505,8D2505 - Villa M (Tumbak Bayuh),"Modern Tranquility in Tumbak Bayuh – 5BR Estate with Cinema, Office & 94m² Pool near Canggu 🌾🏡

Step into timeless elegance with this newly built luxury estate tucked away in the peaceful enclave of Tumbak Bayuh, just minutes from the heart of Canggu. With panoramic rice field views, high-end amenities, and meticulous modern design, this 5-bedroom residence is a standout in Bali’s prime residential market. Limited to just 2 units, this is a rare opportunity to secure space, style, and serenity in one of the island’s most desirable locales.

📍 Location: Tumbak Bayuh, North Pererenan – Private, greenbelt area close to central Canggu
🌿 Surroundings: Residential neighborhood with luxury villas and easy access to Bali’s best beach clubs, restaurants, and cafes

🏡 Villa Features
Space, Style & Smart Functionality in a Private Estate
• Land Size: 1,130 – 1,120 m²
• Building Size: 828 – 940 m²
• Bedrooms: 5 spacious bedrooms, all with ensuite bathrooms
• Living Areas: Large enclosed living room with sunken lounge and high ceilings
• Kitchen: Modern enclosed kitchen with dining space and premium appliances
• Bonus Rooms:
 – Dedicated home cinema room
 – Private office with views
 – Staff quarters with separate toilet
 – Guest powder room
 – Storage room
• Pool: Oversized 94 m² private swimming pool surrounded by tropical garden
• Outdoor: Alfresco dining area, covered terrace, balconies, and green zones
• Furnishing: Fully furnished with elegant, high-end interiors
• Utilities:
 – Electricity: 33,000 watts
 – Water Source: Drilled well with filtration
 – Internet: Fiber optic-ready
 – Parking: Secure garage

🌟 Lifestyle & Location Highlights
• Surrounded by rice fields and tranquil green zones
• 5–10 minutes to Jungle Paddle, Pererenan Beach, Finns Beach Club & Atlas Beach Fest
• Ideal for families, digital nomads, or luxury holiday rental investment
• Quiet residential street with high-end villas and a premium community feel
• Designed for both entertaining and peaceful everyday living

💼 Ownership, Developer & Investment Details
• Price: USD 1,688,000
• Ownership: Leasehold – 41 years (extension available)
• Construction Status: Completed – Real photos coming soon
• Developer: Built by a leading Canggu-based developer known for delivering high-spec villas across Pererenan and Tumbak Bayuh. Their portfolio includes premium residential and investment projects that consistently exceed expectations in both finish and rental ROI.
• Investment Potential:
 – Projected high rental returns due to size, amenities, and location
 – Rare availability of large, modern 5BR villas with cinema and office
 – Excellent long-term residence or income-generating property

✨ Why This Estate is a Top-Tier Choice
🏡 Signature Design – A perfect mix of modern tropical architecture and thoughtful luxury
🎥 Unique Features – Private cinema, professional-grade office, and oversized pool
📍 Strategic Location – Quiet yet minutes from Canggu’s action
📈 Long-Term Value – Leasehold until 2065 with excellent resale and ROI outlook

📞 Contact us now to request the full brochure or book a private tour. Only 2 units available – secure your luxury Bali estate today in one of the island’s fastest-growing areas.",Property listing,1,1688000,0,,8 Degree
8D2506,8D2506 - Villa Ariete (Tumbak Bayuh),"Modern 3-Bedroom Villa in Pererenan – Brutalist Elegance, Rooftop Views & Exceptional ROI Potential

Welcome to a standout opportunity to own a newly built, design-forward villa nestled in the highly sought-after area of Pererenan, Bali. Located in the peaceful enclave of Tumbak Bayuh and Tiying Tutul, this modern 3-bedroom residence combines bold architectural aesthetics with tropical serenity—perfect for families, digital nomads, and savvy investors seeking high returns. Only 10 minutes to Pererenan Beach and within easy reach of Canggu’s trendy cafes and boutiques, this villa delivers a harmonious lifestyle of privacy, convenience, and luxury.

📍 Location: Tumbak Bayuh / Tiying Tutul, Pererenan, Bali
🏞️ Views: Tropical garden, pool, and rooftop panoramas

🏡 Villa Features:
• Land Size: 380 m²
• Building Size: 332 m² across 2 floors
• Bedrooms: 3 spacious ensuite bedrooms with walk-in wardrobes
• Bathrooms: 4 (3 ensuite + 1 guest)
• Living & Dining Areas: Enclosed open-plan layout with double AC
• Kitchen: High-tech BOSCH appliances, pantry, dining area
• Architecture: Bold tropical brutalist design with raw concrete aesthetics
• Furnishing: Fully furnished with sophisticated custom pieces
• Storage & Utility: Large storage, laundry room, helper’s quarters

🌟 Lifestyle & Outdoor Amenities:
• Private Pool: 40 sqm centerpiece surrounded by lush garden & sundeck
• Garden & Terrace: Mini tropical garden, poolside decks for sunbathing
• Private Rooftop Terrace: With BBQ setup and panoramic sunset views
• Balconies: All bedrooms feature private balconies
• Bay Windows: Floor-to-ceiling windows for light-filled, airy interiors
• Electricity: 16,000 watts
• Water Source: Private drilled well with filtered system
• Parking: Private garage for car and motorbike access

💰 Investment Potential:
• Leasehold Until: November 2052 (27–28 years)
• Price: Starting at USD 649,000 (Fully furnished) to USD 736,000 (Unfurnished/off-plan)
• Rental Demand: High – Ideal for holiday rentals or long-term leasing
• Construction Quality: Guaranteed 1-year warranty from trusted European-standard developer
• Off-Plan Option: 12-month build time available for personalization
• Open for Sublease: Flexibility for rental income generation

✨ Why Choose This Villa?
🏝️ Prime Pererenan Location – Minutes to the beach, top dining, and wellness hubs
🏗️ Architectural Statement – Chic brutalist design with tropical soul
🌇 Rooftop Sunset Lounge – Unique entertaining space with panoramic views
💼 Turnkey or Customizable – Ready-to-move-in or personalize your finish
📈 Smart Investment – Long lease, high ROI, in one of Bali’s fastest-growing areas

📞 Contact us today to schedule your private viewing or receive the full brochure and villa plans. This is your chance to own a piece of Bali’s modern luxury.",Property listing,1,736000,0,,8 Degree
8D2507,8D2507 - Gemini Alpha Villa (Tumbak Bayuh),".🌿Modern 4-Bedroom Villa in Tumbak Bayuh – Earthy Elegance, Spacious Family Design & Strong Investment Potential

Welcome to a rare opportunity to own a beautifully crafted villa in the peaceful and family-friendly enclave of Tumbak Bayuh, Pererenan. Thoughtfully designed by a renowned Italian designer, this brand-new 4-bedroom property blends modern tropical architecture with earthy tones and natural materials—delivering a warm, grounded aesthetic ideal for families, long-term residents, or investors seeking strong returns in Bali’s rising real estate market.

📍 Location: Tumbak Bayuh, Pererenan, Bali
🏞️ Views: Lush tropical garden and 20-meter pool

🏡 Villa Features:
• Land Size: 460 m²
• Building Size: 267–330 m² across 2 floors
• Bedrooms: 4 spacious ensuite bedrooms
• Bathrooms: 4.5 (4 ensuite + 1 guest powder room)
• Living & Dining Areas: Enclosed open-plan design with high ceilings
• Kitchen: Fully equipped with modern appliances and island layout
• Design: Natural-toned finishes, high-quality build, Italian design flair
• Furnishing: Fully furnished with refined interiors
• Utility Spaces: Laundry room, storage room, staff quarters with private toilet

🌟 Lifestyle & Outdoor Amenities:
• Swimming Pool: 50 sqm (20-meter long) private pool with sundeck
• Garden: Landscaped tropical garden, ideal for relaxation or entertaining
• Parking: Private garage with easy car and bike access
• Electricity: 20,000 watts
• Water Source: Deep well with sustainable supply
• Extras: Twin villa options available—ideal for extended families or rental pairings

💰 Investment Potential:
• Leasehold Until: April 2049 (24 years) – extension available
• Price: USD 680,000 – 771,000 (Fully furnished)
• Rental Demand: High – strategic for both holiday and long-term rental markets
• Location Benefits: Close to Jungle Paddle, Finns Beach Club, Luna Beach Club, and Nyanyi Beach
• Build Quality: Constructed to European standards with excellent resale and ROI potential

✨ Why Choose This Villa?
🏡 Modern Tropical Comfort – Spacious design tailored for family living
🌿 Natural Aesthetic – Earthy, elegant design blending with Bali’s landscape
📍 Prime Location – Minutes to Pererenan, Canggu, and top lifestyle venues
💼 Turnkey Investment – Fully furnished, ready to generate passive income
📈 Strategic Buy – Twin villa setup with high-yield potential and long lease

📞 Contact us today to arrange your private viewing or request the full brochure, floor plan, and ROI projections. Embrace the Bali lifestyle with a villa that truly feels like home.",Property listing,1,680000,0,,8 Degree
8D2518,"8D2518 - Alis Paradise Villa (Canggu, Kayu Tulang)","Kayu Tulang Luxe Haven – Modern 4+1BR Villa with Rooftop Lounge & Rice Field Views 🌾🏡
Experience elevated tropical living in this beautifully renovated 4+1 bedroom villa, nestled in the sought-after enclave of Kayu Tulang, Canggu. Just 3km from Canggu Beach and minutes to Batu Bolong’s vibrant dining, this spacious retreat offers the perfect balance of comfort, style, and convenience. Whether you’re looking for a serene family residence, a lifestyle upgrade, or a promising investment, this modern oasis checks every box.
📍 Location: Kayu Tulang, Canggu – Prestigious residential street with direct access to Raya Canggu and proximity to Echo Beach & La Brisa
 🌿 Surroundings: Surrounded by upscale villas and lush rice fields, with top-rated schools, restaurants, and wellness centers within easy reach

🏡 Villa Features
Stylish Design, Rooftop Views, and Ultimate Comfort
 • Land Size: 625 m²
 • Building Size: 420 m²
 • Bedrooms: 4 spacious bedrooms + 1 staff room
 • Bathrooms: 5 bathrooms (including guest toilet)
 • Living Areas: Enclosed living and dining with large sliding doors for natural flow
 • Kitchen: Fully equipped modern kitchen with stove, fridge, and oven
 • Pool: 9m x 4m private swimming pool surrounded by a landscaped garden
 • Rooftop: Expansive rooftop terrace with rice field views, ideal for entertaining up to 40 guests
 • Extras: Laundry room, storage space, office room, spa room, and guest toilet
 • Furnishing: Fully furnished with contemporary tropical interiors
 • Air Conditioning: Yes (enclosed living and bedrooms)
 • Internet: WiFi-ready (fiber optic)
 • Parking: Onsite parking for 1 car
 • Renovation: Fully renovated in 2023

🌟 Lifestyle & Location Highlights
• 8 minutes to Canggu Beach, Batu Bolong, and top beach clubs like La Brisa
 • Easy access to Raya Canggu and local amenities – cafes, medical centers, boutiques
 • Quiet, secure neighborhood ideal for families, digital nomads, or long-stay guests
 • Rooftop terrace perfect for sunset gatherings, yoga, or entertaining
 • Spacious indoor-outdoor layout ideal for tropical living and hosting

💼 Ownership & Investment Details
• Leasehold: 22 years (extendable)
 • Price: USD 649,000
 • Rental Option: Available for yearly rental (inquire for rates)
 • Construction Year: Originally built 2016, renovated in 2023
 • Title: Hak Sewa (Leasehold)
 • Property ID: HPC3021
 • IMB: On request
 • Investment Potential:
  – High rental demand in one of Bali’s most dynamic neighborhoods
  – Rooftop and location advantages make it ideal for short- or long-term leasing
  – Strong capital appreciation in fast-developing Kayu Tulang corridor

✨ Why This Villa is a Smart Choice
🌅 Rooftop Entertaining – Rare rooftop with panoramic rice field views
 🏡 Move-In Ready – Fully furnished and freshly renovated for immediate use
 📍 Central Yet Peaceful – Quiet location near all of Canggu’s action
 💼 Proven Upside – Competitive lease terms and investment-grade rental appeal

📞 Contact us today to schedule a private tour or request the full property brochure. This is a standout opportunity to secure a modern villa in one of Bali’s most desirable residential zones.",Property listing,1,649000,0,,8 Degree
8D2521,8D2521 - Casa DiCemagi Residenza,"Cemagi Serenity Villas – Modern 3BR Retreats with Ocean & Rice Field Views 🌾🌊

Escape to refined tranquility in this newly completed 2-villa project in peaceful Cemagi, just 500 meters from the beach. Surrounded by lush rice fields and open skies, these 3-bedroom private residences seamlessly blend luxury finishes with natural beauty. Whether you’re seeking an elegant personal sanctuary or a high-yield investment, this rare opportunity in a Pink Zone (tourism zoning) delivers on all fronts.

📍 Location: Cemagi, Bali – Quiet coastal village with easy access to Mengening Beach and Canggu's lifestyle hubs
🌿 Surroundings: Unobstructed 180–270° ocean and rice field views with no adjoining walls – ultimate privacy

🏡 Villa Features
High-End Finishes, Scenic Vistas, and Smart Design
• Price: USD 450,000 per villa
• Units Available: 2
• Leasehold: 28 years
• Land Size: 180 m²
• Building Size: 274 m²
• Bedrooms: 3 bedrooms with ensuite bathrooms
• Bathrooms: 3.5 total (includes guest toilet)
• Living: Sunken lounge with floor-to-ceiling views
• Kitchen: Fully equipped with premium appliances
• Pool: Private swimming pool set against rice fields
• Balcony: Tempered glass balustrade with panoramic views
• Flooring: Terrazzo throughout
• Finishes: Bangkirai wood details, luxury fittings
• Parking: Shared 102 m² carpark
• Internet: Fiber optic
• Water: Drilled well
• Air Conditioning: Yes
• Furnishing: Fully furnished, turnkey condition
• IMB: On request
• Zone: Pink (Tourism) – ideal for short-term rental licensing

🌟 Lifestyle & Location Highlights
• 5-minute walk to Mengening Beach – surf, sunsets, and serenity
• Surrounded by rice paddies and open green zones for lasting views
• Peaceful setting, yet just 10 minutes to trendy cafes and boutiques in Seseh and Pererenan
• Close proximity to Canggu International School and wellness centers
• Ideal for digital nomads, families, or those seeking lifestyle investments
• Quiet neighborhood with excellent rental appeal

💼 Investment Potential
• Developer: Built by an experienced Bali team with a reputation for premium craftsmanship
• Ready to move in – construction completed and furniture installation finalized
• Income-ready with short-term and long-term rental potential in a tourism-zoned location
• High resale and appreciation potential due to unique positioning and view corridors

✨ Why Choose Cemagi Serenity Villas?
🌾 Scenic Solitude – Lush natural views from every angle
🏡 Stylish & Private – High-end finishings in standalone villas with no shared walls
🌊 Near the Beach – Enjoy the best of Bali’s coastline without the crowds
📈 Smart Buy – Prime zone, boutique scale, and immediate move-in readiness

📞 Contact us now to book a private tour or request the full brochure. Only 2 villas remain – secure your slice of tranquil luxury in Bali’s hidden coastal gem.",Property listing,1,450000,0,,8 Degree
8D2524,8D2524 - Jahten House,"🌿 Elegant 4-Bedroom Freehold Estate in Kedungu – River Views, Timeless Design & Prime Investment
Welcome to a rare freehold opportunity in the peaceful and up-and-coming area of Kedungu, Bali. Just minutes from Kedungu Beach and the vibrant Joshua District, this newly built 4-bedroom villa is surrounded by lush jungle, riverbanks, and rice fields, offering an unparalleled sense of calm and privacy.

Built in 2024, this thoughtfully designed residence features 530 m² of interior space on a sprawling 3,200 m² lot, blending minimalist architecture with rich natural textures. Whether you're seeking a tranquil personal retreat or a strategic investment, this property delivers both.

📍 Location: Kedungu, Bali
Views: River, rice fields, jungle, and tropical greenery

🏡 Villa Features:
• Land Size: 3,200 m²
• Building Size: 530 m² (single-level layout)
• Bedrooms: 4 – including a master suite with a custom warm-toned wardrobe
• Bathrooms: 5 – including a guest powder room
• Year Built: 2024
• Design: Contemporary Minimalism using natural dark wood elements
• Living Areas: Expansive open-plan living and dining area with nature views
• Kitchen: Modern, functional kitchen ideal for entertaining
• Furnishing: High-end minimalist finishes, fully furnished
• Zoning: Residential (Yellow Zone) – development flexibility

🌟 Outdoor & Lifestyle Highlights:
• Swimming Pool: 24m x 4.5m lap pool – striking design for both leisure and exercise
• Landscape: Framed by river, lush jungle, and rice paddies for natural tranquility
• Architectural Flow: Clean, linear design that harmonizes with the land
• Entry Experience: Elegant arrival sequence with car access and parking
• Setting: Peaceful yet well connected to beaches and key lifestyle areas

💰 Investment Potential:
• Title: Freehold – secure ownership in one of Bali’s rising locations
• Price: USD 1,850,000
• Zoning: Yellow Zone – ideal for residential or rental development
• Prime Area Growth: Kedungu is fast becoming a new luxury investment hotspot
• Ideal Use: Full-time residence, private retreat, or high-end rental asset

🗓️ Ownership Details:
• Ownership: Freehold
• IMB: Available on request
• Zoning Permit: Yellow Zone (Residential)

✨ Why This Villa Stands Out:
🌴 Freehold Advantage – Rare opportunity to own land in a high-growth zone
🌾 Immersed in Nature – Jungle, rice field, and river views in every direction
🪵 Minimalist Sophistication – Natural wood, clean lines, and refined finishes
🚗 Well-Connected – 7 mins to Kedungu Beach, 10 mins to Pigstone, close to Joshua District
💼 Investment-Ready – New build with strong potential for appreciation & rental returns

📞 Contact us now to arrange a private viewing and receive a full brochure.",Property listing,1,1850000,0,,8 Degree
8D2525,8D2525 - Kaba-kaba Villa,"🏡 Tranquil 4-Bedroom Villa in Kaba-Kaba – Scenic Views, Comfort & Long Leasehold
Welcome to a beautifully crafted 4-bedroom villa in the peaceful and sought-after village of Kaba-Kaba, Tabanan. Surrounded by panoramic rice field views and lush greenery, this single-level estate offers serenity, comfort, and modern elegance—making it the perfect family retreat or high-potential investment. Just 15 minutes to Seseh Beach and 20 minutes to Green School, it seamlessly blends rural tranquility with easy access to Bali’s key lifestyle hubs.

📍 Location: Kaba-Kaba Village, Tabanan – Bali
Views: Protected rice fields, plantations, and tropical gardens

🏡 Villa Features:
• Land Size: 780 m² (7.8 are)
• Building Size: 291 m² – Single-level layout
• Bedrooms: 4 spacious bedrooms with ensuite bathrooms
• Living Areas: Enclosed living & dining space with large glass panels
• Kitchen: Modern fully-equipped kitchen
• Laundry Room: Separate laundry area
• Parking: Carport for up to 3 cars + wide driveway
• Furnishing: Fully furnished with premium finishes
• Pool: 7.3m x 2.6m private pool with scenic views

🌿 Design & Build:
Crafted by a reputable American developer in 2023, the villa boasts high-end materials, minimalist lines, and seamless indoor-outdoor flow. Natural light fills every space, while the tranquil surroundings offer a calming and private atmosphere.

💰 Investment Potential:
• Leasehold: 28 years with flexible extension options
• Price: USD 750,000
• Zoning: Yellow (residential) – fully compliant for rentals or private use
• Rental-Ready: Fully furnished and turn-key
• Rising Market: Kaba-Kaba is gaining recognition as a quiet, high-value area with limited scenic land supply

🗓️ Ownership Details:
• Leasehold Validity: 28–29 years (depending on buyer preference)
• Title: Leasehold
• Legals: Yellow-zoned, compliant for residential use and rental operations

✨ Why Choose This Villa?
🌾 Peaceful Rice Field Views – Directly overlooking protected green belt
🏠 Elegant & Practical Layout – Ideal for families or long-term guests
🪵 Premium Finishes – Turn-key with quality craftsmanship
📍 Strategic Location – Rural charm yet close to beaches and schools
💼 Investment-Ready – Fully furnished with strong rental potential

📞 Contact us today to schedule a private viewing or request further details.",Property listing,1,750000,0,,8 Degree
8D2528,8D2528 - Tomma Villa Ubud,"🏡 LUXURIOUS 4-BEDROOM VILLA WITH JUNGLE & RIVER VIEWS IN UBUD – FOR SALE 🌿
Discover the ultimate tropical retreat in Ubud, Bali, with this exquisite 4-bedroom villa, combining modern elegance with stunning jungle, mountain, and river views. Nestled in a tranquil setting yet just minutes from Ubud’s cultural heart, this property offers both a serene lifestyle and an incredible investment opportunity.
📍 Location: Ubud / Pejeng, Bali
 Views: Lush Jungle, River & Mountain Scenery
🏠 Villa Features:
Land Size: 1,000–1,600 m² (approx. 10 are)
Building Size: Approx. 1,600 m² across 2 floors
4 Bedrooms with ensuite bathrooms
Versatile Living Room – enclosed or open-air layout
Two Modern Kitchens with high-end finishes
Private 14 x 3 m Swimming Pool with scenic jungle backdrop
Large Terrace with lounge area
Storage & Laundry Room
Built in 2022 – Fully Furnished with Contemporary Design


🌟 Amenities:
Master Suite with walk-in wardrobe, dedicated workspace & bathtub
Built-in wardrobes in all bedrooms
Indoor-outdoor flow ideal for tropical living
Tranquil surroundings with quick access to Ubud center (15 minutes)


📜 Ownership Details:
Leasehold until 2055
Option to extend for 15 years at market price
Ideal for use as a luxury residence or high-yield rental investment


💰 Price: USD 1,600,000
✨ Why Choose This Villa?
Breathtaking Natural Views: Wake up to serene jungle and river panoramas every day.
Prime Location: Peaceful yet conveniently close to Ubud’s art, dining, and wellness scenes.
Spacious & Modern: Thoughtfully designed layout perfect for families, retreats, or rental guests.
Turnkey Ready: Comes fully furnished with stylish and functional interiors.
Long-Term Investment: Secure leasehold with extension priority in a highly desirable area.


📞 Contact 8 Degree Real Estate today to arrange a private viewing and make this exceptional Ubud villa your own tropical haven!",Property listing,1,1600000,0,,8 Degree
8D2530,8D2530 - Newhaven North Villa (Cemagi),"🏡 LUXURIOUS 4-BEDROOM VILLA WITH ROOFTOP JACUZZI IN CEMAGI – FOR SALE 🌊
 Indulge in the ultimate Bali lifestyle with this elegant 4-bedroom villa located just 200 meters from Cemagi Beach. Surrounded by peaceful rice paddies and steps from the waves, this brand-new property offers the perfect mix of modern design, luxurious comfort, and serene coastal living—ideal as a private residence or a premium investment opportunity.
📍 Location: Cemagi, Bali
 Views: Ocean & Lush Garden Scenery
🏠 Villa Features:
Land Size: 363 m²
Building Size: 323 m² across 2 floors
4 Bedrooms (4 ensuite, 6 total bathrooms)
Fully Furnished with stylish, turnkey interiors
Enclosed Living Area with high ceilings and natural light
Modern Kitchen with filtered tap water system
Large Private Swimming Pool with lush garden surroundings
Rooftop Jacuzzi with breathtaking ocean views
Outdoor Lounge Areas for sunbathing or entertaining
Modern Minimalist Design with spacious, light-filled interiors
🌟 Amenities:
Rooftop with panoramic ocean views
Jacuzzi for ultimate relaxation
High ceilings and large picture windows
Clean, filtered tap water system
Quiet neighborhood just minutes from Pererenan and Seseh Beaches
Ready-to-move-in condition
📜 Ownership Details:
Leasehold: 24 years
Newly Built – Ready for Immediate Occupancy
💰 Price: IDR 7,500,000,000
✨ Why Choose This Villa?
Unmatched Location: Only 200 meters from the beach in peaceful Cemagi, near Pererenan & Canggu.
Luxury Living: Modern architecture, rooftop jacuzzi, and beautiful interiors create a resort-style home.
Turnkey Investment: Fully furnished and perfect for short- or long-term rentals.
Secure Leasehold: Excellent long-term investment in a high-demand coastal area.
Relaxation & Privacy: Spacious layout ideal for family living or entertaining.
📞 Contact 8 Degree Real Estate today to arrange your private viewing and make this exceptional villa your next tropical sanctuary in Bali!",Property listing,1,0,0,,8 Degree
8D2531,8D2531 - Noma Villa (Pantai Lima),"🏡 LUXURIOUS 4-BEDROOM VILLA NEAR PERERENAN BEACH – FOR SALE 🌴
 Live the Bali dream with this stunning 4-bedroom villa, located just 200–300 meters from the iconic Pererenan and Pantai Lima beaches. Blending modern architecture with Balinese charm, this property is ideal for beach lovers, lifestyle seekers, and savvy investors alike.
📍 Location: Pantai Lima, Bali
 Views: Tropical Garden & Coastal Breeze
🏠 Villa Features:
 • Land Size: 270 m²
 • Building Size: 240 m² across 2 floors
 • 4 Bedrooms with ensuite bathrooms
 • Additional Guest Bathroom
 • Enclosed Living Room for year-round comfort
 • Fully Furnished with tasteful interiors
 • Modern Kitchen with Island & Smart Layout
 • Private 7 x 3.5 m Swimming Pool with Sunbeds & Lounge Area
 • Balcony connecting upstairs bedrooms with tropical views
 • Smart TVs with Netflix in all rooms
 • Ethnic Balinese design elements throughout
🌟 Amenities:
 • High ceilings & floor-to-ceiling glass for natural light
 • Bathtub in the Master Ensuite
 • Filtered tap water system for health and convenience
 • IMB Pondok Wisata license for legal rental operations
 • Prime coastal location ideal for surfing, sunset strolls, and beachside cafés
 • Fully turnkey – move in or start renting immediately
📜 Ownership Details:
 • Leasehold:
  – Option 1: 26 years + 10-year extension option
  – Option 2: Lease until June 18, 2051 + fixed-price extension until June 17, 2061
 • IMB Pondok Wisata Certified (Rental License)
💰 Price: USD 495.000
✨ Why Choose This Villa?
 🌊 Beachside Living: Just 200–300 meters from Pererenan & Pantai Lima beaches
 🏡 Stylish & Comfortable: Enclosed living, warm wooden accents, and lush landscaping
 💼 Rental Ready: Fully licensed for short-term rental income with strong ROI potential
 📍 Prime Location: Peaceful yet within minutes of Canggu’s hotspots
 🔐 Secure Leasehold: Long-term ownership options with extension guarantees
📞 Contact 8 Degree Real Estate today to schedule a private viewing and secure this exceptional Pererenan villa – your perfect slice of paradise in Bali!",Property listing,1,495000,0,,8 Degree
8D2533,8D2533 - Ayala saya (Pererenan),"🌴 Designer 3-Level Villa with Rooftop Sunset Lounge in Prime Pererenan
Live the Bali dream with this stunning 4-bedroom villa, nestled in the heart of Pererenan and just minutes from the iconic Pererenan and Pantai Lima beaches. A seamless fusion of modern architecture, Moroccan flair, and Balinese elegance makes this villa perfect for beach lovers, lifestyle seekers, and smart investors alike.

📍 Location: Pererenan, Bali
Views: Tropical Garden, Rooftop Sunset & Coastal Breeze

🏠 Villa Features:
• Land Size: 471 m²
• Building Size: 463 m² across 3 floors (including rooftop)
• 4 Bedrooms with ensuite bathrooms
• Additional Guest Bathroom for convenience
• Smart Home System – Fully integrated for lighting, security, and climate control
• Enclosed Living Room with high ceilings and stylish interiors
• Fully Furnished with designer furniture and ethnic Moroccan-Balinese accents
• Modern Kitchen with island & filtered water system
• Private 38 m² Swimming Pool with sunbeds & lush garden setting
• Rooftop Terrace with sunset views and chill zone
• Laundry Room & Storage Spaces
• Private Road Access (3.5m width) & Parking for 2 Cars
• Smart TVs with Netflix in all bedrooms

🌟 Amenities:
• High ceilings & floor-to-ceiling windows for abundant natural light
• Bathtub in the Master Ensuite
• Smart home technology throughout
• IMB Pondok Wisata – Rental License ready
• Just 7–10 minutes to Pererenan Beach & lively Canggu spots
• Fully turnkey – move in or start generating income immediately

📜 Ownership Details:
• Leasehold Until 2051
 – Option 1: Lease until 2051 + 10-year fixed-price extension
 – Option 2: 26 years leasehold + 10-year extension option
• IMB Pondok Wisata Certified – Eligible for daily rentals

💰 Price: Contact us for pricing details

✨ Why Choose This Villa?
🌊 Beachside Living: Only minutes from Bali’s best beaches, cafés, and surf spots
🏡 Stylish & Spacious: 3-level layout, rooftop chill area, Moroccan-Balinese design
💼 Rental Ready: Fully licensed and equipped for vacation rental income
📍 Prime Location: Quiet residential road close to the buzz of Pererenan & Canggu
🔐 Secure Leasehold: Long-term ownership with clear extension terms

📞 Contact 8 Degree Real Estate today to arrange a private viewing and secure this iconic Pererenan villa – your gateway to tropical luxury living in Bali!",Property listing,1,0,0,,8 Degree
8D2534,8D2534 - Villa Serai (Uluwatu),"🏡 Elegant 5BR European Villa Just Steps from Bingin Beach – For Sale
Experience refined coastal living in this stunning European-inspired 5-bedroom villa, ideally located just moments from the pristine sands of Bingin Beach. Blending timeless design with tropical elegance, this brand-new residence is a dream for both lifestyle seekers and savvy investors looking for high returns in one of Bali’s hottest destinations.

📍 Location: Bingin, Uluwatu – Bali
Views: Lush Garden, Ocean Breezes & Elegant Architecture

🏠 Villa Features: • Land Size: 400 m²
• Building Size: 220 m² (Single-Level Design)
• 5 Bedrooms – All with luxurious en-suite bathrooms
• 2 Master Suites with walk-through closets
• Fully Furnished with custom-made designer furniture
• Open & Enclosed Living Spaces for flexible entertaining
• Modern Kitchen – Fully equipped for culinary enthusiasts
• Private Pool – 6 x 3 meters with tropical landscaping & sunbeds
• Spacious Garden Lounge for relaxing or sipping cocktails
• Elegant European Styling – Moldings, archways, calming palette
• Year Built: 2024 – Brand new and ready to move in
• Car Access & Private Parking (1 car + scooters)

🌟 Amenities: • High-end fixtures throughout
• Smart Home Technology – Lighting, climate, security, and more
• Bathtub in master bathroom for spa-like comfort
• Fully enclosed and air-conditioned living room
• Short walk to Bingin Beach – One of Bali’s most sought-after surf spots
• Quiet yet central location – near cafés, restaurants, and wellness centers
• Exceptional ROI potential – >10% estimated return
• Perfect for personal residence or high-end rental property

📜 Ownership Details: • Leasehold: 35 Years (Until December 13, 2058)
• Extension Option: Fixed-price 10-year extension available
• PGB / Certificate: Yes – Secure and documented
• Electricity: 10,000 kWh
• Access: Private road

💰 Price: USD 599,000 / Approx. IDR 10,139,453,000

✨ Why Choose This Villa? 🌴 Prime Bingin Location – Walk to the beach, dine in style, surf world-class waves
🏡 European Elegance – Beautiful architecture blended with tropical touches
💼 Turnkey Investment – Fully furnished and ready to generate rental income
📍 Hotspot for Growth – Bingin continues to rise as a premium Bali destination
🔐 Long Leasehold Security – Clear ownership terms with extension options

📞 Contact 8 Degree Real Estate today to schedule your private tour and discover your dream villa by Bingin Beach.",Property listing,1,599000,0,,8 Degree
8D2535,8D2535 - Uma Santai Villa (Pererenan),"🌿 Elegant 7BR Riverfront Villa in Pererenan – Nature, Luxury & Prime Location
A rare opportunity to own a serene riverfront villa in the heart of Pererenan—Bali’s trendiest, yet tranquil neighborhood. Designed by the acclaimed NXST Studio with a refined Japanese-modern influence, this exquisite 7-bedroom freehold villa blends elegance, privacy, and convenience. Walk to Echo and Pererenan Beach, or relax in your private Zen garden—this villa offers the ultimate tropical lifestyle.

📍 Location: Pererenan, Bali
Views: Panoramic river views, lush tropical greenery, Zen garden

🏠 Villa Features:
Land Size: 885 m²

Building Size: Approx. 650+ m²

Bedrooms: 7 – All with elegant ensuite bathrooms and tranquil design

Private Spa Room – Ideal for in-home wellness and massage sessions

Living Area: Fully enclosed, modern with ambient lighting and river views

Kitchen: Modern kitchen with top-grade appliances and striking stone island

Outdoor Spaces:
• Zen-inspired central garden with bonsai trees
• Expansive pool and sunken lounge area
• Outdoor BBQ + dining area perfect for entertaining

Design: Modern contemporary architecture with raw-textured walls and soft lighting

Furniture: High-end interior selections, fully furnished and ready for use

Layout: U-shaped design optimizing privacy and natural light

🌟 Amenities & Lifestyle:
Prime riverfront location in peaceful Pererenan

Walking distance to beaches, top restaurants, cafés, and boutiques

Minutes from Echo Beach, Jungle Padel, Obsidian Gym, and premium supermarkets

Peaceful residential atmosphere yet close to Canggu nightlife and hotspots

Lush landscaping and spacious garden ideal for families or gatherings

Freehold title – rare opportunity in a fast-appreciating luxury area

💰 Investment Potential:
High daily and monthly rental income potential in sought-after neighborhood

Designer villa in high-demand short-term rental market

Ideal for investors seeking a rare freehold asset with strong capital appreciation

Estimated nightly rental: IDR 10–15 million ($650–$1,000 USD/night)

Proven ROI in similar Pererenan properties

📜 Ownership Details:
Ownership: Freehold (SHM)

Price: IDR 35,000,000,000 

Architect: NXST Studio – known for refined tropical-modern designs

Delivery: Ready for viewing and investment call today

Airport Access: 45 minutes from Ngurah Rai International Airport

✨ Why Choose This Villa?
🏖️ Riverfront Living – Rare natural setting near Bali’s best beaches
🪷 Timeless Design – Zen garden, Japanese-inspired details, and luxury finishes
📍 Unbeatable Location – In the heart of Pererenan, yet quiet and secluded
💼 Freehold Ownership – Invest with confidence in Bali’s booming luxury market
🏡 Ideal for Residence or Rental – Turnkey-ready with full furnishings and amenities

📞 Contact us today to schedule your private viewing or investment consultation.",Property listing,1,0,0,,8 Degree
8D2536A,8D2536A - Oet Villa {Unit No. 9} Pererenan,"Tranquil Modern Living in Tumbak Bayuh – 4BR Designer Villa with Pool & 33-Year Lease 🌿🏡
Discover a refined sanctuary nestled in the peaceful village of Tumbak Bayuh, just minutes from the vibrant heart of Pererenan and Canggu. This brand-new 4-bedroom villa seamlessly blends tropical luxury with functional modern design—ideal for families, remote workers, or savvy investors looking for high-yield potential and long-term value.

📍 Location: Tumbak Bayuh, Pererenan – Quiet residential zone near top cafes, schools, and beaches
🏝️ Ambiance: Lush green surroundings with a private, secure, and community-friendly environment

🏡 Villa Features
Contemporary Comfort Meets Practical Elegance
• Land Size: 290 m²
• Building Size: 280 m² across 2 floors
• Bedrooms: 4 spacious bedrooms with ensuite bathrooms
• Bathrooms: 4.5 (including guest toilet)
• Living: Fully enclosed living area with ample natural light
• Kitchen: Designer kitchen with black marble finishes
• Furnishing: Fully furnished with handpicked modern interiors
• Swimming Pool: 9 x 2.4 meters – ideal for laps or lounging
• Parking: Dedicated space for 1 car + motorbike
• Storage: Private storage room in the garden
• Leasehold: 33 Years (until 2057)
• Handover: Ready by March 2025

🌿 Lifestyle & Community Features
• 24/7 Security – Guarded complex for peace of mind
• Serene yet central location – Ideal for families and digital nomads
• Quiet street with minimal traffic
• Surrounded by greenery and local charm
• Walking distance to cafes, restaurants, and essential amenities

💼 Investment Highlights
• Price: IDR 7,900,000,000 (~USD 490,000)
• Ownership: 33-Year Leasehold with direct agreement with landowner
• Rental ROI: Strong long- and short-term rental demand in Pererenan area
• Completion: Handover March 2025 – secure now with flexible payment terms
• Developer: Built by a trusted Bali-based contractor with a portfolio of boutique villas across Canggu and Umalas, ensuring attention to detail, build integrity, and smooth project delivery
• Ideal Use: Turnkey rental villa, family residence, or investment property in high-demand area

📍 Prime Location Highlights
• 3 mins – Pererenan village center
• 7 mins – Canggu Beach / Echo Beach
• 8 mins – Batu Bolong cafes & shops
• 10 mins – International schools (ProEd, Canggu Community School)
• 12 mins – Finns Beach Club
• 20 mins – Seminyak
• 45 mins – Ngurah Rai International Airport

✨ Why Choose This Villa in Tumbak Bayuh?
🏡 Functional, Family-Ready Layout – 4 beds, storage, private pool, and more
🛠️ Trusted Builder – Solid track record in Bali’s premium villa market
🌱 Peace & Privacy – Quiet neighborhood surrounded by nature
📈 Great ROI Potential – Long lease, modern appeal, and fully furnished
📦 Turnkey Ready – Move-in or rent out immediately upon completion

📞 Contact us today to schedule a private site visit or request the full digital brochure. Secure your ideal home or investment in Bali’s most up-and-coming residential enclave before prices rise.",Property listing,1,490000,0,,8 Degree
8D2536B,8D2536B - Oet Villa {Unit No. 10} Tumbak Bayuh,"🏡 BRAND NEW 4-BEDROOM MODERN VILLA IN TUMBAK BAYUH – FOR SALE 🌿
Experience refined tropical living in this stylish 4-bedroom villa located in the fast-growing and peaceful area of Tumbak Bayuh, Bali. Just a 10-minute drive from Pererenan Beach and moments away from top restaurants, fitness centers, and local markets, this villa offers the perfect blend of tranquility and convenience in one of Bali’s most promising neighborhoods.

📍 Location: Tumbak Bayuh, Bali
Views: Tropical Garden & Open Sky

🏠 Villa Features:
• Land Size: 310 m²
• Building Size: 338 m² across 2 floors
• 4 Bedrooms with ensuite bathrooms
• Additional Guest Bathroom with natural skylight
• Enclosed Living Room with high ceilings & natural light
• Fully Furnished with elegant, turnkey interiors
• Modern Kitchen with bar seating & large dining area
• Private Swimming Pool with sunken lounge & glass feature
• Floor-to-ceiling windows & lush indoor plants
• Secure Garage (1 Car + Motorbikes)

🌟 Amenities:
• Bright, airy ambiance with excellent ventilation
• Smart design for seamless indoor-outdoor living
• Tranquil neighborhood with private access
• IMB (PBG) on process – eligible for rental use
• Only 10 minutes to Pererenan Beach and 20 minutes to Canggu
• Surrounded by cafés, gyms, supermarkets, and co-working spaces

📜 Ownership Details:
• Leasehold: 33 Years (until Jan 2058)
• Year Built: 2025
• Fully Furnished – Ready for Move-in

💰 Price: IDR 10,000,000,000

✨ Why Choose This Villa?
🌴 Strategic Tumbak Bayuh Location: Close to beach, lifestyle, and future growth
🏡 Spacious & Stylish: 4 ensuite bedrooms, modern finishes, sunken lounge
📈 Investment Ready: High rental appeal with long lease term
🚗 Private & Practical: Secure parking, tropical garden, premium furnishing
📃 Clear Ownership: Long leasehold with active permits in progress

📞 Contact 8 Degree Real Estate today to schedule your private viewing and own this stunning Tumbak Bayuh villa — a true slice of luxury in Bali’s most up-and-coming location!",Property listing,1,0,0,,8 Degree
8D2538,8D2538 - Oceaniq,"Beachside Luxury Villas in Nusa Dua – 80m to the Shoreline, Smart Living & 75-Year Leasehold
Experience true tropical sophistication with this exclusive new villa complex just 80 meters from two of Bali’s most pristine beaches. Set amidst the island’s most prestigious hotels—St. Regis, The Mulia, and The Apurva Kempinski—this collection of 1 to 4-bedroom modern villas offers unbeatable beachside living with cutting-edge design and 5-star amenities. Whether you're seeking a personal seaside retreat or a high-yield investment, these villas offer the perfect blend of comfort, luxury, and long-term value.
📍 Location: Nusa Dua, Bali – ultra-prime beachside setting within walking distance to elite resorts, restaurants, and lifestyle facilities
 🌴 Surroundings: Direct beach access, golf course, tennis club, water sports center, top-tier dining, and wellness amenities all nearby
🏡 Villa Features
 Smart Technology, Contemporary Comfort & Coastal Elegance
 • Year Built: Completion Q4 2025
 • Floors: 2-storey modern villas
 • Private Pool: Yes (all units)
 • Smart Home Features: Integrated control system, home cinema, fireplace, and wine cabinet
 • Appliances & Finishings: Bosch kitchen appliances, Grohe fittings, Villeroy & Boch bathroom fixtures
 • Additional Spaces: Storage, laundry, washer, terrace, and parking
 • Seismic-Resilient Design: Engineered for maximum safety against earthquakes and tropical rainfall
 • Waterproofed Foundations & Drainage: Designed for longevity in sub-equatorial conditions
🛏️ Villa Options & Pricing
 Fully Furnished | Private Pools | Long-Term Leasehold (75 Years – 25 + 50-Year Extension)
 • 1 Bedroom
 • Price: USD 245,000
 • Land Size: 70 m² | Building Size: 100–120 m²
• 2 Bedrooms
 • Price: USD 390,000
 • Land Size: 130 m² | Building Size: 160–180 m²
• 3 Bedrooms
 • Price: USD 695,000
 • Land Size: 235 m² | Building Size: 214 m²
 • 3 bedrooms + 4 bathrooms
• 4 Bedrooms
 • Price: USD 960,000
 • Land Size: 320 m² | Building Size: ~280 m²

🌟 Lifestyle & Location Highlights
 • 80 meters to two of Bali’s best beaches
 • Next to world-renowned luxury resorts (St. Regis, The Mulia, Kempinski)
 • Steps to golf, tennis, water sports, beach clubs, and fine dining
 • Surrounded by three restaurants and cafés within walking distance
 • Year-round holiday destination with global appeal
💼 Investment Potential
 • Leasehold: 25 years total (25 years + guaranteed 50-year extension)
 • Estimated Yield: 13%
 • Payback Period: 5–10 years based on market trends
 • High Rental Demand: Nusa Dua continues to be Bali’s premier beachfront destination
 • Land Value Forecast: Expected 3–4x appreciation over the next 3–5 years

✨ Why Choose This Nusa Dua Villa Complex?
 🌊 Steps to the Beach – Wake up and walk to the ocean in under 2 minutes
 🏡 Turnkey Luxury – Smart home systems, designer finishes, and fully furnished interiors
 🌿 Built to Last – Engineered for tropical weather, moisture-proof, and seismically safe
 📈 Unmatched Investment Horizon – Rare long leasehold in a growth zone with elite neighbors
📞 Contact us today for full brochures, floorplans, and available unit options. These villas are a limited opportunity to own a long-term beachfront asset in Bali’s most prestigious coastal enclave.",Property listing,1,960000,0,,8 Degree
8D2539,🌅 Mediterranean 2BR Villa in Pererenan – Luxury Living with Rental Income Potential,"🌅 Mediterranean 2BR Villa in Pererenan – Luxury Living with Rental Income Potential

Live in style and comfort in this brand-new Mediterranean-style 2-bedroom villa, ideally situated in the heart of Pererenan. Combining refined architecture with Bali’s natural charm, this fully furnished home offers the perfect retreat or investment in one of the island’s most dynamic neighborhoods.

📍 Location: Pererenan, Bali
Views: Tropical garden, elegant modern interiors

🏠 Villa Features:
• Land Size: 165 m²
• Building Size: 112 m²
• Bedrooms: 2 – Spacious with private en-suite bathrooms
• Additional Bathrooms: 1 guest powder room
• Fully Furnished – High-end, designer pieces; Airbnb-ready
• Private Pool: 7 x 3 m (2 meters deep) with tropical landscape and outdoor shower
• Kitchen: Open-plan layout with Italian marble dining island
• Living Area: Bright, spacious, and opens directly to the pool
• Master Bedroom: Includes a private balcony overlooking the pool
• Private Parking: Located at the villa entrance
• Year Built: 2024 – Modern build with excellent finishing
• IMB Permit: In progress with a reputable company

🌟 Amenities & Lifestyle:
• Mediterranean design blended with tropical aesthetics
• Walking distance to top gyms (Obsidian, Jungle Padel, Surya)
• Only 3 km from Pererenan Beach – a short scooter ride away
• Surrounded by trendy cafés, restaurants, and Pepito Supermarket (2 mins away)
• Perfect balance of tranquility and accessibility in a peaceful residential neighborhood

💰 Investment Potential:
• Estimated Monthly Income: $4,000–$6,000 USD (daily/monthly rentals)
• ROI: High potential in a fast-growing premium area
• Ideal for personal residence, vacation home, or rental income

📜 Ownership Details:
• Leasehold: 26 Years
• Extension: Optional 25-year extension at market rate; further negotiable
• Total Price: $269,000 USD (includes 10% tax)
• Delivery: August 2024 – Show unit available now for inspection
• Airport Access: 20 km / ~45 minutes

✨ Why Choose This Villa?
🌴 Prime Pererenan Location – Walk to gyms, cafés, and only minutes to Canggu
🏡 Turnkey Ready – Beautifully furnished and Airbnb-optimized
💼 Strong ROI – High rental demand in one of Bali’s top neighborhoods
🧘 Private Oasis – Modern Mediterranean elegance with pool and lush garden
📍 Great Connectivity – Easy access to Canggu, Batu Bolong, Seminyak, and the airport

📞 Contact us today to schedule your private viewing or to request a full brochure.",Property listing,1,0,0,,8 Degree
8D2541A,8D2341A - Pulau 3BR Superior,"✨ Modern Villas in Ungasan – Ocean Proximity, Luxury Finishes, Guaranteed ROI

Welcome to a unique opportunity to own a slice of modern paradise in Bali’s southern peninsula. Nestled between the cliffs of Uluwatu and the pristine shores of Melasti Beach, these newly developed 3-bedroom villas offer sleek architecture, luxurious amenities, and outstanding investment potential. With groundbreaking in April 2024 and completion expected by October 2025, these properties are perfect for discerning investors and lifestyle seekers alike.

📍 Location: Uluwatu & Melasti, Bali
Views: Ocean view, garden, and tropical surroundings

🏡 Villa Features:
• Land Size: 150 m²
• Building Size: 150 m² (2 stories)
• Bedrooms: 3 – Each with ensuite bathrooms
• Additional Bathrooms: 1 guest powder room
• Fully Furnished – Designer interiors with European-standard finishes
• Private Pool: Ocean-view pool in select units
• Kitchen: Modern layout with European appliances and large pantry
• Living Room: Enclosed, air-conditioned living area for privacy and comfort
• Rooftop & Terrace Options: Perfect for enjoying Bali’s sunsets and ocean breezes
• Parking: Private motorbike parking + shared car park facilities
• Year Built: Off-plan (2026 delivery)

🌟 Amenities & Lifestyle:
• 4 minutes to Savaya Bali
• 12 minutes to Melasti or Karma Kandara Beach
• 13 minutes to New Kuta Golf
• 20 minutes to Bingin & Uluwatu Beach
• 40 minutes to International Airport
• Common Areas: Playground, yoga & workout space, spa, and on-site restaurant
• Hotel-style management with optional rental program (mandatory)

💰 Investment Potential:
• Leasehold: 28 Years + Guaranteed Extensions (5+25 years)
• Fully managed for worry-free ownership
• Ideal for luxury living or high-yield vacation rental
• Located in one of Bali’s fastest-growing tourist areas

🗓️ Ownership Details:
• Leasehold: 28 years + 30 years guaranteed extension
• Delivery: May 2026 (Off-plan)
• Title: Leasehold
• Management: Mandatory rental management for optimal ROI

✨ Why Choose This Villa?
🌴 Prime Uluwatu-Melasti Location – A peaceful yet vibrant coastal setting
🏡 Boutique Complex Living – With shared wellness and leisure spaces
🏠 Luxury Design – European-standard construction & modern architecture
💼 Investment-Ready – Hassle-free management in a high-demand area
🏖️ Ocean Proximity – Perfect for surfers, families, and beach lovers

📞 Contact us today to secure your villa and receive full project details, pricing, and brochures.",Property listing,1,0,0,,8 Degree
8D2541B,8D2541B - Executive_4BR,"Modern Oceanview Luxury in Pecatu – 4BR Villa with Boutique Services & Strong ROI Potential 🌊🏡
Experience the pinnacle of coastal elegance with this meticulously designed 4-bedroom villa located in the prestigious hills of Melasti, Pecatu. Offering sweeping ocean views and refined architectural minimalism, this property is part of an exclusive 26-villa boutique complex combining five-star hotel service with premium private living. Whether you're looking for a dream home, a profitable rental investment, or both—this opportunity delivers on every level.
📍 Location: Melasti, Pecatu – Elevated oceanview enclave minutes from world-class beaches, dining, and entertainment
 🏞️ Views: Panoramic ocean views from the upper level of every executive unit
🏡 Villa Features
Boutique Coastal Living – Luxury, Privacy & Architectural Precision
 • Land Size: 3 are
 • Building Size: 350 m² (2 levels)
 • Bedrooms: 4 spacious bedrooms + dedicated work space
 • Bathrooms: 4 modern bathrooms
 • Furnishing: Fully furnished with curated minimalist interiors
 • Private Pool: Included, elegantly integrated into the outdoor living area
 • Parking: Private parking for 2 cars + additional shared parking
 • Estimated Handover: August 2025
 • Leasehold: 28 years + 5 years + 25 years (guaranteed extension)
 • Building Permit: IMB on request
🌿 Lifestyle & Complex Amenities
• Full boutique hotel-style management (mandatory for all owners)
 • Shared spaces include:
Playground
Gym / Yoga Deck
On-site Restaurant
Full-service Spa
 • Ideal layout for remote work and extended stays
 • Strong sense of community and privacy within the gated complex
 • Pet-friendly and perfect for families, couples, or savvy investors
💼 Investment Potential
• Price: USD 1.050.000
 • Ownership: 28-Year Leasehold with guaranteed extensions (5 + 25 years)
 • Developer: Constructed by a highly reputable contractor renowned for delivering luxury hotels and resorts across Indonesia, ensuring superior quality, durability, and attention to detail
 • Rental Returns: Estimated ROI of 13%+ based on current short- and long-term rental demand
 • Early Buyer Benefits: Lock in your unit now and benefit from pre-completion pricing and payment plans
 • Payment Plan: Staggered payments available over construction period
 • Total Units: 26 Villas – 5 Executive (4BR), 5 Deluxe (3BR), 16 Superior (2–3BR)
📍 Prime Location Highlights
• 2 mins – Sundays Beach Club
 • 4 mins – Savaya Bali
 • 9 mins – Melasti Beach
 • 12 mins – Karma Kandara Beach
 • 13 mins – New Kuta Golf
 • 20 mins – Bingin Beach, Uluwatu
 • 40 mins – Ngurah Rai International Airport

✨ Why Choose This Villa in Pecatu?
🌊 Oceanview Living – Elevated views of Bali’s southern coastline
 🏡 Modern, Minimalist Design – Thoughtfully planned interiors for tropical luxury
 🛎️ 5-Star Services – Professional management ensures convenience and high returns
 📈 Investor-Ready – Long leasehold, quality build, and proven developer record
 📞 Turnkey Ready by May 2026 – Fully furnished and hassle-free ownership
📞 Contact us today to schedule a private viewing or request the full brochure. Secure your oceanview villa in one of Bali’s most desirable locations and embrace a lifestyle of lasting luxury and investment growth.",Property listing,1,1050000,0,,8 Degree
8D2542,8D2542 - The Wave House Pererenan,"✨ Bespoke 6-Bedroom Villa in Pererenan – Wellness, Luxury, & Rare Investment Potential

Welcome to an extraordinary opportunity to own a one-of-a-kind luxury estate in the serene enclave of Pererenan, Bali. Just five minutes from the beach and minutes away from top restaurants like Shelter and Woods, this meticulously designed 6-bedroom villa offers a rare fusion of tranquility, entertainment, and elevated lifestyle. Completed in 2022 and built with premium materials, this multi-level residence is perfect for family living, entertaining guests, or generating exceptional rental returns.

📍 Location: Pererenan, Bali
Views: Rice field, tropical garden, and lush greenery

🏡 Villa Features:
• Land Size: 980 m²
• Building Size: 780 m² (3 floors + basement)
• Bedrooms: 6 – Each with ensuite bathrooms
• Additional Bathrooms: 1 guest powder room
• Fully Furnished – Premium interiors using Bengkirai & Ulin wood
• Living Areas: Enclosed living rooms on multiple levels
• Kitchens: Main enclosed kitchen + open garden kitchen
• Cinema Room & Bar: Private home theater and entertainment space
• Office & Storage: Dedicated workspace, laundry, and two storage rooms
• Basement: Extra bedrooms ideal for guests or staff

🌟 Wellness, Leisure & Outdoor Amenities:
• Private Pool: 36 sqm with chlorine-free filtration system
• Spa Area: Sauna and ice bath for full recovery and relaxation
• Gym & Yoga Studio: With panoramic rice field views
• Skatepark: Professionally designed for skating enthusiasts
• Terrace & Garden: Ideal for alfresco dining, sunrises, and relaxation
• Outdoor Kitchen: Fully equipped with lighting options for hosting

💰 Investment Potential:
• Leasehold: 21 years + optional 25-year extension
• Price: USD 1,200,000
• High Rental Demand: Ideal for luxury vacation rentals or long-term living
• Built in 2022 – Turnkey and ready for immediate occupancy or revenue generation

🗓️ Ownership Details:
• Leasehold Until: 2045 with extension opportunity
• Title: Leasehold
• Location Demand: Pererenan is among Bali’s most sought-after neighborhoods

✨ Why Choose This Villa?
🌾 Prime Pererenan Location – 5 mins to beach, top dining & beach clubs
🏠 Multi-Level Living – Rare layout with basement, terrace, and dedicated spa zone
🎥 Entertainment-Ready – Home theater, bar, fire pit, and open hosting areas
💼 Ideal Investment – Strong ROI in Bali’s booming villa market
🧘‍♀️ Wellness-Focused – Private gym, yoga, sauna, and ice bath

📞 Contact us today to schedule a private viewing and receive full property details.",Property listing,1,1200000,0,,8 Degree
8D2548B,8D2548B - The Pasisi 5BR Villa,"🌴 Modern 5 Bedroom Villas in Canggu – Versatile Design, Prime Location & Strong ROI
Discover a rare opportunity to own a luxury villa in the thriving heart of Canggu, Bali—just minutes from iconic beaches, top cafes, and vibrant nightlife. These beautifully designed residences blend modern tropical aesthetics with versatile layouts, making them ideal for families, digital nomads, or savvy investors. Available 5-bedroom options—with freehold and leasehold titles—each villa is a turnkey solution for Bali living or generating rental income.

📍 Location: Canggu / Padang Linjong, Bali
Proximity: 5–8 mins to Batu Bolong Beach, Echo Beach & top dining hotspots

🏡 Villa Features:
• Land Size Options: 124 m² – 351 m²
• Building Size Range: 246 m² – 493 m²
• Bedrooms: 5 – Plus mezzanine in select units for added space or office use
• Bathrooms: 5 – All ensuite for maximum privacy
• Fully Furnished: Premium interiors with elegant design and functional layout
• Living Concept: Open-plan with high ceilings, sunken lounges, and natural light
• Kitchens: Fully equipped western kitchens with integrated appliances
• Mezzanine Levels: Bonus space for home office, playroom, or guest area

🌟 Outdoor & Lifestyle Amenities:
• Private Pools: Elegant semi-indoor pools ideal for relaxing or entertaining
• Garden Lounge Areas: Outdoor living with pool views and lush greenery
• Modern Touches: Steel structures, Ulin wood, thatched roofing, and mezzanine features
• Infrastructure: 5m-wide access road, underground utilities, and filtered water system
• Parking: Onsite private parking available

💰 Investment Potential:
• Titles Available: Freehold (SHM) and Leasehold (30 years)
• Prices Starting At:
 – Up to IDR 12.5 Billion for 5-BR units
• Turnkey Ready: Fully furnished and rental-ready

🗓️ Ownership Details:
• Titles: SHM, SLF, PBG Included
• Flexible Options: Choose freehold for long-term ownership or leasehold for low-entry investment
• Developer Track Record: Trusted developer with high-quality construction and finishes

✨ Why Choose These Villas?
📍 Prime Canggu Location – Minutes to cafés, beaches, and Bali’s lifestyle hotspots
🛋️ Versatile Layouts – 5 bedrooms + mezzanine bonus areas
🏖️ Vacation-Ready – Beautiful pools, tropical garden design, and open-plan living
📈 Investment-Grade – Flexible titles and strong rental demand in central Canggu
🛠️ Smart Infrastructure – Modern utilities, quality build, and premium materials

📞 Contact us today to view floor plans, availability, or schedule a private tour of these limited units.",Property listing,1,0,0,,8 Degree
8D2550,8D2550 - SJ House Pererenan,"🌿 Iconic 6-Bedroom Riverfront Villa in Pererenan – Ultra Luxury, Design & Views
Welcome to one of Bali’s most distinguished luxury villas, nestled in the heart of Pererenan with breathtaking greenbelt rice field and river views. Just minutes from the beach and Canggu’s lively dining scene, this one-of-a-kind estate combines world-class design, lavish amenities, and high-end finishes to deliver the pinnacle of tropical modern living. Spread across two multi-storey buildings connected by a stunning bridge, the villa balances monumental scale with refined, human-centered design.

📍 Location: Pererenan, Bali
Views: Greenbelt rice fields, river, and manicured tropical gardens

🏡 Villa Features:
• Land Size: 1,900 m²
• Building Size: 1,575 m²
• Bedrooms: 6 – All ensuite with walk-in wardrobes and garden or pool views
• Bathrooms: 7
• Year Built: 2022
• Fully Furnished: Premium finishes including imported Italian marble and aluminum-framed doors
• Living Areas: Multiple indoor and outdoor lounges, enclosed/open living options
• Kitchens: Two modern kitchens – including chef-standard kitchen and entertainment kitchen
• Cinema Room: Private home theater for ultimate entertainment
• Playroom & Lounge Spaces: Includes sunken lounge with fire pit and rooftop garden deck
• Staff Quarters & Utility Rooms: Includes service area, laundry, and ample storage
• Parking: 145 m² for 6+ vehicles (garage + show carport)

🌟 Outdoor & Wellness Amenities:
• Swimming Pool: 113 m² L-shaped pool with shallow sunbathing area
• Garden & Lawn: Landscaped yard ideal for play or yoga
• Roof Garden & Pond: Tranquil spaces to relax and entertain
• Spa-Ready Design: Infrastructure in place for wellness expansion
• Sustainable Tech: Solar water heaters, deep well, advanced water filtration & UV system
• Architectural Feature: Unique bridge layout for airflow, light, and scale

💰 Investment Potential:
• Title: Freehold (Hak Pakai – Upgradeable to SHM)
• Price: TBA
• Rental Value: Ideal for luxury retreats, events, or premium vacation rentals
• Turnkey Ready: Built in 2022 – Move-in or start generating revenue immediately

🗓️ Ownership Details:
• Title: Freehold
• IMB (Building Permit): Yes
• Location Demand: Pererenan continues to thrive as one of Bali’s most desirable residential and investment areas

✨ Why Choose This Villa?
🏞️ Rare Greenbelt Riverfront Views – Iconic location in Pererenan
🏡 Landmark Architecture – 2 buildings, 3 levels, rooftop & bridge design
🎥 Full Entertainment Setup – Cinema, fire pit, playroom & lounge areas
💼 Investment Grade – Exceptional ROI potential in high-demand area
🚘 Luxury + Utility – Chef’s kitchen, smart design, and vast parking

📞 Contact us today to schedule your private viewing and receive the full property dossier.",Property listing,1,0,0,,8 Degree
8D2551,8D2551 - By the Sea Villa  (Nusa Dua),"Beachfront Elegance in Tanjung Benoa – Ocean Views, Modern Design & Rare Freehold Ownership 🌅🏡

Step into coastal luxury with this brand-new beachfront villa located in the tranquil heart of Tanjung Benoa, Nusa Dua. Set within a charming fishing village and surrounded by serene landscapes, this exquisite property blends authentic Balinese character with refined, modern comforts. Just minutes from top-tier resorts, international schools, and everyday conveniences, it offers the perfect balance of peace, privacy, and accessibility.

📍 Location: Tanjung Benoa, Nusa Dua – peaceful beachfront village with direct ocean access and vibrant local charm
🏞️ Views: Unobstructed ocean and sunset vistas, with a gentle sea breeze and tropical ambiance

🏡 Villa Features:
Tanjung Benoa Beach House – Seaside Tranquility with Modern Flair
• Land Size: 425 m²
• Building Size: 550 m²
• Bedrooms: 4 spacious bedrooms with ensuite bathrooms
• Bathrooms: 4 ensuite + 1 powder room
• Year Built: 2024 (Brand new construction)
• Living & Dining: Enclosed open-concept living space ideal for entertaining or relaxing
• Kitchen: Fully equipped modern kitchen with sleek finishes
• Additional Rooms: 1 staff room with private bathroom
• Furnishing: Fully furnished with elegant and functional coastal-inspired decor
• Pool: Private swimming pool (10m x 4m) surrounded by sundeck and lush outdoor lounge areas
• Electricity: 11,000 watts
• Water Source: Drilled well (Sumur Bor) with strong water pressure
• Parking: Carport fits 2 cars
• Land Title: Freehold (Hak Milik)
• Building Permit: IMB on process

💰 Price: IDR 16,000,000,000 (~USD 1,000,000)

🌟 Lifestyle & Outdoor Amenities:
• Direct beach access – walk from your villa to the sand in seconds
• Ocean-view terrace and outdoor seating perfect for sunset lounging
• Authentic village setting with a close-knit, welcoming community
• Just 5 minutes to local shops, restaurants, supermarkets, and essential services
• Quiet surroundings ideal for digital nomads, families, or a holiday home
• Proximity to Nusa Dua resorts, Bali Mandara Hospital, and international schools

💼 Investment Potential:
• Ownership: Rare Freehold title in a beachfront zone
• Prime Location: Tanjung Benoa is experiencing renewed interest and growth in luxury tourism
• High Rental Demand: Ideal for short-term holiday rentals or long-term leasing
• New Build Advantage: Modern construction with strong resale and appreciation potential
• Immediate Occupancy: Brand-new and fully furnished, ready to move in or generate rental income

✨ Why Choose This Beachfront Villa?
🏖️ True Beachfront Living – Wake up to the ocean and unwind with stunning sunsets
🏡 Stylish & Spacious – Thoughtfully designed interiors with luxury finishes and coastal vibes
📍 Peaceful Yet Connected – Village ambiance with fast access to top amenities in Nusa Dua
📈 Smart Investment – High capital growth and income potential in a rare freehold beachfront location

📞 Contact us today to schedule a private viewing or request the full brochure. Discover timeless beachfront living in one of Bali’s most cherished coastal enclaves.",Property listing,1,1000000,0,,8 Degree
8D2552,8D2552 - Villa Haruku Babakan,"Modern Family Villa in Canggu – Spacious Design, Tranquil Surroundings & Prime Location Investment 🌿🏖️
Discover refined tropical living in this elegant 5-bedroom villa nestled in the sought-after Canggu area, just minutes from Bali’s iconic Batu Bolong and Berawa neighborhoods. Perfect for families or savvy investors, this residence balances privacy and convenience with its spacious layout, serene atmosphere, and close proximity to beaches, international schools, cafes, and beach clubs.
📍 Location: Canggu – near Jalan Kayu Tulang, a peaceful yet central address with easy access to Batu Bolong & Berawa
 🏞️ Surroundings: Quiet residential street, close to trendy eateries, fitness hubs, and top-tier amenities
🏡 Villa Features:
Canggu Family Haven – Elegant Comfort in Bali’s Vibrant Heart
 • Land Size: 650–720 m²
 • Building Size: 410–420 m² (Two-level villa)
 • Bedrooms: 5 well-appointed rooms including a baby and children’s suite
 • Bathrooms: 4.5 to 5 bathrooms + 1 guest toilet
 • Living & Dining: Closed-concept living and formal dining area perfect for family gatherings
 • Kitchen: Fully equipped modern kitchen with premium appliances
 • Additional Rooms: Dedicated reading room and storage/laundry area
 • Furnishing: Fully furnished or semi-furnished (options available)
 • Outdoor Area: Lush garden and spacious private pool ideal for entertaining or unwinding
 • Parking: On-site car park
 • Property Type: Leasehold – 25 to 26 years (extension up to 35 years negotiable)
💰 Price: USD 760,000 (IDR equivalent available upon request)
🌟 Lifestyle & Outdoor Amenities:
• Less than 10 minutes to Batu Bolong Beach, a favorite for surfing and sunsets
 • 15 minutes to Berawa, home to iconic beach clubs and upscale dining
 • Quiet residential zone perfect for families or those seeking a peaceful base
 • Walking distance to local cafes, restaurants, wellness centers, and boutique shops
 • Safe and friendly neighborhood atmosphere
 • Ideal setting for remote work or extended tropical stays
💼 Investment Potential:
• Leasehold Security: Long leasehold with flexible extension options
 • Location Advantage: Prime Canggu corridor between Batu Bolong and Berawa
 • High Rental Appeal: Strong demand for family villas and long-stay accommodations in this area
 • Turnkey Ready: Fully or semi-furnished with stylish design and modern conveniences
 • Capital Growth: Situated in one of Bali’s fastest-appreciating real estate markets
✨ Why Choose This Canggu Villa?
👨‍👩‍👧‍👦 Family-Oriented Layout – Thoughtfully designed with children and parents in mind
 🏡 Stylish & Spacious – Elegant interiors with lush outdoor flow
 📍 Central Yet Quiet – Prime access to beaches, schools, and entertainment with residential peace
 📈 Smart Investment – Long-term growth, high rental potential, and strong lifestyle appeal
📞 Contact us today to schedule a private viewing or receive a full brochure. Discover family living in the heart of Canggu’s thriving community – where Bali living meets modern comfort.",Property listing,1,760000,0,,8 Degree
8D2553,8D2553 - Villa Friya (Babakan),"Tranquil Rice Field Villa in North Canggu – Expansive Views, Natural Pool & Modern Tropical Design

Escape to a peaceful sanctuary in the residential heart of North Canggu, where this beautifully designed 3-bedroom villa offers sweeping 270° rice field views and absolute privacy. Tucked at the end of a quiet alley with no surrounding construction, this one-of-a-kind leasehold property combines elegant tropical living with urban convenience. Whether you're seeking a serene family residence or a luxurious retreat, this villa presents a rare opportunity to enjoy Bali’s natural beauty in style.

📍 Location: Babakan, North Canggu – Quiet residential pocket just 10 minutes to Batu Bolong and Pererenan
🏞️ Views: Panoramic rice fields with greenbelt protection and no nearby construction

🏡 Villa Features:
North Canggu Rice Field Retreat – Peaceful Living with Modern Comfort
• Land Size: 792 m²
• Building Size: 550 m² (3 levels)
• Bedrooms: 3 large bedrooms with private terraces and rice field views
• Bathrooms: 4 total – 3 ensuite + 1 guest toilet
• Year Built: 2023–2024 (new construction)
• Living & Dining: Spacious enclosed areas with indoor garden elements
• Kitchen: Fully equipped with modern appliances
• Extra Rooms: Large office, storage, and BBQ area
• Furnishing: Fully furnished with modern tropical style
• Pool: 10m x 5m natural eco-friendly swimming pool
• Electricity: 13,500 watts
• Water Source: Drilled well with filtration system
• Parking: Enclosed garage with car access
• Land Title: Leasehold (Hak Sewa) – 27 years
• Building Permit: On request

💰 Price: IDR 19,552,800,000

🌿 Lifestyle & Outdoor Amenities:
• 270° unobstructed rice field views with greenbelt assurance
• Natural, chemical-free swimming pool that’s gentle on the skin and eco-conscious
• Enclosed living area with a sunken lounge surrounded by greenery
• Private terraces for each bedroom and a garden divided by a charming stream
• Close to top Canggu restaurants, shops, gyms, and international schools
• Peaceful atmosphere ideal for families, long-stay expats, or digital nomads

💼 Investment Potential:
• Ownership: 27-year leasehold with option to extend
• Unique Selling Point: Rare natural pool and protected views in a no-construction zone
• Rental Opportunity: High demand for luxury long-term rentals in North Canggu
• Turnkey Ready: Fully furnished and available for immediate occupancy or rental income

✨ Why Choose This Canggu Villa?
🌾 Rare Rice Field Views – Directly facing lush greenbelt for lasting natural beauty
🏡 Spacious & Sustainable – Large modern design with eco-friendly touches
📍 Prime Yet Peaceful – Residential setting near Canggu’s top lifestyle destinations
📈 Strong Value – High potential for capital appreciation and consistent rental returns

📞 Contact us today to arrange a private viewing or request the full brochure. Discover inspired living in this extraordinary Canggu villa with rice field serenity and modern luxury.",Property listing,1,0,0,,8 Degree
8D2554,8D2554 Mud House - Tumbak Bayuh,"Rustic Eco Villa in Pererenan – Greenbelt Views, Sustainable Design & Family-Friendly Living

Step into a thoughtfully crafted family haven in the serene village of Tumbak Bayuh, Pererenan — where eco-conscious design meets rustic Bali charm. Surrounded by lush greenery and tranquil pandan fields, this beautifully built 4-bedroom villa is a rare blend of sustainability, craftsmanship, and comfort. Designed by a respected Australian-owned Bali studio, the villa uses recycled timbers, natural stone, earthen materials, and copper fittings to create a warm and timeless living space just minutes from Canggu's vibrant lifestyle hubs.

📍 Location: Tumbak Bayuh, Pererenan – Quiet riverside village just 5–10 minutes from Canggu’s beaches, cafes, and international schools
🏞️ Views: Greenbelt and pandan field views with sunrise vistas and a riverside backdrop

🏡 Villa Features:
Pererenan Eco Sanctuary – Rustic Elegance Meets Sustainable Living
• Land Size: 300 m² (3 are)
• Building Size: 290 m² (2 levels)
• Bedrooms: 4 spacious bedrooms
• Bathrooms: 3 total – 2 ensuite + 1 shared
• Year Built: 2023
• Living & Dining: 2 fully enclosed living and dining areas for family and guests
• Multipurpose Room: Flexible space for office, guest suite, or playroom
• Design: Rustic tropical architecture using natural and reclaimed materials
• Furnishing: Fully furnished with eco-conscious finishes
• Pool: Private 3m x 3m dipping pool
• Zoning: Residential
• Certificates: Akta
• Land Title: Leasehold – 24.75 years (until 1 Jan 2050)
• Builder: Bali-based Australian design studio

💰 Price: IDR 8,594,000,000 (~USD 520,000)

🌿 Lifestyle & Outdoor Amenities:
• Surrounded by lush fields and bordered by a tranquil riverside
• Sustainable materials: recycled teak, ironwood, limestone, earth, and wax finishes
• Close proximity to Canggu’s cafes, yoga studios, beaches, and family-friendly venues
• Ideal setting for families, remote workers, or long-stay expats
• Just minutes from top-rated international schools and daily essentials
• Fully enclosed living – safe and secure for children and pets

💼 Investment Potential:
• Ownership: 24.75-year leasehold with opportunity for extension
• Appeal: Strong interest from eco-conscious families and digital nomads
• Rental Opportunity: Ideal for long-term family rentals or private home office setup
• Turnkey Ready: Newly built and move-in ready with minimal upkeep required

✨ Why Choose This Pererenan Villa?
🌿 Sustainable Architecture – Live in a home built with nature in mind
🏡 Rustic & Refined – Blends Balinese warmth with contemporary family comfort
📍 Prime Yet Private – Nestled in a peaceful area with fast access to Canggu hotspots
📈 Smart Investment – Eco-homes are in rising demand with solid long-term value

📞 Contact us today to schedule a private viewing or request the full brochure. Discover eco-luxury in one of Bali’s most authentic and upcoming residential enclaves.",Property listing,1,520000,0,,8 Degree
8D2555,8D2555 - Archway Villa (Ungasan),"Modern Grandeur in Ungasan – 3BR Villa with Elevator, Game Room & Freehold Title in Prime Bukit Location 🏝️🏡
Discover elevated living in the heart of Bali’s Bukit Peninsula with this stunning 3-bedroom luxury villa in Ungasan. Designed for comfort and crafted with premium materials, this newly built home blends cutting-edge modernity with practical tropical elegance—perfect for family living, long-term residency, or high-yield investment.
📍 Location: Ungasan, South Bali – Central Bukit location near GWK, Melasti Beach & international dining
 🌿 Surroundings: Quiet residential enclave with easy access to cliffside beaches, beach clubs, and daily amenities

🏡 Villa Features
Refined Living Meets Contemporary Comfort
 • Land Size: 600 m²
 • Building Size: 630–650 m² across 2–3 floors
 • Bedrooms: 3 spacious bedrooms with ensuite bathrooms
 • Bathrooms: 3 ensuite + 2 powder rooms
 • Living Areas: Bright enclosed living & dining areas with open-plan layout
 • Kitchen: Sleek modern kitchen with oven, microwave, wine fridge & induction cooktop
 • Pool: Private 14m x 4m mirror-style swimming pool with tropical garden surround
 • Extras:
  – Elevator for effortless access across levels
  – Dedicated entertainment zone (game room / pool table)
  – Office room & laundry area
  – Staff quarters and secure storage
  – Fully furnished with high-quality, hand-selected interiors
  – Parking for 2 large cars + multiple scooters
 • Electricity: 3-phase power (23,000 watts)
 • Water Source: PAM / city water

🌟 Lifestyle & Location Advantages
• Minutes from GWK Cultural Park, international schools & trendy restaurants
 • Easy access to iconic beaches such as Melasti, Dreamland, Bingin & Pandawa
 • Located in Bali’s fastest-growing investment corridor with constant infrastructure upgrades
 • Ideal for families, remote professionals, or holiday homeowners seeking a peaceful yet central base

💼 Ownership, Developer & Investment Overview
• Price: IDR 17,500,000,000 (~USD 1.05M)
 • Land Title: Freehold (Hak Milik)
 • Year Built: 2023 (brand new)
 • IMB: Rumah Tinggal (residential building permit)
 • Developer: Delivered by a seasoned Bali-based builder known for crafting high-end villas across Uluwatu and Ungasan. Their projects reflect a commitment to structural integrity, modern functionality, and timeless aesthetics.
 • Investment Potential:
  – High rental yield in a tourist-preferred zone
  – Exceptional resale prospects due to rare freehold title and top-tier finishing
  – Turnkey-ready for immediate occupancy or listing on luxury rental platforms

✨ Why This Ungasan Villa is a Smart Choice
🏡 Luxury Living – Elevator, mirror pool, high ceilings & stylish, light-filled interiors
 📍 Prime Bukit Location – Fast-growing area with soaring property values
 💼 Secure Investment – Freehold ownership with proven developer credibility
 🛠️ Move-In Ready – Fully furnished, modern construction with all essentials in place",Property listing,1,0,0,,8 Degree
8D2556,8D2556 - Villa Elysian (Ungasan),"Elevated Luxury in Ungasan – 4BR Ocean-View Villa with Freehold Title & Prime Investment Value 🌊🏡

Step into refined tropical living in the prestigious hills of Ungasan, where luxury meets functionality in this brand-new 4-bedroom villa. Designed across four elegant levels, this freehold residence offers panoramic views over Jimbaran Bay and delivers sophisticated architectural design, ideal for private enjoyment or high-return investment.

📍 Location: Ungasan, South Bali – Exclusive hilltop neighborhood near top beaches, resorts & restaurants
🌅 Views: Panoramic Jimbaran Bay vistas from multiple levels and bedrooms

🏡 Villa Features
Luxury Meets Practical Elegance & Seaview Serenity
• Land Size: 580 m²
• Building Size: 674 m² (across 4 levels)
• Bedrooms: 4 spacious bedrooms with ensuite bathrooms
• Bathrooms: 4 + 1 Powder Room
• Living Areas: Enclosed open-concept living & dining with floor-to-ceiling windows
• Kitchen: Open-plan modern kitchen + separate staff kitchen
• Pool: Private 41 m² infinity pool with ironwood deck & ocean views
• Outdoor Spaces: Covered BBQ bar, multiple terraces, balcony lounges
• Extras:
 – Private office
 – Fully equipped gym
 – Staff room & service area
 – Security post
 – Enclosed garage for 3 cars + guest parking
• Furnishing: Fully furnished with premium tropical-modern finishes
• Orientation: North-facing for optimal light & airflow
• Electricity: 33,000 watts
• Water Supply: PDAM (government)

🌿 Lifestyle & Location Highlights
• Just 15 minutes to Balangan Beach and close to Melasti, Dreamland & Bingin
• Proximity to international dining, beach clubs, and upscale fitness centers
• Quiet elevated setting with unbeatable ocean and sunset panoramas
• Ideal for digital nomads, families, or holiday homeowners seeking tranquility and accessibility

💼 Investment & Developer Insights
• Price: IDR 25,440,000,000 (~USD 1,550,000)
• Ownership: Freehold (Hak Milik)
• IMB: On request
• Developer: Reputable Bali-based builder with a strong track record of delivering luxury villas in Uluwatu, Bingin, and Ungasan. Known for modern design, durable construction, and detail-driven finishing—ensuring peace of mind for buyers seeking quality and reliability.
• Rental ROI: Strong potential as a luxury vacation rental or long-term executive lease
• Occupancy: Ready for immediate use or listing

✨ Why Choose This Villa in Ungasan?
🌊 Oceanfront Lifestyle – Wake up to sea breezes, lounge by your infinity pool with panoramic views
🏡 Thoughtful, Functional Design – Spacious layout, natural light, and luxurious private zones
🛠️ Trusted Developer – Proven track record in Bali’s premium residential market
📈 Freehold Advantage – Rare land title in a growth zone with increasing demand
💼 Smart Investment – High capital appreciation, strong yield potential, and immediate usability

📞 Contact us today to schedule a private viewing or request the full digital brochure. Experience the pinnacle of Bali living in one of the island’s most sought-after elevated enclaves.",Property listing,1,1550000,0,,8 Degree
8D2557,8D2557 - Villa No 8 (Seseh),"Seseh Serenity – 3BR Modern Villa Just Steps from the Beach 🌊🏡

Discover coastal living at its finest with this stunning 3-bedroom villa located in the peaceful and charming village of Seseh. Just a short walk to the beach and minutes from vibrant hotspots in Pererenan, Canggu, and Cemagi, this villa offers a rare balance of tranquility, accessibility, and contemporary comfort. Whether you’re looking for a serene home, a beachside escape, or a smart investment, this modern retreat is a rare find in one of Bali’s most coveted coastal areas.

📍 Location: Seseh, Tabanan – Quiet village atmosphere, walking distance to the beach, and close to Pererenan & Canggu
🌴 Surroundings: Surrounded by rice fields and upscale villas with access to popular beach clubs, cafés, and surf breaks

🏡 Villa Features
Stylish, Sunlit, and Steps from the Shore
• Land Size: 330 m²
• Building Size: 184 m²
• Bedrooms: 3 spacious bedrooms with ensuite bathrooms
• Bathrooms: 3.5 (including guest powder room)
• Living Room: Enclosed living space with soaring ceilings and natural light
• Kitchen & Dining: Fully equipped kitchen with modern appliances and dining area
• Pool: 27 m² private swimming pool with lounge area
• Furnishing: Fully furnished and move-in ready
• Design: Contemporary tropical style with elegant finishes
• Outdoor: Garden lounge area, poolside seating
• Internet: Fiber optic-ready
• Parking: Onsite private parking

🌟 Lifestyle & Location Highlights
• 5-minute walk to Seseh Beach – ideal for morning strolls and sunset views
• 5–10 minutes to Pererenan and Canggu’s top restaurants, yoga studios, and nightlife
• Calm, secure neighborhood perfect for families or digital nomads
• Quiet surroundings with vibrant coastal energy just around the corner
• Great for long-term living or a rental income stream

💼 Ownership & Investment Details
• Price: USD 599,000
• Ownership: Leasehold – 25 years (extension available)
• Availability: 3 units available
• Construction Status: Completed – turn-key condition
• Developer: Represented by Bali Exception, a reputable real estate agency based in Umalas and a registered member of AREBI (Indonesian Real Estate Association)
• Investment Potential:
 – High occupancy potential in the growing Seseh luxury rental market
 – Beach proximity and stylish design make it highly attractive for short- and long-term stays
 – Strong resale value in an area with rising demand and limited supply

✨ Why This Villa is a Standout Choice
🏖️ Prime Beachside Location – Rare walk-to-beach villa in a peaceful coastal village
🌞 Airy & Bright – High ceilings and large windows for a naturally elegant feel
💼 Solid Investment – Competitive pricing with strong ROI in an emerging hotspot
📍 Connected Yet Quiet – Quick access to the action in Canggu while enjoying total serenity

📞 Contact us today to request a brochure or schedule a private viewing. With only 3 units available, this is your chance to own a slice of paradise in Bali’s fast-rising beachside gem.",Property listing,1,599000,0,,8 Degree
8D2559,8D2559 - Villa Kaiyo (Bingin),"🌊 Refined 4BR Oceanview Villa in Pecatu – Minimal Minimalist Luxury Near Bingin

Experience the perfect blend of sleek design and serene ocean vistas in this stunning 4-bedroom villa, nestled in the sought-after area of Pecatu, South Bali. Just moments from Bingin, Dreamland, and Cemongkak Beaches, this 3-level modern home offers an elegant tropical lifestyle, surrounded by Bali’s best beach clubs, restaurants, and surf breaks. 

📍 Location: Pecatu, South Bali Views: Panoramic Ocean and Pool 

🏠 Villa Features: 
• Land Size: 500 m² 
• Building Size: 645 m² 
• Bedrooms: 4 – All with ensuite bathrooms 
• Additional Bathrooms: 1 guest powder room 
• Living Room: Enclosed, bright, and expansive 
• Kitchen: Modern, fully equipped with island and premium appliances 
• Dining Area: Open-plan design flowing seamlessly with living space 
• Cinema Room: Private theater for immersive viewing 
• Private Pool: Large with sun deck and ocean views 
• Furnishing: Fully furnished with curated minimalist interiors 
• Parking: Private car and motorbike parking 
• Year Built: 2023 – Designed by renowned interior architect 
• Additional Features: Laundry room, storage space, rooftop terrace 

🌟 Amenities & Lifestyle: 
• Walking distance to Bingin, Dreamland, and Cemongkak Beaches 
• 5–10 minutes to Savaya, El Kabron, and Bukit’s top restaurants 
• Elegant design with expansive views and indoor-outdoor flow 
• Ideal for families or as a luxury holiday rental 
• Located in a high-demand, tourism-zoned area 

💰 Investment Potential: 
• Premium location in one of Bali’s fastest-growing markets 
• Strong long-term rental appeal 
• Designer home built for style, comfort, and functionality 
• Tourism zoning allows for full commercial rental license 

📜 Ownership Details: 
• Leasehold: 29 Years (Until 2052) 
• Zoning: Tourism 
• Certificates: Akta, IMB 
• Title: Leasehold with complete documentation 
• Availability: Move-in ready 
• Pricing: Approx. USD 1,250,000 (IDR 20,000,000,000)

 ✨ Why Choose This Villa? 
🌅 Ocean Views from Every Level – Ideal for sunset seekers 
🎨 Timeless Minimalist Design – Clean, comfortable interiors 
🏡 Move-in Ready – Perfect for families, second home, or investors 
💼 High ROI Area – Excellent rental yield and demand 
📍 Top Pecatu Location – Close to beaches, cafes, and attractions 

📞 Contact us today to schedule a private viewing or receive the full brochure on this exclusive Pecatu villa.",Property listing,1,1250000,0,,8 Degree
8D2560,8D2560 - Villa Kamiko (Bingin),"🌊 Elegant 4BR Oceanview Villa in Bingin – Minimalist Luxury on Bali’s Iconic Clifftop
Experience the pinnacle of tropical modern living with this sophisticated 4-bedroom cliffside villa in Bingin, Uluwatu. Blending minimalist design with premium finishes, this 3-level residence offers panoramic ocean views, sleek architecture, and direct access to Bali’s most desirable coastal lifestyle.
📍 Location: Bingin, Uluwatu – South Bali
 Views: Ocean, pool, rooftop sunsets & surrounding cliffs
🏠 Villa Features:
 • Land Size: Approx. 500 m²
 • Building Size: 645 m² across 3 levels
 • Bedrooms: 4 – All with ensuite bathrooms
 • Additional Bathrooms: 1 guest powder room
 • Living Room: Enclosed and sunlit with garden and pool views
 • Kitchen & Dining: Fully equipped open-plan layout with premium finishes
 • Cinema Room: Dedicated home theater for immersive movie nights
 • Private Pool: 50 m² with surrounding deck and sun loungers
 • Rooftop Terrace: Sunset views over Dreamland and Cemongkak Beach
 • Furnishing: Fully furnished with curated interiors
 • Parking: Private carport + motorbike area
 • Year Built: 2023 – Modern finishes with high-end materials
 • Other Features: Laundry room, storage, minimalist landscaping
🌟 Amenities & Lifestyle:
 • Walk to Dreamland, Cemongkak & Bingin Beaches
 • Close to El Kabron, Savaya, and Uluwatu’s top beach clubs
 • Just 10 minutes to Uluwatu surf breaks and wellness hotspots
 • Designed by a renowned Bali-based interior designer
 • Located in a prestigious cliffside zone with tourism permits
💰 Investment Potential:
 • Prime Bingin clifftop location with strong capital appreciation
 • Turnkey-ready for luxury rental or private use
 • High-end appeal for discerning global buyers
 • Strong ROI potential in a booming South Bali market
📜 Ownership Details:
 • Leasehold: 29 Years (Until 2053)
 • Zoning: Tourism – Eligible for rental licenses
 • Title: Full documentation (Akta, IMB)
 • Availability: Ready for occupancy
 • Pricing:
  – Leasehold: USD 1,250,000 (Approx. IDR 20 Billion)
  – Yearly Rental: USD 110,000 (Approx. IDR 1.785 Billion), starting Oct 2025
✨ Why Choose This Villa?
 🌅 Rooftop Ocean Views – Your daily sunset sanctuary
 🏡 Family-Ready – Thoughtful layout with cinema and pool
 💼 Investment Strong – High-demand cliffside position
 🎨 Designer Touch – Sophisticated Bali minimalism throughout
 📍 Prime Location – Walkable to beaches, dining, and nightlife
📞 Contact us today to schedule a private tour or request the full brochure for this exclusive Bingin villa.",Property listing,1,1250000,0,,8 Degree
8D2561,8D2561 - Villa Hoshi (Padang Linjong),"Prime Canggu Residence – High-Spec 3BR Villa Just 8 Minutes from the Beach

Discover a rare opportunity to own a beautifully finished private villa in one of Canggu’s most sought-after residential zones. Just 8 minutes from the beach and moments from Bali’s best cafés, boutiques, and lifestyle destinations, this villa delivers modern comfort with meticulous attention to detail. Designed for private living, it features imported finishes and premium appliances throughout—ideal for discerning buyers who value quality, privacy, and location.

📍 Location: Canggu, Bali – prime residential address near Batu Bolong & Berawa  
🌿 Surroundings: Peaceful, low-density enclave close to shops, restaurants, and the beach

🏡 Villa Features:
 Contemporary Design, Premium Finishes & Residential Comfort 
• Price: IDR 9,000,000,000  
• Leasehold: Until January 2047  
• Land Size: 275 m² (2.75 are)  
• Building Size: 360 m²  
• Bedrooms: 3  
• Bathrooms: 3  
• Living: Enclosed living room with soundproof YKK aluminum sliding doors (Japan technology)  
• Kitchen: Fully equipped with Kuadra tabletop, Bloom appliances, Bosch dishwasher  
• Dining: Marble Carrara dining table  
• Bathrooms: Premium fittings from Grate, Indian natural stone tiles  
• Pool: Private swimming pool (10m x 5m) with double-layer Ulin wood pool deck  
• Furnishing: Fully furnished to high standards  
• Air Conditioning: Throughout the villa  
• Parking: Private car access and onsite parking  
• Building Permit: SLF on process  
• Year Built: 2023

🌟 Lifestyle & Location Highlights  
• Just 8 minutes to Canggu’s main beaches  
• Close to international schools, dining, gyms, and wellness centers  
• Quiet residential zone with no ongoing construction nearby  
• Premium material selections with long-lasting durability  
• Ideal for families or individuals seeking private-use residence with high-end detailing  
• Surrounded by established infrastructure and services

💼 Investment Potential  
• Ideal for private residence—currently owner-occupied  
• Suitable for long-term capital preservation in a prime area  
• Low-maintenance design with high-quality build standards  
• Prestigious Canggu address ensures steady value appreciation  
• Rare opportunity to acquire a high-spec, move-in ready villa in a finished area

✨ Why Choose This Canggu Villa?  
🏖️ 8 Minutes to the Beach – Convenient access to Batu Bolong and Echo Beach  
🏡 High-End Finishes – From appliances to materials, no detail overlooked  
🌿 Residential Peace – Quiet, construction-free neighborhood with total privacy  
📈 Long-Term Value – Prime land title with proven capital growth in Canggu
📞 Contact us today to schedule a private viewing. Villas of this caliber and location rarely come to market—secure your premium Canggu address now.",Property listing,1,0,0,,8 Degree
8D2565,8D2565 - Bingin Escape Villa (Bingin),"🏡 LUXURY 4-BEDROOM MANSION WITH OCEAN & VOLCANO VIEWS – BINGIN, ULUWATU 🌅
 Experience Bali’s most iconic views from this extraordinary 3-level designer villa perched atop Bingin Hill, Uluwatu. With panoramic volcano and ocean vistas, a fully integrated smart home system, rooftop spa, and a massive 800 sqm of indoor living, this architect-designed estate offers the ultimate blend of luxury, lifestyle, and investment potential in Bali’s fastest-growing luxury enclave.
📍 Location: Bingin Hill, Uluwatu – Bali
 Views: Unobstructed Ocean, Volcano & Sunset
🏠 Villa Features:
 • Land Size: 833 m² (8.33 are)
 • Building Size: 800 m² across 3 levels
 • 4 Expansive Bedrooms with En-suite Marble Bathrooms & Walk-in Wardrobes
 • Fully Enclosed Living Areas with Soaring 4-meter Ceilings
 • Infinity Swimming Pool (18–20m length, resort-style) with Swim-up Bar
 • 2 Modern Kitchens with Electrolux Appliances & GEA Wine/Bar Fridges
 • Rooftop Spa & Entertainment Deck with:
   – Sauna, Ice Bath, Plunge Pool
   – Massage & Pilates Room
   – Built-in BBQ & Bar, Wine Fridge
   – 55” Outdoor Smart TV & Electric Louver System
   – Rooftop Shower & Guest Bathroom
 • Cliff-Top Gym with A/C & Electric Louvers
 • Cinema/Movie Room with 85” Screen & Bose Sound System (Plot 2 option)
 • Staff Quarters, Full Laundry Room, and 2 Storage Rooms
🌟 Smart Amenities & Infrastructure:
 • Full Solar Power System + Backup Battery
 • Deep Water Well + Water Filtration System (Drinkable Water from All Taps)
 • Fiber Optic Hardwired WiFi – 200 Mbps in Every Room
 • 33,000 Watts of Electricity
 • Underground PLN Cabling – No Visual Disruptions
 • Smart Home System – Control Lighting, Security & A/V via Mobile
 • 5-Year Waterproofing Warranty | 1-Year General Warranty | Fully Insured During Construction
 • Parking for 4 Cars & Multiple Bikes
 • Premium 6m Private Access Road with Palm-Lined Entrance
 • Exclusive Gated Estate with 24/7 Security & Electric Gate
📜 Ownership Details:
 • Leasehold: 40.5 Years (until approx. 2065) + Guaranteed 30-Year Extension
 • Year Built: 2024
 • Land Title: Hak Sewa
 • Fully Furnished – Turnkey Luxury
💰 Price: USD 1,700,000 (Plot 4 – Ready Unit)
 Other plots available upon request
✨ Why Choose This Mansion?
 🌋 Spectacular Elevation: Wake to volcano sunrises and toast sunset ocean views
 🏡 Architectural Masterpiece: 3-level home with resort-style amenities and world-class interiors
 📈 Rare Investment Edge: 40.5+30 year lease in an area with typical 25-year limits
 🚗 Private & Future-Proof: Deep well, solar power, smart tech, and secure gated estate
 📃 Developer-Backed Peace of Mind: Structural warranties, infrastructure, and top-tier specs
📞 Contact 8 Degree Real Estate today to schedule your private viewing of this once-in-a-lifetime villa on Bingin Hill — where innovation meets elevation in Bali’s most exclusive setting.",Property listing,1,1700000,0,,8 Degree
8D2568A,8D2568B - Parea villas (Kayu Tulang),"🏡 MODERN 2-BEDROOM VILLA IN BABAKAN, CANGGU – READY BUILT & FULLY FURNISHED 🌴
Experience contemporary tropical living in this brand-new 2-bedroom villa, ideally located in the peaceful residential area of Babakan, Canggu. Just minutes from Canggu’s trendiest cafés, gyms, and restaurants, and less than 10 minutes to Batu Bolong Beach, this stylish two-story property offers the perfect blend of comfort, convenience, and investment potential.

📍 Location: Babakan, Canggu – Bali
Views: Pool & Garden Outlook
Quiet residential pocket – close to Kayu Tulang, cafés, and Bali Social Club

🏠 Villa Features:
• Land Size: ±167 m² (1.67 are)
• Building Size: ±125 m² across 2 floors
• 2 Bedrooms – each with Ensuite Bathroom
• 2.5 Bathrooms Total (incl. Guest Toilet)
• Fully Furnished – Turnkey Ready
• Choice of Open or Enclosed Living & Dining Area
• Modern Kitchen with Quality Appliances
• Private Pool – ±10 m² with Tropical Deck
• Balcony & Terrace for Outdoor Relaxation
• Storage Room + Closed Parking for Bikes/Cars

🌟 Lifestyle Amenities:
• Peaceful yet central location in high-demand Canggu area
• Fully gated for privacy and security
• Minutes to cafés, restaurants, gyms, and Bali Social Club
• Just ±3.7 km to Batu Bolong Beach
• Ideal for both long-term residence or rental investment
• Brand new construction – completed in 2025

📜 Ownership Details:
• Leasehold: 23 Years (until 2047) + Extension Available
• Land Title: Hak Sewa
• IMB/PBG: In Process
• Year Built: 2025

💰 Price:
• IDR equivalent of USD 259,000
• All transactions in IDR – USD shown for reference only

✨ Why Choose This Property?
🏖️ Strategic Location – Easy access to beaches & Canggu hotspots
🏡 Modern Comfort – Brand new build, fully furnished, ready to move in
📈 Investment Ready – High rental potential in a sought-after area
🚗 Practical Layout – Flexible living spaces, pool, and secure parking
📃 Secure Leasehold – 23 years with extension option

📞 Contact 8 Degree Real Estate today to arrange a private viewing and discover this modern ready-built villa in the heart of Canggu’s most desirable residential enclave.",Property listing,1,259000,0,,8 Degree
8D2574,8D2574 - Villa Desi Pererenan,"🏡 Luxury 5BR Villa in Pererenan – Gym, Spa, & Billiard Lounge Minutes from the Beach

Step into one of Pererenan’s most refined private residences — a brand-new 5-bedroom designer villa by Casa Studio, blending premium tropical living with sleek architectural style. Located just a short walk from Pererenan Beach and the area’s top cafés, restaurants, and bars, this freehold estate is the perfect combination of luxury, functionality, and lifestyle.

📍 Location: Pererenan Beachside, Bali
Views: Pool & garden with a private tropical oasis vibe

🏠 Villa Features:
• Land Size: 655 m²
• Building Size: 715 m² (2 floors)
• Bedrooms: 5 – All with ensuite bathrooms and walk-in wardrobes
• Additional Rooms:
  - Entertainment room with teak billiard table, bar, and home theater
  - Dedicated gym and massage/spa room
  - Staff quarters with laundry, storage, and service bathroom
• Living Room: Spacious enclosed living area with high ceilings
• Kitchen: Fully equipped modern kitchen with island and built-in storage
• Private Swimming Pool: 14 x 3 m with sunken daybeds & tropical landscaping
• Sunken Lounge: Poolside area perfect for hosting or relaxing
• Design: Modern tropical with natural finishes and stylish interiors by Casa Studio
• Furnishing: Fully furnished with curated décor
• Year Built: 2024 – Premium craftsmanship and high-quality materials
• Parking: Private carport

🌟 Amenities & Lifestyle:
• 3-minute walk to Pererenan Beach
• Surrounded by top cafés (Baked, Shelter, Woods) & boutique shopping
• Easy access to international schools and wellness hubs
• Ideal for families, entertainers, and luxury rental investors
• Exclusive residential pocket in Bali’s most desirable beachside zone

💰 Investment Potential:
• Rare freehold title in beachside Pererenan
• Also available as 25-year leasehold – IDR 25,000,000,000 (negotiable)
• High-end features & strategic location for rental income
• Perfect for luxury lifestyle buyers or long-term investors

📜 Ownership Details:
• Title: Hak Milik (Freehold) – IDR 28,000,000,000
• Leasehold Option: 25 years at IDR 25,000,000,000 (negotiable)
• Building Permit: In process
• Availability: Ready for private tours

✨ Why Choose This Villa?
🧘 Spa & Gym – Full wellness suite inside your own home
🎱 Billiard Room & Bar – Perfect for entertaining guests
📍 Pererenan Prime – Walk to the beach, cafés, and yoga studios
🏝️ Lifestyle-Ready – Ideal for full-time living or a luxury rental
📞 Contact us today to schedule a private viewing or request the complete brochure on this exceptional Pererenan villa.",Property listing,1,0,0,,8 Degree
8D2575,8D2575 - Svaha Villa (Tiying Tutul),"🏡 STYLISH 3-BEDROOM DESIGNER VILLA IN PRIME PERERENAN – FREEHOLD WITH MODERN LUXURY 🌿
Welcome to your dream home in Pererenan—a beautifully crafted modern villa just 5 minutes from the beach and surrounded by Bali’s most vibrant cafes, beach clubs, and wellness venues. Thoughtfully designed by a renowned architect, this newly completed 3-bedroom residence blends open tropical living with luxury finishes, making it ideal for personal use or a high-yield rental investment.

📍 Location: Pererenan, Canggu – Bali
Views: Private Pool, Garden & Balcony Outlook
📍 5 Minutes to Pererenan Beach – Prime Residential Zone

🏠 Villa Features:
• Land Size: 170 m²
• Building Size: 182 m² across 2 levels
• 3 Spacious Bedrooms with Ensuite Bathrooms
• Additional Guest Toilet
• Open-Plan Living, Dining & Kitchen Area
• Fully Furnished with Custom Designer Furniture
• Private Swimming Pool (7 x 3 m) + Outdoor Shower
• Balcony from Master Bedroom Overlooking Pool
• Roofed Private Parking + Hidden Storage Room
• Smart Home Entry System + CCTV Security
• Modern Kitchen with Built-In Appliances
• Fiber Optic Internet Ready
• 5500W Electricity + Seismic Drilled Well
• Air Conditioning in Every Room

🌟 Lifestyle Amenities:
• Just 5 Minutes to Pererenan Beach
• Walk to Copenhagen, Nude, Sensorium & Crate Café
• Surrounded by Top Padel Courts, Gyms & Wellness Studios
• 10–15 Minutes to Echo Beach, Canggu Shortcuts & Berawa
• Quiet, Residential Pocket with Freshly Paved Road Access
• Ideal for Families, Digital Nomads, or Holiday Rentals
• Designed with Indoor-Outdoor Flow & Relaxation in Mind

📜 Ownership Details:
• Ownership: Freehold (Hak Milik)
• Land Title: PBG/IMB in Process
• Year Built: 2023 – Brand New & Completed
• Property Status: Ready to Move In

💰 Price:
• IDR 5.95 Billion (~USD 360,000) – Negotiable
• All transactions in IDR. USD shown for reference only.

✨ Why Choose This Property?
📍 Prime Pererenan Location: Just minutes from the beach & top expat amenities
🏡 Elegant & Practical Design: Designer furniture, pool, balcony & open living
📈 Investment-Ready: High rental yield potential in one of Bali’s most in-demand zones
🔐 Smart & Secure: Smart lock system, CCTV, gated parking & modern build
📃 Freehold Ownership: Rare opportunity in a Grade-A neighborhood

📞 Contact 8 Degree Real Estate today to schedule a private viewing of this designer villa in Pererenan—a rare freehold gem offering effortless luxury, lifestyle, and investment potential in Bali’s trendiest coastal district.",Property listing,1,360000,0,,8 Degree
8D2582A,8D2582A - Tapa Villa 3BR (Tabanan),"🏡 BRAND NEW 3-BEDROOM FREEHOLD VILLA WITH RIVERFRONT VIEWS – NYANYI, TANAH LOT 🌿
 Discover refined tropical living in this elegant 3-bedroom residence located in the serene village of Nyanyi, just north of Tanah Lot. Recently completed in 2025, this villa is a harmonious blend of modern architecture and natural charm—featuring sweeping riverfront views, lush rice field surroundings, and a fully furnished interior for effortless living or immediate rental use.
📍 Location: Nyanyi / Tanah Lot – North Tabanan, Bali
 Views: Riverfront & Greenbelt Rice Field Panorama
 📍 10 Minutes to Nyanyi Beach, 15 Minutes to Pererenan & Canggu
🏠 Villa Features:
 • Land Size: 250 m² (2.5 are)
 • Building Size: 236 m² across 2 Levels
 • 3 Spacious Bedrooms with Ensuite Bathrooms
 • 3.5 Bathrooms Total (incl. Guest Toilet)
 • Fully Furnished – Move-In Ready
 • Enclosed Living & Dining Area with Modern Touches
 • Contemporary Kitchen with Full Equipment
 • Private Pool (33 m² / approx. 4x8 m) with Garden Backdrop
 • Balcony with Elevated View of the River & Surrounding Nature
 • Laundry Room + Storage
 • Fiber Optic Internet + Drilled Well Water Supply
 • Closed Private Parking (Car & Scooter)
🌟 Lifestyle Amenities:
 • Peaceful Riverfront Setting – Wake Up to Nature’s Soundtrack
 • Surrounded by Rice Fields & Residential Serenity
 • Ideal Family Home or High-End Long-Term Rental
 • 10–15 Minutes to Tanah Lot Temple, Nyanyi & Kedungu Beach
 • 20 Minutes to Pererenan, 25 Minutes to Batu Bolong & Canggu Hotspots
 • Close to International Schools, Yoga Studios & Retreats
 • Modern Tropical Design with Timeless Appeal
 • Secure Freehold Ownership – No Restrictions
📜 Ownership Details:
 • Land Title: Hak Milik (Freehold)
 • Year Built: Completed 2025
 • Building Permit (IMB/PBG): Available
 • Zoning: Residential
 • Property Status: Completed & Ready to Occupy
💰 Price:
 • IDR 7 Billion (~USD 432,000)
 • All transactions in IDR. USD shown for reference only.
✨ Why Choose This Property?
 🏞️ Riverfront Beauty: Rare natural setting just minutes from the coast
 🏡 Completed & Turnkey: Fully furnished with all permits in place
 📈 Investment-Ready: High appeal for families or luxury rental market
 🚗 Spacious Living: 3 beds, private pool, garden, storage & enclosed areas
 📃 Secure Freehold: Long-term ownership in a growing residential zone
📞 Contact 8 Degree Real Estate today to schedule your private viewing of this exceptional new villa — a rare freehold gem offering modern luxury and tranquility just outside of bustling Canggu.",Property listing,1,432000,0,,8 Degree
8D2582B,8D2582B - Tapa Villa 2BR (Tanah Lot),"🏡 MODERN 2-BEDROOM FREEHOLD VILLA IN TRANQUIL NYANYI – TROPICAL ELEGANCE MEETS MODERN LUXURY 🌿
Discover peaceful living just minutes from Tanah Lot in this stylish 2-bedroom villa located in the quiet village of Nyanyi. Currently under construction with 65% progress and a targeted handover in September 2025, this property blends contemporary comfort with lush natural surroundings—perfect for families or investors seeking long-term value.

📍 Location: Nyanyi, Buwit – Tabanan, Bali
Views: Garden, Tropical Greenery
📍 10 Minutes to Tanah Lot, 15 Minutes to Canggu & Nyanyi Beach

🏠 Villa Features:
• Land Size: 225 m² (2.25 are)
• Building Size: 192 m² across 1 Level
• 2 Spacious Bedrooms with Ensuite Bathrooms
• 2 Bathrooms Total
• Fully Furnished – Move-In Ready Upon Completion
• Enclosed Living Room – Comfortable for Daily Living
• Elegant Kitchen with Modern Appliances
• Private Swimming Pool (7 x 3 m)
• Lush Garden Area with Outdoor Relaxation Space
• High-Quality Finishes & Thoughtful Layout
• Parking for Car and Scooters
• Construction Progress: 65% (as of June 2025)

🌟 Lifestyle Amenities:
• Located in Serene Residential Zone Surrounded by Rice Fields
• Quiet Yet Accessible – 10 Minutes to Cafés, Yoga Studios & Beach
• Ideal for Families, Digital Nomads, or Investment Use
• 15–20 Minutes to Pererenan, Canggu & Batu Bolong Hotspots
• Close to Nyanyi and Kedungu Beaches
• Strong Demand for Peaceful, Modern Villas in Natural Settings
• Scheduled Completion: September 2025

📜 Ownership Details:
• Land Title: Hak Milik (Freehold)
• Year Built: Completion Expected September 2025
• IMB/PBG: In Process
• Zoning: Residential
• Property Status: Under Development – 65% Complete

💰 Price:
• IDR 5.7 Billion (~USD 355,000)
• All transactions in IDR. USD shown for reference only.

✨ Why Choose This Property?
🌾 Quiet Village Life: Lush rice field surroundings in peaceful Nyanyi
🏡 Modern Build with High-End Materials: Stylish, single-level layout
📈 Investment Opportunity: Ideal for families or holiday rentals
🚧 Nearly Complete: Construction at 65% with fast handover timeline
📃 Long-Term Freehold Security: Rare full-ownership land title in a fast-growing area

📞 Contact 8 Degree Real Estate today to schedule a site visit or request further details on this beautiful freehold villa—your serene escape just minutes from Bali’s vibrant southwest coast.",Property listing,1,355000,0,,8 Degree
8D2583,8D2583 - Lyvin Villa Bingin,"🏝️ Modern 3BR Villa with Rooftop Near Bingin Beach – Brand New Leasehold Opportunity
Discover elevated tropical living in this brand-new 3-bedroom villa, just a short walk from Bingin Beach in Uluwatu. Blending contemporary architecture with natural textures and a rooftop terrace, this fully furnished home is perfect for both private use and high-return investment in one of Bali’s most sought-after beach neighborhoods.
📍 Location: Bingin, Uluwatu – South Bali
 Views: Rooftop views, tropical garden, and pool outlook
🏠 Villa Features:
 • Land Size: Approx. 324 m² (3.24 are)
 • Building Size: 310 m² across 2 levels
 • Bedrooms: 3 – All with ensuite bathrooms
 • Additional Bathrooms: 1 guest toilet
 • Living Room: Open-plan with floor-to-ceiling glass and arched doors
 • Kitchen & Dining: Modern open-concept layout with direct pool access
 • Private Swimming Pool: With tanning ledge and timber deck
 • Rooftop Terrace: Expansive area with garden and sunset potential
 • Balcony: Master bedroom access with lush panoramic views
 • Furnishing: Fully furnished with curated interiors
 • Parking: On-site private access
 • Year Built: 2024 – Delivered brand new and ready for occupancy
 • Other Features: Lush garden, private access, and tropical landscaping
🌟 Amenities & Lifestyle:
 • 5 minutes walk to Bingin Beach
 • Close to Dreamland, Cemongkak, and Padang Padang
 • Nearby beach clubs: El Kabron, Savaya, and top cafés
 • Quiet, upscale neighborhood ideal for families or holidaymakers
 • Rooftop potential for yoga, sunset dining, or lounge space
💰 Investment Potential:
 • Prime Bingin location with strong demand for luxury rentals
 • Leasehold in tourism zoning – ideal for commercial use
 • High-end construction with thoughtful layout and finishes
 • Strong ROI in a high-occupancy short-term rental market
📜 Ownership Details:
 • Leasehold: 28 Years (Until 2052)
 • Extension: 25-Year Priority Extension Right
 • Zoning: Tourism – Eligible for rental licenses
 • Pricing: USD 810,000
✨ Why Choose This Villa?
 🌴 Walk to Bingin – Enjoy world-class surf and beach life
 🏠 Rooftop Potential – Create a sunset haven above the trees
 💼 Turnkey-Ready – Delivered fully furnished from day one
 🌺 Tropical Design – Aesthetic finishes with modern comforts
 📍 Proven Investment Zone – Among Bali’s most in-demand beach enclaves
📞 Contact us today to schedule a private viewing or request the full brochure for this exceptional Bingin villa.",Property listing,1,810000,0,,8 Degree
8D2584,8D2584 - Aurora Umalalang Villa (Cemagi),"🏡 OCEAN & RICE FIELD VIEW 4-BEDROOM VILLA WITH PRIVATE BEACH ACCESS – CEMAGI, BALI 🌾🌊
Nestled just 60 meters from the beach in tranquil Cemagi, this luxurious 4-bedroom villa offers the rare combination of ocean and rice field views, private beach access, and high-end modern living. Built in 2023 by a trusted Western contractor, the villa is a turnkey opportunity with exceptional design and resort-style amenities—ideal for families or investors seeking strong rental potential.

📍 Location: Cemagi, Bali – 60 Meters from the Beach
Views: Ocean • Rice Fields • Garden
📍 10 Minutes to Pererenan • 15 Minutes to Central Canggu

🏠 Villa Features:
• Land Size: 400 m² (4 are)
• Building Size: 220–225 m² across 2 Levels
• 4 Bedrooms Total – 3 with Ensuite Bathrooms
• 3 Bathrooms Total – All High-End Finishes
• Fully Furnished – Interior Designed Turnkey Villa
• Living Room: Enclosed with Double AC
• Kitchen: Fully Equipped with Premium Appliances
• Master Suite with Ocean View & Lounge Balcony
• Private Pool: 8 x 3 Meters with Landscaped Garden
• Laundry Area • Walk-In Closet • Ample Storage
• Private Covered Parking
• Beach Access: 60 Meters – Private Pathway
• Completion: Built in 2023 – Ready for Move-In

🌟 Lifestyle & Amenities:
• Ocean & Rice Field Views from Upper Level
• Calm, Residential Setting in Peaceful Cemagi
• Minutes to Pererenan, Canggu, and Cafés
• Ideal for Family Living or High-Yield Rentals
• Stylish Interior by Professional Designer
• Western Build Quality – Durable & High Standard
• Tranquil Garden with Sun Deck & Poolside Lounge
• Quiet Road Access – Secluded Yet Connected

📜 Ownership & Legal Details:
• Leasehold Options:
  • 23 Years – Until 01 December 2047 → EUR 530,000
  • 47 Years – Until 01 December 2072 → EUR 750,000
  (Both include 5% agent fee)
• Land Title: Hak Sewa (Leasehold)
• Building Permit: In Process
• Property Code: SES66596
• All transactions in EUR – IDR equivalent available upon request

✨ Why Invest in This Property?
🏖️ Private Beach Access: Only 60 meters to the sand
🌾 Scenic & Serene: Surrounded by ocean breeze and lush rice paddies
📈 Strong ROI Potential: Stylish design and rare beachfront proximity
🚗 Turnkey Ready: Fully furnished and move-in or rent-ready
📃 Flexible Lease Options: Choose long-term security or short-term returns

📞 Contact 8 Degree Real Estate today to schedule a private viewing or receive floor plans and additional media. Whether for investment or lifestyle, this villa offers unmatched value in one of Bali’s most enchanting seaside villages.",Property listing,1,0,0,,8 Degree
8D2585,8D2585 - House of Flow (Tabanan),"🏝️ Luxurious 4BR Uluwatu Villa with Sauna, Ice Bath & Panoramic Bingin Hill Views
Brand-New Designer Villa | 39-Year Leasehold or Yearly Rental Option
Experience elevated island living in this exceptional 4-bedroom designer villa perched on the coveted Bingin Hill, Uluwatu. With unmatched panoramic views and a unique blend of privacy, style, and high-end functionality, this property redefines tropical luxury.
📍 Location: Bingin Hill, Uluwatu – South Bali
 🌅 Views: Panoramic Ocean & Sunset Views
🏠 Villa Features:
 • Land Size: 6.5 are (650 m²)
 • Building Size: 455 m²
 • Bedrooms: 4 – All ensuite
 • Bathrooms: 7 total, including guest toilets
 • Living Areas: Enclosed open-plan with full-length sliding glass doors
 • Terraces: 2 expansive terraces with electric Louvre roofs for sun or shade
 • Kitchen: 2 full kitchens, ideal for entertaining
 • BBQ Grill: Brand new outdoor setup for parties and gatherings
 • Pool: Long private swimming pool (lap-friendly) with outdoor shower
 • Wellness Facilities:
  ◦ Private Sauna & Ice Bath
  ◦ Massage Room
 • Garage: Large covered garage with additional parking
 • Utilities:
  ◦ Solar panels for energy efficiency
  ◦ Water filtration system (USD 76,000) delivering clean, drinkable water to every tap
  ◦ Connected to Bingin Hill Village Common Well – reliable water supply
 • Connectivity:
  ◦ Fiber optic internet (installed)
  ◦ Village-wide fiber network in development
 • Comfort & Practicality:
  ◦ Laundry Room
  ◦ Storage Room
  ◦ Fully Furnished with curated interiors
  ◦ 80-inch flat-screen Smart TV

🏡 Community & Location Benefits:
 • 45-second walk to Jalan Labuansait
 • Peaceful hillside setting – no traffic noise
 • Future gated community with 24/7 security gate & CCTV planned
 • Close to Bingin, Dreamland & Padang Padang beaches
 • Minutes from iconic hotspots: El Kabron, Savaya, Ulu Cliffhouse


📜 Ownership Options:
 • Leasehold: 39 Years Remaining
 • Leasehold Sale Price: USD 1,868,000
 • Yearly Rental Option: USD 132,000/year
 • Zoning: Residential
 • Status: Fully Licensed – Ready for Occupancy

✨ Why This Villa?
 🌅 Unmatched Views – Arguably the best in Bingin
 🧖‍♂️ Wellness Ready – Sauna, Ice Bath & Massage Room
 🌞 Sustainable & Secure – Solar-powered, filtered water, quiet community
 🎉 Entertainment-Focused – BBQ-ready, dual kitchens, smart layout
 💼 Strong ROI Potential – Unique design in a rapidly growing gated enclave
📞 Contact us today to schedule a private viewing or request the full brochure of this one-of-a-kind Uluwatu retreat. Don’t miss your chance to secure the finest new villa on Bingin Hill.",Property listing,1,1868000,0,,8 Degree
8D2586,8D2586 - Auslander Villa (Bingin),"Brand-New Designer Villa | 39-Year Leasehold or Yearly Rental Option
Experience elevated island living in this exceptional 4-bedroom designer villa perched on the coveted Bingin Hill, Uluwatu. With unmatched panoramic views and a unique blend of privacy, style, and high-end functionality, this property redefines tropical luxury.
📍 Location: Bingin Hill, Uluwatu – South Bali
 🌅 Views: Panoramic Ocean & Sunset Views
🏠 Villa Features:
 • Land Size: 6.5 are (650 m²)
 • Building Size: 455 m²
 • Bedrooms: 4 – All ensuite
 • Bathrooms: 7 total, including guest toilets
 • Living Areas: Enclosed open-plan with full-length sliding glass doors
 • Terraces: 2 expansive terraces with electric Louvre roofs for sun or shade
 • Kitchen: 2 full kitchens, ideal for entertaining
 • BBQ Grill: Brand new outdoor setup for parties and gatherings
 • Pool: Long private swimming pool (lap-friendly) with outdoor shower
 • Wellness Facilities:
  ◦ Private Sauna & Ice Bath
  ◦ Massage Room
 • Garage: Large covered garage with additional parking
 • Utilities:
  ◦ Solar panels for energy efficiency
  ◦ Water filtration system (USD 76,000) delivering clean, drinkable water to every tap
  ◦ Connected to Bingin Hill Village Common Well – reliable water supply
 • Connectivity:
  ◦ Fiber optic internet (installed)
  ◦ Village-wide fiber network in development
 • Comfort & Practicality:
  ◦ Laundry Room
  ◦ Storage Room
  ◦ Fully Furnished with curated interiors
  ◦ 80-inch flat-screen Smart TV

🏡 Community & Location Benefits:
 • 45-second walk to Jalan Labuansait
 • Peaceful hillside setting – no traffic noise
 • Future gated community with 24/7 security gate & CCTV planned
 • Close to Bingin, Dreamland & Padang Padang beaches
 • Minutes from iconic hotspots: El Kabron, Savaya, Ulu Cliffhouse


📜 Ownership Options:
 • Leasehold: 39 Years Remaining
 • Leasehold Sale Price: USD 1,868,000
 • Yearly Rental Option: USD 132,000/year
 • Zoning: Residential
 • Status: Fully Licensed – Ready for Occupancy

✨ Why This Villa?
 🌅 Unmatched Views – Arguably the best in Bingin
 🧖‍♂️ Wellness Ready – Sauna, Ice Bath & Massage Room
 🌞 Sustainable & Secure – Solar-powered, filtered water, quiet community
 🎉 Entertainment-Focused – BBQ-ready, dual kitchens, smart layout
 💼 Strong ROI Potential – Unique design in a rapidly growing gated enclave",Property listing,1,1868000,0,,8 Degree
8D2587,8D2587 - Akashaya Casa (Tabanan),"🌿 Fully Furnished 3BR Modern Villa with Rooftop & Pool in Kedungu – SHM & Commercial License Ready
Spacious Layout | Stylish Interiors | Strategic Location Near Kedungu Beach

Discover this fully furnished 3-bedroom villa in Kedungu, designed for modern tropical living with complete residential and commercial permits already in place – including SHM (Freehold), PBG, and SLF. Ideal for private use or commercial rental under Pondok Wisata zoning (ITR Kuning).

📍 Location: Kedungu, Tabanan – West Bali
🏖️ 8 minutes to Kedungu Beach | 10 minutes to Tanah Lot

🏠 Property Features
• Land Size: 300 m²
• Building Size: 383.8 m²
• Bedrooms:
 ◦ 1 Master Bedroom – En-suite with bathtub & shower
 ◦ 2 Guest/Children Bedrooms – Each with private en-suite (shower)
 ◦ 1 Maid’s Room + 1 Maid’s Bathroom (shower & western toilet)
• Bathrooms:
 ◦ 3 Full Bathrooms + 1 Powder Room
• Living Rooms: 2 (Upstairs & Downstairs)
• Kitchens:
 ◦ 1 Clean Kitchen
 ◦ 1 Wet Kitchen
• Rooftop: With pantry, BBQ grill & lounging area
• Storage Room & Service Area with front-loading washer
• Pool: 10 x 3 meters with gazebo
• Electricity: 13,200 kVA (Postpaid)
• Water Supply: Grundfos jet pump system
• WiFi & Security: Biznet internet + 4-point CCTV system

🛋️ Furnishing & Appliances (Included):
• Master Bedroom:
 – 180x200 cm bed, built-in wardrobe, 2 bedside tables
 – Daikin 2 PK AC, Samsung 55"" Smart TV, safety box
• Guest/Children Bedrooms:
 – 180x200 cm beds, built-in wardrobes, Daikin 1.5 PK ACs
 – Samsung 55"" Smart TVs, safety boxes
• Downstairs Living Room:
 – Samsung 75"" Smart TV, JBL Soundbar, sofa set, coffee table
• Upstairs Living Room:
 – Samsung 65"" Smart TV, Samsung Soundbar, minibar & Sharp dispenser
• Dining Area:
 – Marble island table, full kitchen set, 6-seater dining table
• Appliances:
 – Samsung side-by-side 3-door fridge, Hafele microwave, 3-burner gas hob, oven & exhaust
 – Wet kitchen with Rinnai 2-burner stove
 – Sharp bottom-load dispenser
 – Samsung front-loading washing machine
 – Ariston water heaters, Panasonic bathroom exhausts

🌴 Nearby Attractions & Landmarks
8 mins to Pantai Kedungu
10 mins to Tanah Lot Temple
15 mins to Luna Beach Club
20 mins to Pantai Pererenan & Canggu
40 mins to Seminyak
60 mins to Ngurah Rai International Airport
5 mins to Kedungu International School (Kindergarten–6th grade)
5 mins to Jungle Padel Kedungu
10 mins to Pepito Buwit
15 mins to Kasih Ibu Tabanan Hospital

💰 Price:
IDR 15,000,000,000 (Open to negotiation)
• Ownership Title: SHM – Freehold
• Zoning: Yellow Zone (ITR Pondok Wisata – Tourism Accommodation)
• Licensing: PBG & SLF ready

📞 Contact us today to arrange a private tour of this exceptional villa in one of Bali’s most up-and-coming residential and tourism hubs.",Property listing,1,0,0,,8 Degree
8D2590,8D2590 - La Playa Villa Berawa,"Stylish 4BR Family Villa in Prime Berawa with Pool, Home Office & Billiard Room
Modern Single-Level Villa | 24-Year Leasehold
Located in the heart of Berawa, just minutes from the beach and Bali’s most iconic cafes, gyms, and international schools, this well-designed 4-bedroom villa offers comfort, privacy, and a strong investment profile. Set on a generous 900 m² plot with expansive indoor and outdoor living, the property is ideal for families, holidaymakers, or investors seeking high rental returns.
📍 Location: Berawa, Canggu – Bali
 🌿 Surroundings: Peaceful yet walkable to top cafes, CCS school, shops & beach clubs
🏠 Villa Features
• Land Size: 900 m²
 • Building Size: 350 m²
 • Bedrooms: 4 – All ensuite with bathtubs
 • Bathrooms: 4.5 including guest toilet
 • Living Areas: Openable enclosed living room with sliding glass doors
 • Kitchen & Dining: Fully equipped modern kitchen, open-plan dining
 • Entertainment & Work:
  – Home office for remote work or creative space
  – Billiard table for relaxation and entertaining
 • Pool: 20-meter private swimming pool with built-in slide
 • Garden: Lush tropical landscaping
 • Outdoor Lounges: Two poolside lounge areas for family gatherings and sunbathing
 • Furnishing: Fully furnished, ready for move-in
 • Connectivity: Fiber optic internet installed
 • Comfort & Extras:
  – Single-level layout ideal for families
  – Bright interiors with seamless indoor-outdoor flow
  – Laundry and storage rooms

🏡 Community & Location Benefits
• 6 minutes to Berawa Beach, Finns, and Atlas
 • Walking distance to Milk & Madu, 7Island, gyms, cafes
 • 2 minutes to CCS International School and nearby medical clinic
 • Quiet residential pocket – private and secure
 • Ideal for family living or holiday rentals with excellent access to amenities

📜 Ownership & Investment
• Leasehold: 24 Years
 • Price: IDR 20,000,000,000
 • Design: Modern
 • Year Built: 2021
 • Zoning: Residential
 • Licensing: IMB in process
 • Status: Ready Now

✨ Why This Villa?
• Prime Berawa location near beach, schools, and dining
 • Generous land size and efficient layout
 • Perfect for families or entertainers
 • Excellent ROI potential in Bali’s hottest rental market
 • Ready for occupancy – turnkey investment
📞 Contact us today to request the full brochure or schedule a private viewing of this exclusive Berawa property.",Property listing,1,0,0,,8 Degree
8D25103,8D2592 - Le Loft Villa (Berawa),"🏡 Modern 3BR Villas in Central Berawa – Walk to Beach, Cafés & Clubs
 A curated collection of contemporary villas located in the vibrant heart of Berawa, Canggu. Blending sleek design with tropical warmth, each unit offers premium comfort, stylish interiors, and a strong investment profile—just minutes from Berawa Beach, Finns Beach Club, and popular cafés.
📍 Location: Berawa, Canggu – South Bali
 Views: Tropical surroundings in a lively yet peaceful residential enclave
🏡 Villa Features:
 • Land Size: 220 m²
 • Building Size: 300 m²
 • Bedrooms: 3 (all ensuite)
 • Bathrooms: 3 + Guest Toilet
 • Living Areas: Enclosed, open-plan living and dining
 • Kitchen: Modern layout with quality fittings and island options
 • Additional Room: Laundry, storage, or home office (select units)
 • Furnishing: Semi to fully furnished with curated modern and industrial styles
 • Year Built: 2023
 • Parking: Private car or scooter space
 • Electricity: Up to 40,000W
 • Water Source: Drilled well
 • Internet: Fiber optic ready
🌿 Outdoor Amenities:
 • Swimming Pool: Private pools ranging up to 6x3 meters
 • Garden: Low-maintenance tropical landscaping
 • Terrace: Outdoor lounge and sunbathing space
 • Security Post: Available in select units

💰 Investment Potential:
 • Leasehold: 32 Years (until 2057)
 • Price Range: ~IDR 8.900.000.000 (USD 545,000)*
 • Zoning: Residential
 • IMB: Rumah Tinggal
 • Rental Ready: High appeal for expats, digital nomads, and holidaymakers
 • Income Potential: Strong ROI with proven rental demand in the area
🗓️ Ownership Details:
 • Title: Leasehold (Hak Sewa)
 • Status: Ready to move in or rent out
 • Flexibility: Excellent for short-term rentals, long-term tenants, or private use
✨ Why Choose These Berawa Villas?
 🌴 Walk to Everything – Beaches, cafés, co-working spaces & nightlife
 🖤 Stylish & Practical – Elegant interiors with functional layouts
 🏊 Private Outdoor Living – Poolside relaxation in your own tropical oasis
 📈 Secure Investment – Long lease with solid returns
 🧳 Turnkey Ready – Minimal setup, maximum lifestyle value
📞 Contact us today to schedule a private tour or receive the full villa brochure.",Property listing,1,545000,0,,8 Degree
8D2593,8D2593 - Casa Loma (Ungasan),"🏡 Modern 3BR Sea View Villa with Rooftop Bar in Ungasan – For Sale & Yearly Rental
This stunning multi-level villa in the serene hills of Ungasan offers ocean views, premium finishes, and a rooftop coffee bar with BBQ area. Just minutes from Bali’s most iconic beaches, it’s the perfect blend of modern luxury and island living—ideal as a personal residence or high-yield rental investment.

📍 Location: Ungasan, South Bali
Views: Partial sea views from the rooftop
Nearby: 5 minutes to Karma Kandara & Melasti Beach, 10 minutes to GWK & Ampera Market

🏡 Villa Features:
• Land Size: 250 m²
• Building Size: ±400 m² over 3 levels + rooftop
• Bedrooms: 3 (all en suite, 2 with bathtubs)
• Bathrooms: 3 + Powder Room
• Living Areas: Spacious indoor lounge
• Kitchen: Fully equipped with Modena appliances
• Rooftop: Sea view with coffee bar, BBQ area & lounge seating
• Outdoor Space: Garden and private pool
• Storage Room and Laundry Area
• Garage: Fits 1 car
• Water Source: PDAM + ground tank & 2 upper water reservoirs
• Electricity: 5,500 watts

🎛️ Furnishings & Electronics:
• Fully furnished with quality teak wood furniture
• Kitchen set and doors: UPVC & TACO finishes
• 5 Daikin Air Conditioners
• 2 Samsung LED TVs
• Refrigerator & 2 dispensers
• Water heater
• Electrolux washing machine
• Coffee machine
• Premium sanitary ware: TOTO & Paloma

💰 Ownership & Pricing:
• Title: Freehold (SHM)
• For Sale: IDR 8,000,000,000
• Yearly Rental: IDR 750,000,000 (negotiable)
• Status: Ready to move in or rent out

✨ Why Choose This Villa?
🌴 Strategic Ungasan Location – Minutes from Bali’s best beaches and attractions
🖤 Elegant Design – Multi-level layout with rooftop sea views
🏡 Fully Furnished – Premium appliances and curated interiors
🔥 Great for Entertaining – Rooftop coffee bar and BBQ zone
📈 Flexible Usage – Ideal for private living or rental income

📞 Contact us today to schedule a private tour or receive the full property brochure.",Property listing,1,0,0,,8 Degree
8D2596,8D2596 - Organic Villa (Berawa),"Stylish 3-Bedroom Villa in Prime Berawa – Ongoing Project Near Beach & Cafés
Located in the heart of Berawa, this modern 3-bedroom villa offers a peaceful residential setting just minutes from vibrant beach clubs, trendy cafés, gyms, and international schools. Ideal for families, couples, or investors, it strikes the perfect balance between lifestyle and convenience in one of Bali’s most in-demand areas.

📍 Location: Berawa, Canggu
Nearby: 5 mins to Berawa Beach, Finns, Milk & Madu, Tamora Gallery, and international schools

🏡 Villa Features:
• Land Size: 250 m² (2.5 are)
• Building Size: 240 m²
• Bedrooms: 3 spacious rooms with en suite bathrooms
• Living Area: Enclosed
• Dining Area: Flexible open or enclosed setup
• Kitchen: Modern design with seamless flow
• Swimming Pool: Private outdoor pool
• Toilet: Guest powder room
• Storage: Available
• Parking: Onsite

🛠️ Project Status:
• Construction: Ongoing
• Estimated Completion: December 2024
• Ownership: Leasehold – 29 years (until June 2052)
• Price: USD 550,000 (early bird price)

✨ Why This Villa?
🌴 Prime Berawa Location – Walk or scooter to beach, cafés, supermarkets & wellness centers
🏠 Flexible Modern Design – Adaptable indoor/outdoor dining & enclosed living space
📈 High Rental Potential – Long-term income opportunity in a high-demand area
🛏️ Spacious Layout – 3 en suite bedrooms perfect for family living or rental use
🧘‍♀️ Lifestyle-Ready – Ideal for expats, digital nomads, or second home seekers

📞 Contact us now to lock in the early bird price or receive the full investment pack.",Property listing,1,550000,0,,8 Degree
8D2597,8D2597 - Villa Capung (Tabanan),"🏡 Colonial-Inspired 4BR Estate in Tanah Lot – Timeless Elegance on Expansive Freehold Land
Step into a world of classic sophistication with this rare colonial-style villa, set on an expansive 2,200 m² freehold plot in the serene and culturally rich enclave of Tanah Lot. Merging old-world charm with modern luxury, this grand residence offers the perfect retreat for those seeking refined living amidst Bali’s natural beauty.

📍 Location: Tanah Lot – West Bali
Surroundings: Lush tropical landscapes, minutes to Tanah Lot Temple & beach

🏡 Villa Features:
• Land Size: 2,200 m²
• Building Size: 1,081 m²
• Bedrooms: 4 – Spacious and light-filled with garden/nature views
• Bathrooms: 4 en-suite bathrooms with elegant fittings
• Living Areas: Open-plan design with soaring ceilings and colonial detail
• Kitchen: Gourmet-style with premium appliances and island counter
• Interior Style: Classic colonial charm with hardwood beams and custom furnishings
• Furniture: Fully furnished with antique-inspired and bespoke pieces
• Private Pool: Surrounded by a manicured tropical garden
• Outdoor Living: Large terrace and garden areas ideal for entertaining

💰 Investment Highlights:
• Ownership Title: Freehold (Hak Milik)
• Price: USD 1,799,000 (~IDR 28,000,000,000)
• Zoning: Residential
• IMB: Available
• Ideal Use: Luxury residence or prestige rental villa
• Rental Appeal: High-end market in one of Bali’s most exclusive areas

✨ Why Choose This Villa?
🏛️ Elegant Colonial Architecture – Timeless interiors with grand proportions
🌿 Massive Freehold Land – Rare opportunity in Tanah Lot
🌊 Minutes to Iconic Beach & Temple – Tranquility meets culture
🪴 Private Oasis – Lush gardens and outdoor living space
📈 Prestige Investment – Rare find with enduring value in Bali’s west coast

📞 Contact us today to arrange a private viewing or receive the full brochure for this exceptional Tanah Lot estate.",Property listing,1,1799000,0,,8 Degree
8D25100,8D25100 - Jungle Villa (Kaba-kaba),"🏡 LUXURY 4-BEDROOM RIVERSIDE VILLA IN TRANQUIL BUWIT, TABANAN 🌿

Experience upscale island living in this off-plan 4-bedroom villa, nestled in the peaceful and scenic village of Buwit. Just minutes from Bali’s top beaches, surf spots, and international schools, this contemporary tropical home offers exceptional privacy, style, and long-term investment potential — ideal for families or rental investors.

📍 Location: Buwit, Tabanan – North of Pererenan & Canggu
📍 5 mins to Seseh Beach | 10 mins to Pererenan | 15 mins to Canggu | 20 mins to Green School & Nuanu

🏠 Villa Features:
• Land Size: 1,000 m² (10 are)
• Building Size: 450 m² – Single Level
• Bedrooms: 4
• Bathrooms: 4 Ensuite + 1 Guest Toilet
• Fully Furnished with Contemporary Tropical Design
• Large Enclosed Living Room (130 m²) with Vaulted Ceiling
• Cinema/Media Room
• Private Office
• Enclosed Kitchen & Dining Area
• 17 x 4 m Lap Pool + Jacuzzi
• Expansive Terrace & Landscaped Garden
• Double Garage, Staff Room, Utilities Room & Storage
• River View & Jungle Backdrop
• Water Source: Drilled Well
• Electricity: 13,500 Watts
• Internet: Fiber Optic Ready

🌴 Lifestyle Convenience:
• 5 minutes to Seseh Beach
• 10 minutes to Pererenan's shops, cafés & surf
• 15 minutes to Batu Bolong & Canggu’s beach clubs
• 20 minutes to Green School Bali, Montessori School, and Nuanu
• Nearby: Pro Ed School, Pepito Supermarket, Luna Restaurant

📜 Ownership Details:
• Leasehold: 27 years (Until Dec 2052)
• Extension: Priority option for 25+25 years
• IMB: On request
• Off-plan Project – Completion Estimated July 2025
• Developer has 2 Units Available

💰 Price:
• USD 1,090,019 (IDR 17.800.000.000)
• All prices in IDR – USD for reference only

✨ Why This Villa Stands Out:
🌿 Massive Land Size with Jungle & River Views
🎬 Private Cinema + Office + Guest Amenities
🛠️ Premium Off-Plan Build with Modern Finishes
🔐 Secure Long-Term Lease with Extension Option
📈 High ROI Potential in Peaceful Growth Area

📞 Contact 8 Degree Real Estate today to learn more or schedule a viewing of this exclusive Buwit villa.",Property listing,1,1090019,0,,8 Degree
8D25104,8D25104 - Casa Rocoso Bingin,"🏡 LUXURY OCEAN-VIEW 5-BEDROOM VILLA IN DREAMLAND, BALI 🌊
Perched above the world-famous Dreamland coastline, this exceptional 5-bedroom villa offers the perfect balance of modern European sophistication and relaxed tropical living. Designed to maximize its dramatic ocean-facing position, the property captures panoramic views of the sparkling Indian Ocean from multiple levels, while maintaining complete privacy within a secure gated estate. Just a short stroll from Dreamland Beach and only minutes from Bingin’s vibrant cafés, restaurants, and boutique shops, this residence combines the best of Bali’s laid-back lifestyle with contemporary luxury. With its expansive layout, elegant interiors, and premium facilities including an infinity pool, cinema room, and custom furnishings, this villa represents a rare opportunity to own one of Uluwatu’s most desirable homes—ideal for both personal living or as a high-value investment in Bali’s most exclusive coastal enclave.

📍 Location: Dreamland / Bingin, Uluwatu – Bali
Views: Panoramic ocean views over Dreamland Beach
Proximity: 300m to Dreamland Beach | 3 mins to Bingin center | Walking distance to cafés & restaurants

🏠 Villa Details:
• Land Size: 470 m² (4.7 are)
• Building Size: 560 m² (3-storey villa)
• Bedrooms: 5 luxurious en-suites + guest bathroom
• Bathrooms: 5.5 total
• Infinity Pool: 21 m² with ocean views
• Cinema Room & Entertainment Area
• Fully furnished with custom-designed pieces
• Modern European-style kitchen + marble finishes
• Advanced osmosis water filtration system
• Large laundry & storage facilities
• Double underground car park (2 cars + motorbikes)
• Courtyard garden with tropical landscaping

🌟 Villa & Lifestyle Features:
• Modern European design with premium materials (marble, noble wood)
• Open-plan living & dining with ocean-view pool deck
• Home cinema & built-in sound system
• Private infinity pool overlooking the ocean
• Gated secure estate with tranquility & privacy
• Next to vibrant cafés, boutique shops & beaches

📜 Ownership Details:
• Title: Leasehold – 31 Years
• Year Built: 2025
• Status: Ready to move in
• Furnishing: Fully furnished & turnkey

💰 Price:
• IDR 29,450,000,000 (approx. USD 1,800,000)
Transactions in IDR only. Foreign currency shown for reference.

✨ Why Choose This Property?
🌊 Prime Ocean Views – Uninterrupted panoramas of Dreamland Beach
🏡 Spacious Luxury – 5 en-suite bedrooms + premium entertainment spaces
📈 Investment Value – Exclusive location with strong capital growth potential
🔒 Privacy & Security – Exclusive gated estate with private access
🌴 Lifestyle Comfort – Seamless indoor-outdoor living in one of Bali’s most sought-after areas

📞 Contact us today to schedule a private viewing of this extraordinary ocean-view villa in Dreamland, Uluwatu.",Property listing,1,1800000,0,,8 Degree
8D25105,8D25105 - Forest Bloom Villa,"🏡 MODERN 2-BEDROOM VILLAS IN BABAKAN, CANGGU 🌴
Experience contemporary tropical living with these brand-new 2-bedroom villas, perfectly positioned in the peaceful yet strategic Babakan area of North Canggu. Just minutes from Pererenan Beach, Berawa, and Canggu’s vibrant cafés, gyms, and dining spots, each villa combines elegant design, functional layouts, and high-quality finishes to deliver a move-in-ready home or high-return investment.

📍 Location: Babakan, Canggu – Bali
Views: Pool & tropical garden outlook
Proximity: 12 min to Pepito Market, 18 min to Pererenan Beach, 20 min to Berawa & Finns Beach Club

🏠 Villa Features:
• Land Size: ±314 m²
• Building Size: ±280 m² (Single Level)
• 2 Spacious Bedrooms with Ensuite Bathrooms
• 2.5 Bathrooms Total (incl. Guest Toilet)
• Fully Furnished – Turnkey Ready
• Enclosed Living & Dining Area with High Ceilings
• Modern Kitchen with Quality Appliances
• Private Swimming Pool (±38.5 m²) with Lounge Deck
• Lush Tropical Garden
• Private Parking Space

🌟 Lifestyle Benefits:
• Quiet residential pocket close to Canggu’s hotspots
• Short drive to beaches, cafés, wellness centers & beach clubs
• Fully gated for privacy and security
• Ready for immediate occupancy – no construction wait
• Perfect for family living or lucrative rental investment

📜 Ownership Details:
• Leasehold: 23–24 Years (with extension option)
• Land Title: Hak Sewa
• IMB/PBG: In Process
• Year Built: 2025 – Ready Built

💰 Price:
• IDR 6,500,000,000 (~USD 385,000)
• All transactions in IDR; USD for reference only

✨ Why Choose This Property?
🏖️ Strategic Location – Close to beaches & lifestyle hubs
🏡 Spacious & Stylish – Modern tropical design with high ceilings
📈 Strong ROI Potential – Prime area for rentals and growth
🚗 Move-In Ready – Fully furnished & completed build

📞 Contact us today to arrange a viewing of these ready-built modern villas in the heart of Canggu.",Property listing,1,385000,0,,8 Degree
8D25107,8D25107 - White Villa Bali,"🏡 ELEGANT 4-BEDROOM OCEAN-VIEW VILLA IN UNGASAN, BALI 🌊
Perched within a serene and secure villa complex in Ungasan, this luxurious 4-bedroom residence blends modern architecture with tropical elegance. Built in 2018 and meticulously maintained, the villa spans 716 m² of refined living space on a generous 570 m² freehold plot, offering the perfect retreat for both family living and high-value investment. With clean lines, open-plan interiors, and expansive floor-to-ceiling glass, the property seamlessly integrates Bali’s natural light, creating a seamless connection between indoor comfort and outdoor beauty.
Designed for relaxation and entertainment, the villa boasts a private swimming pool, a rooftop lounge with panoramic ocean and greenery views, and a dedicated cinema room. Whether hosting gatherings at sunset, enjoying movie nights, or unwinding in the lush garden surroundings, this villa delivers an unmatched lifestyle experience in one of South Bali’s most desirable areas.
📍 Location: Ungasan – South Bali
 Views: Ocean, garden & lush greenery
 Proximity: 7 mins to Garuda Wisnu Kencana | 13 mins to Jimbaran Beach | Close to shops, cafés & restaurants
🏠 Villa Details:
 • Land Size: 570 m² (5.7 are)
 • Building Size: 716 m² (3-storey villa)
 • Bedrooms: 4 spacious en-suites + guest toilet
 • Bathrooms: 4.5 total
 • Private swimming pool & landscaped garden
 • Rooftop terrace with lounge & ocean views
 • Dedicated cinema / home theater room
 • Enclosed living, dining & modern kitchen
 • Extra storage & laundry facilities
 • Garage parking (car & motorbikes)
 • Water source: PAM + deep well
🌟 Villa & Lifestyle Features:
 • Modern architectural design (built 2018)
 • Fully furnished with elegant interiors
 • Seamless indoor–outdoor living flow
 • Rooftop entertainment with sunset views
 • Enclosed living & dining for year-round comfort
 • Located in a secure villa complex with privacy & tranquility
📜 Ownership Details:
 • Title: Freehold (SHM) / HGB available for foreign buyers via PT PMA
 • Year Built: 2018
 • Status: Ready to move in – full documentation complete
 • Furnishing: Fully furnished
💰 Price:
 • IDR 15,400,000,000 (approx. USD 975,000)
 (Transactions in IDR only – foreign currency for reference. Commission already included.)
✨ Why Choose This Property?
 🌊 Ocean & Sunset Views – Rooftop terrace with panoramic scenery
 🏡 Spacious Luxury – 716 m² of modern living across 3 levels
 📈 Investment Potential – Rare freehold property in high-demand Ungasan
 🎬 Premium Facilities – Cinema room, rooftop lounge, pool & garden
 🔒 Secure Complex – Privacy, security & long-term value
📞 Contact us today to arrange a private viewing of this exceptional villa in Ungasan, Bali.",Property listing,1,975000,0,,8 Degree
8D25108,8D25108 - Legko Villa Uluwatu,"🏡 ULTRALUXE 4-BEDROOM OCEAN-VIEW VILLA IN ULUWATU 🌊
Situated in Bali’s most exclusive coastal enclave, this brand-new villa blends modern architectural elegance with tropical sophistication. Designed to maximize its elevated position, the property captures sweeping views of the Indian Ocean while offering ultimate privacy and comfort. Just minutes from world-famous Padang Padang and Bingin beaches, and surrounded by trendy cafés, international dining, and lifestyle venues, this residence is perfectly positioned as both a luxurious family home and a premium investment with strong rental appeal.
📍 Location: Uluwatu – Bali
 🌅 Views: Panoramic ocean, garden & pool
 🚗 Proximity: 10 mins to Padang Padang | 12 mins to Bingin Beach | 15 mins to Uluwatu Temple | 20 mins to New Kuta Golf

🏠 Villa Details:
Land Size: 1,000 m² (Freehold / Hak Milik)
Building Size: 575 m² across 2 levels
Bedrooms: 4 spacious en-suites + guest bathroom
Bathrooms: 5 total (4 ensuite + guest toilet)
Swimming Pool: 17m × 5m with tropical garden setting
Living Spaces: Enclosed dining & kitchen + flexible opened/enclosed living room
Balconies & Terraces: Ocean-view master suite with private balcony
Parking: Private garage + additional carport
Storage & Utility: Large storage, laundry, and staff facilities
🌟 Villa & Lifestyle Features:
Brand-new build (2023) with modern contemporary design
Fully furnished with elegant interiors & high-end finishes
Expansive outdoor entertainment areas with landscaped garden
Fiber optic internet, 11,000W electricity, PAM water supply
Air conditioning throughout + smart layout for tropical comfort
Strong occupancy potential with proven rental demand in Uluwatu


📜 Ownership Details:
Title: Freehold (Hak Milik)
Year Built: 2023
Furnishing: Fully furnished & turnkey
Category: Family residence or high-return investment

💰 Price:
USD 1,800,000 (approx. IDR 29,450,000,000)
All transactions in IDR. Foreign currency is for reference only.
✨ Why Choose This Villa?
🌊 Prime Ocean Views – Wake up to Bali’s most iconic coastline
 🏡 Modern Luxury Living – Spacious layouts with premium design
 📈 Investment Potential – High occupancy rates & rental returns
 🌴 Lifestyle Comfort – Close to beaches, cafés, golf & entertainment
 🔒 Freehold Security – Rare opportunity in Uluwatu’s prime location
📞 Contact us today to arrange a private viewing of this exclusive ocean-view villa in Uluwatu.",Property listing,1,1800000,0,,8 Degree
8D25113,8D25113 - B2 Modern Villa,"🏡 BRAND NEW MODERN 2-BEDROOM VILLA IN UNGASAN NEAR MELASTI BEACH ✨

Nestled in the serene hillside of Ungasan, this contemporary tropical villa blends modern design with functional indoor-outdoor living. Just minutes from the iconic Melasti Beach and top lifestyle destinations such as Savaya and El Kabron, the villa offers the perfect balance between a tranquil home and a smart investment. With thoughtful architecture, quality finishes, and full furnishings, it’s ready to move in or operate as a profitable rental property in Bali’s booming southern peninsula.

📍 Location: Ungasan – Bali
• 6 mins to Melasti Beach | 8 mins to Savaya | 12 mins to Bingin
• Surrounded by cafés, restaurants & beach clubs
• Peaceful residential neighborhood with great access roads

🏠 Villa Details:
• Land Size: 180 m²
• Building Size: 232 m²
• Bedrooms: 2 en-suite (King size, balcony access)
• Bathrooms: 2.5 (including guest toilet)
• Year of Build: 2025
• Floors: 2
• Style: Modern Tropical with clean architectural lines
• Living & Dining: Enclosed, open-plan with custom furniture
• Kitchen: Fully equipped with island bar
• Extra Room: Storage room
• Swimming Pool: Private with sunbeds & umbrella
• Outdoor: Sunken lounge + balcony with leafy views
• Parking: Car & motorbike
• Access Road: 4 m wide

🛋 Furnishing & Utilities:
• Fully furnished with custom decor & sofa set
• Air-conditioning in all bedrooms & living area
• Electricity: 5,500 VA
• Water Source: PDAM

🌟 Lifestyle Features:
• Modern tropical indoor-outdoor concept
• Private pool with resort-style sunken lounge
• Bright interiors with natural stone finishes
• Large balcony with open garden/pool views
• Move-in ready with full furnishing

📜 Ownership Details:
• Title: Leasehold (28 years)
• Extension: Available (up to 30 years)
• Status: Brand new villa (2025 completion)

💰 Price:
• USD 234,000 (≈ IDR 3.650.000.000)
(All transactions in IDR. USD for reference only)

✨ Why Choose This Villa?
🏝 Prime Ungasan Location – Minutes to Melasti Beach & lifestyle hotspots
🏡 Brand New Build – Ready for immediate occupancy
📈 Investment Value – High ROI rental demand in South Bali
💎 Rare Features – Sunken lounge, balcony views, and modern layout

📞 Contact us today to secure your modern 2-bedroom villa in Ungasan’s most desirable area.",Property listing,1,234000,0,,8 Degree
8D25115,8D25101 - JJ Villa (Nusa Dua),"🌟 MODERN 4-BEDROOM VILLA WITH OCEAN VIEW ROOFTOP IN BALI 🏝️
FOR SALE or RENT | OCEAN VIEW | FREEHOLD or LEASEHOLD

Experience luxury island living in this newly built 4-bedroom villa located in a peaceful residential pocket of Bali. Spread across 3 floors, the villa combines functionality, style, and comfort—ideal for families, digital nomads, or investment.

📍 Location: Residential Area, Bali
📍 Rooftop Ocean View | Tranquil Setting | Easy Access to Local Amenities

🏠 Villa Features:
• Land Size: 450 m²
• Building Size: 415 m² (plus rooftop)
• 4 Spacious Bedrooms (All Ensuite with Bathtubs, Showers, Water Heaters, Walk-in Closets, and Mirror Cabinets)
• 5 Bathrooms Total (4 Ensuite + 1 Guest Bathroom)
• Living Room, Family Room & Dining Area
• 1 Dry Kitchen + 1 Wet/Dirty Kitchen
• Rooftop with Ocean View, Sofa, Small Garden & Guest Toilet
• Pool Size: 8 x 4 m (Sun Beds & Gazebo Included)
• Garden Space (Front & Poolside)
• Laundry Room + Storage/Warehouse
• Garage & Carport (Fits 2 Cars)
• 65-inch Smart TV
• Air Conditioning in Every Room
• Borehole Water Source
• SHM – Freehold Certificate Available
• Full Furnishing Included

💡 Facilities & Services Included:
• Villa & Garden Cleaning (2x/Week)
• Pool Cleaning (1x/Week)
• Free 1 Gallon of Drinking Water (Initial)
• Free 5kg Gas Cylinder (Initial)
• 200 Mbps Wi-Fi Connection

🔌 Exclusions:
• Electricity
• PDAM Water
• Laundry Services

📜 Ownership Options:
• Freehold: IDR 8.5 Billion
• Leasehold:
 ▫️ 20 Years – IDR 6.7 Billion
 ▫️ 25 Years – IDR 7.2 Billion
 ▫️ 30 Years – IDR 8 Billion

🛏️ Rental Options:
• Monthly – IDR 70 Million
• Yearly – IDR 700 Million

✨ Why This Villa?
🏝️ Ocean View Rooftop Living
🚗 Garage & Carport for 2 Cars
📶 Fully Equipped for Long-Term Living or Holiday Rental
💰 Flexible Ownership + Strong ROI Potential
📦 Move-in Ready with Full Furnishings and Services

📞 Contact 8 Degree Real Estate for viewings or further details.",Property listing,1,0,0,,8 Degree
8D25117,8D25117 - Sabila Villa,"🏙️ INDUSTRIAL-LUXE 2-BEDROOM VILLA IN BINGIN – 29-YEAR LEASEHOLD 🌴

Experience bold, modern living in this stunning industrial-luxe villa, located in Bingin, one of Bali’s most coveted lifestyle and surf destinations. Designed by Utara Design Studio, a renowned Bali-based firm with projects across the island and overseas, this villa merges edgy industrial interiors with touches of luxury for a sophisticated yet stylish retreat.

Just minutes from world-famous surf breaks—Bingin Beach, Padang Padang, Dreamland, and Bluepoint Beach—and surrounded by trendy hotspots such as Gooseberry and Cashew Tree, this villa offers the perfect balance of tranquility and vibrant island living.

📍 Location: Bingin, Pecatu – Bali
• Surrounded by Bali’s best surf beaches
• Walking distance to cafés, restaurants & boutique shops
• Quiet rural neighborhood yet central to Bukit hotspots
• 40 mins to Bali International Airport

🏠 Villa Details:
• Land Size: 230 m²
• Building Size: 266 m²
• Bedrooms: 2 en-suite
• Bathrooms: 2
• Style: Industrial Luxe with luxury finishes
• Levels: 2-storey villa
• Living & Dining: Spacious open-plan design with industrial-chic elements
• Kitchen: Modern kitchen with premium appliances
• Swimming Pool: Private pool with deck area
• Designer: Utara Design Studio (est. 2000, Bali & overseas projects)

🛋 Furnishing & Utilities:
• Fully furnished with curated interior pieces
• Industrial-chic details: exposed brick, raw wood, and metal finishes
• Electricity: Standard residential capacity
• Water Source: Deep well

🌟 Lifestyle Features:
• Designed by renowned Utara Studio – a trusted Bali design firm
• Unique Industrial-Luxe Concept – edgy yet refined aesthetics
• Close to Bingin Beach and iconic Bukit surf breaks
• Surrounded by upscale cafés, restaurants & boutique shops
• Ideal for stylish private living or high-demand rental investment

📜 Ownership Details:
• Title: Leasehold
• Duration: 29 years
• Status: New build, ready for handover

💰 Price:
• USD 500,000
• Approx. IDR 7,750,000,000

✨ Why Choose This Villa?
🏙️ Unique Industrial-Luxe Design – A rare concept in Bali’s villa market
🌊 Prime Bingin Location – Minutes to iconic surf beaches & hotspots
📈 Strong Rental Appeal – High demand for luxury stays in Bingin
🎨 Designed by Utara Studio – Expert architecture & interiors since 2000

📞 Contact us today to schedule a private viewing and secure this one-of-a-kind villa in Bingin.",Property listing,1,500000,0,,8 Degree
8D25118,8D25118 - Euforia Villa Bingin,"🌿 CONTEMPORARY 2-BEDROOM VILLA WITH SAUNA & ROOFTOP TERRACE – BINGIN, BALI 🏡

Discover a stylish modern retreat in Bingin, one of Bali’s most sought-after lifestyle destinations. This brand-new 3-level villa blends sleek contemporary design with wellness features such as a private sauna, gym, and rooftop terrace. Ideal as both a private residence or a high-performing rental investment, it’s perfectly positioned in the heart of Uluwatu’s vibrant Bingin area—just minutes from world-famous beaches, boutique cafés, and surf culture.

📍 Location Highlights

Prime Bingin residential area (Uluwatu)

Surrounded by restaurants, cafés & shops

Jungle views with peaceful surroundings

Minutes to Bingin, Dreamland & Padang Padang beaches

40 minutes to Ngurah Rai International Airport

🏠 Villa Details

Land Size: 100 m²

Building Size: 250 m²

Floors: 3 levels

Year of Build: 2024 (brand new)

View: Jungle

Style: Modern contemporary

🛋 Indoor Features

2 Bedrooms with ensuite bathrooms

Enclosed living & dining rooms

Enclosed modern kitchen

Sauna & gym room

Storage space

🌴 Outdoor Features

Swimming Pool (2.5m x 5m)

Rooftop terrace with jungle views

Balcony & outdoor shower

Open parking

⚡ Facilities & Utilities

Fully furnished, turnkey ready

Electricity: 11,000 watts

3 Air Conditioners

Water: PAM connection

Internet: Fiber optic access

📜 Ownership Details

Leasehold: 34 years

Extension: Flexible option (directly with owner)

💰 Price

IDR 5,772,000,000
(All transactions in IDR; other currencies for reference only)

✨ Why This Villa?

🏡 Wellness-Oriented Design: Private sauna & gym for ultimate comfort

🌿 Contemporary Living: Brand-new construction with premium finishes

📈 Investment Ready: Ideal for Airbnb or long-term rental demand

🌊 Prime Bingin Location: Rising hotspot for both expats & tourists

🔑 Turnkey Villa: Fully furnished & ready for immediate use

📞 Contact us today to schedule a viewing and secure this modern sanctuary in Bingin.",Property listing,1,0,0,,8 Degree
8D25120,8D25120 - Josh Ocean Villa,"🌊 BRAND NEW 4-BEDROOM LUXURY VILLA WITH OCEAN & RICEFIELD VIEW – CEMAGI BEACH, BALI 🌴

Experience the ultimate coastal lifestyle with this brand-new luxury villa, just 150 meters walking distance to Cemagi Beach. Combining modern architecture with breathtaking ocean and rice field views, this fully furnished villa offers the perfect blend of serene Bali living and prime investment value. Designed with comfort and style in mind, it is ideal as a private residence, holiday retreat, or profitable rental property.

📍 Location Highlights

Prime villa neighborhood in Cemagi, Badung

Only 150 meters to the beach (walking distance)

Peaceful area surrounded by rice fields & ocean views

Easy road access (5 meters wide)

15 minutes to Canggu & trendy lifestyle spots

🏠 Villa Details

Land Size: 204 m² (2.04 Are)

Building Size: ± 203–240 m²

Floors: 2 levels + rooftop

Bedrooms: 4 (all with ensuite bathrooms)

Living & Dining Room, Modern Kitchen

Fully Furnished (except electronics)

🌴 Outdoor Features

Private swimming pool

Rooftop with ocean view

Garden space

Carport

⚡ Facilities & Legal

Freehold certificate (SHM) + Building Permit (PBG)

Road access: 5 meters wide

Modern design with premium finishes

📜 Ownership Options

Freehold: IDR 8.500.000.000 (nett)

Leasehold: IDR 6.500.000.000 (25 years)

✨ Why This Villa?

🌊 Just 150m to Cemagi Beach

🌴 Ocean & rice field views from multiple levels

🏡 Spacious 4-bedroom layout with rooftop & pool

💎 Brand-new construction with luxury finishes

📈 Excellent investment for both lifestyle & rental returns

📞 Contact us today to arrange a private viewing and secure this stunning villa in Cemagi.",Property listing,1,0,0,,8 Degree
8D25124,8D25124 - The Carter Berawa,"🌴 MODERN MEDITERRANEAN 2-BEDROOM TOWNHOUSE – BERAWA, CANGGU 🌊

Discover the charm of Mediterranean-inspired architecture with this luxury townhouse just 800 meters from Berawa Beach. Designed by one of Bali’s top architecture firms, this villa offers stylish arched windows, Palimanan white stone walls, and premium finishes. Perfect as a lifestyle home or an investment with strong rental yields in the heart of Berawa.

📍 Location Highlights
Only 800m walking distance to Berawa Beach
Surrounded by cafes, restaurants, and gyms
Close to international school & lifestyle spots
Premier neighborhood in Berawa

🏠 Villa Details

Land: 100 sqm 
Building: 158 sqm 
Bedrooms: 2 (ensuite)
Bathrooms: 2
Living: Open-plan (living, dining, kitchen)
Private carport per villa
Leasehold: Until 2054
Units: 4 available (80% completed – handover in 3 months)

🌴 Outdoor Features
Private swimming pool
Stylish arched connecting doors to pool & lounge
Mediterranean courtyard feel

⚡ Facilities & Legal
Tourism accommodation zoning (rental allowed)
Designed by Top Bali Design Firm
High-quality Mediterranean finishes
VAT included in the price

📜 Ownership Options
Leasehold: Until 2054
Price: IDR 4,590,000,000 (VAT included)

✨ Why This Villa?
🌊 Only 800m from Berawa Beach
🏛️ Designed by leading architects with Mediterranean flair
💸 Double-digit ROI potential with tourism zoning
🏡 Luxury townhouse concept with stylish finishes
🔑 Nearly completed, ready within 3 months",Property listing,1,0,0,,8 Degree
8D25125,8D25125 - Villa Kaneda (Veteran),"🌴 MODERN 3-BEDROOM DESIGNER VILLA IN BUDUK, CANGGU – LEASEHOLD 28 YEARS 🌊

Experience tropical luxury with this beautifully designed 3-bedroom villa in the serene and sought-after area of Buduk, Canggu. Completed in 2024, this property perfectly blends modern design, premium finishes, and functional living spaces. Offering both comfort and strong investment potential, it’s ideal as a private residence, holiday home, or profitable rental property.

📍 Location Highlights
Peaceful residential area in Buduk, Canggu
Surrounded by rice fields and tropical greenery
15 minutes to Canggu’s vibrant lifestyle spots
Easy access to Echo Beach, Batu Bolong & Finns Beach Club
Close to wellness, yoga centers & trendy cafés (Crate Cafe, Samadi Bali)

🏠 Villa Details
Land Size: 480 m²
Building Size: 250 m²
Year Built: 2024
Bedrooms: 3 spacious bedrooms (all ensuite)
Bathrooms: 3 + guest toilet
Style: Modern designer villa
Floor Level: Single-storey layout
View: Pool & tropical garden

🌴 Outdoor Features
Infinity swimming pool (± 11 x 4 m)
Lush tropical garden & terrace
Exterior lounge furniture included
Private parking (1 car)

✨ Interior & Facilities
Lounge with giant sofa, 75” TV, sound system & turntable corner
Fully furnished living & dining area
Modern kitchen (fridge, oven, microwave, wine cellar, coffee machine, dispenser, recycling bin)
Bar & entertainment area
Laundry room with washer & dryer
Technique room with electric regulator & water filtration (drinkable water)
Electricity: 16,500 watts
Internet: Fiber optic access
Fully furnished with premium quality

📜 Ownership Details
Leasehold: 28 years remaining
Asking Price: IDR 4,500,000,000
≈ USD 270,000
Commercial license available (ready for rental business)

💎 Why This Villa?
 ✅ Brand-new designer villa (2024 build)
 ✅ Spacious land (480+ m²) with tropical garden & infinity pool
 ✅ Premium finishes & fully furnished interiors
 ✅ Located in peaceful Buduk, minutes to Canggu hotspots
 ✅ Excellent option for lifestyle living or investment returns

📞 Contact us today to arrange a private viewing and secure this modern 3-bedroom villa in Buduk, Canggu.",Property listing,1,270000,0,,8 Degree
8D25126,8D25126 - Nova Villa (OXO),"🌟 HIGH-QUALITY 2-BEDROOM DESIGNER VILLA – UPCOMING LEASEHOLD IN PADONAN, CANGGU 🌴

Discover refined living in this brand-new, high-quality villa located in the sought-after Padonan area of Canggu. Designed with premium finishes and modern aesthetics, this upcoming property offers a lifestyle of comfort, style, and convenience. With a spacious layout and thoughtful details, it’s perfect as a private residence or an investment in Bali’s ever-growing rental market.

📍 Location Highlights
Prime villa neighborhood in Padonan, Canggu
10 minutes to Berawa & Batu Bolong beaches
5 minutes to supermarkets, cafes & shops
50 minutes to Ngurah Rai International Airport
Peaceful residential setting with easy access to Canggu hotspots

🏠 Villa Details
Land Size: 330 m² (3.3 Are)
Building Size: 197 m²
Bedrooms: 2 (all ensuite)
Bathrooms: 2 + guest toilet
Year of Build: 2024 (brand new)
Style: Modern luxury with designer finishes
Fully Furnished with high-quality interiors

🌴 Outdoor Features
Private swimming pool
Garden & terrace lounge
Shared car parking available
Secure residential environment

⚡ Features & Facilities
High-end fully equipped kitchen
Flatscreen Smart TV
Built-in sound system
Air conditioning in all rooms
High-speed internet & cable TV
Water source: drilled well + filtration system
Electricity: modern capacity installation

📜 Ownership & Price
Leasehold: 29 years
Lease ending date: Feb 2054
Price: USD 456,000 (≈ IDR 7.1 Billion)

✨ Why This Villa?
🏡 Modern 2-bedroom designer home in Padonan
🌴 Premium construction with luxury materials
📈 Strong investment potential in a high-demand rental area
🚗 Convenient access to Canggu beaches, dining & lifestyle hubs
🔑 Turnkey property – ready to move in or rent out

📞 Contact us today to learn more about this upcoming villa in Padonan and secure your spot in Bali’s thriving real estate market.",Property listing,1,456000,0,,8 Degree
8D25127,8D25127 - Townhouse Berawa (OXO),"✨ OXO Townhouses Berawa – Designer Villas with Private Pools in the Heart of Canggu 🌴

Welcome to a new standard of living in Bali — where modern design, boutique comfort, and hotel-level service come together.
 Located in Berawa, Canggu’s downtown district, OXO Townhouses Berawa is an iconic design property that redefines what urban tropical living should feel like.
Whether you’re a couple, digital nomad, or small family, these private pool townhouses are tailored for those who value style, convenience, and experience-driven living. More than a villa. Better than a hotel. Exactly what you’re looking for.

📍 Prime Location – Walk or Ride Everywhere
2 min → Berawa Beach
3 min → Finns Beach Club & Recreation
4 min → Canggu Station
5 min → Supermarkets & shops
7 min → Atlas Beach Club & Vue Beach Club
Surrounded by trendy cafés, coworking spaces, gyms & restaurants

🏠 Townhouse Features
1 & 2 Bedroom units available
Private plunge pool & terrace
Open-plan living with full-height sliding doors
Home office lounge with convertible sofa-bed (2BR units)
Fully equipped modern kitchen + dining counter
Wall-to-ceiling wardrobes & abundant storage
Hotel-style bathrooms on each level
Flatscreen Smart TV, sound system & high-speed WiFi
Parking on-site (car & motorbike)

🌟 Lifestyle & Services
Personalized concierge & housekeeping
In-villa curated experiences: chef-at-home dining, sound healing, assisted stretching, home gym sets & more
Smart home system with Google Assistant & solar panels
Professionally managed for turnkey rental income

💰 Ownership Details
Leasehold until December 2048
Fully furnished & ready to move in
Perfect for lifestyle buyers & investors

💵 Price Options
1 Bedroom → USD 230,000
 (69 m² build | 58 m² land)
2 Bedroom → USD 330,000
 (Premium studio design with office lounge & larger living space)

📈 Investment Potential
Prime Berawa location = high demand from digital nomads & expats
Projected yields of 10–15% p.a. with professional management
Strong capital appreciation in Bali’s most desirable rental hub",Property listing,1,330000,0,,8 Degree
8D25128,8D25128 - Townhouse Umalas (OXO),"🏡 LUXURY TOWNHOUSES FOR SALE – UMALAS, CANGGU 🌴

Experience the perfect fusion of tropical living and urban sophistication with these brand-new townhouses in the sought-after residential area of Umalas. Favored by expats and long-term residents, Umalas offers a peaceful yet connected lifestyle, with easy access to Berawa, Seminyak, Batu Belig, and Bali’s top cafés, restaurants, and beach clubs.
Each 2-storey townhouse has been thoughtfully designed to combine comfort, style, and functionality — complete with a private plunge pool, premium finishes, and smart home features. Perfect for singles, couples, or small families seeking a refined Bali lifestyle or investors looking for strong rental returns.

📍 Location Highlights
Peaceful residential area of Umalas, Kerobokan
5 min → Berawa & Seminyak dining hotspots
10 min → Batu Belig & Petitenget Beach
15 min → Canggu & Seminyak nightlife hubs
Surrounded by international schools, gyms & cafés

🏡 Townhouse Details
Land Size: ± 110 m²
Building Size: ± 123 m²
Bedrooms: 2
Bathrooms: 2
2-storey layout with open-plan living
Fully furnished, modern tropical design

🌴 Features & Facilities
Private garden & plunge pool
Fully furnished with smart technology
Premium kitchen appliances
Parking for cars & motorbikes
Solar panels & energy-efficient systems
CCTV & security system
Built-in wardrobes & modern bathrooms

⚡ Ownership & Investment
Leasehold: 28 years (until 2053) + extension available
Rental Model: Mid-term & long-term rental potential
ROI Projection: ± 9% per annum

💰 Price
Rp 4,530,000,000 (≈ USD 280,000)
Units Available: 2 luxury townhouses (limited collection)

✨ Why This Property?
 🌿 First-of-its-kind urban tropical townhouse concept in Bali
 🏡 Ideal for singles, couples & small families
 📈 Excellent rental income potential in high-demand Umalas
 💎 Premium finishes, smart features & hassle-free investment

📞 Contact us today to secure your townhouse in Umalas before they sell out!",Property listing,1,280000,0,,8 Degree
8D25129,8D25129 - The Residence (OXO),"🌿 OXO The Residences – Nuanu, Bali

Modern Tropical Living | Family-Friendly | High-Yield Investment
OXO The Residences brings a new benchmark of sustainable luxury living to Bali’s fast-emerging Nuanu area, masterfully designed by renowned architect Alexis Dornier. Nestled in a vibrant and family-friendly community, this rare development blends eco-conscious features, smart home technology, and premium amenities—all backed by professional full-service management.
Whether you’re looking for a stylish family home or a high-performing investment property, OXO The Residences is designed to deliver long-term value, lifestyle, and returns.

🏡 Property Highlights
Customizable designer villas with smart home technology
Clubhouse with lounge, BBQ area, kids playground & gym
Sustainability built-in: solar power, EV charging, water filtration
Full-service rental & property management by OXO Living
Prime location near Nuanu Creative City (Tabanan)

📐 Specifications
Options: 3-Bedroom or 4-Bedroom Villas
Land Size: 300 – 643 m²
Build Size: 193 – 293 m²
Ownership: Freehold
Completion: Q3 2026

📊 Investment Performance
Projected Yield: 8.6%
Capital Appreciation: 7% annually
Rental Model: Flexible – Short or Long Term

💰 Pricing
3-Bedroom Villa: USD 634,140 | IDR 10.230.000.000
4-Bedroom Villa: USD 821,340 | IDR 13.275.000.000

✅ With its unbeatable location, sustainable concept, and professional management, OXO The Residences is one of Bali’s strongest freehold investment opportunities today.

📞 Contact us now to secure your unit before completion in 2026.",Property listing,1,821340,0,,8 Degree
8D25130,8D25130 - The Pavilion (OXO),"🌿 Wellness-Focused Freehold Villas – Nyanyi, Bali

Luxury | Sustainability | Purposeful Living

Introducing Bali’s first wellness-focused residential enclave, a visionary development near Nyanyi Beach where architecture, nature, and wellbeing merge into one seamless lifestyle. Designed by a renowned architect, each villa embodies biophilic design, crafted with locally sourced sustainable materials and integrated smart technology.

This exclusive project offers 24 unique freehold villas, each built to restore balance and elevate daily living, with a central wellness hub at its heart. Blending eco-conscious living with luxury finishes, it is both a lifestyle sanctuary and a high-performing long-term investment.

🏡 Property Highlights
24 unique designer villas (3, 4 & 5 Bedroom Options)
Central Wellness Hub: spa, sauna, hydrotherapy & gym
On-demand wellness services available to residents
Biophilic architecture & eco-conscious materials
Smart home systems + solar power + rainwater harvesting
EV charging stations
Professional property & rental management

📐 Specifications
Location: Nyanyi – Tabanan, Bali
Options: 3-Bedroom to 5-Bedroom Villa
Land Size: 366 m²
Build Size: 185 m²
Ownership: Freehold
Completion: Q3 2026

📊 Investment Performance
Projected Yield: 8.4%
Capital Appreciation: 7% annually
Rental Model: Flexible – Short Term & Long Term

💰 Pricing
3-Bedroom Villa: IDR 12.090.000.000 | USD 748,683
4-Bedroom Villa: IDR 15.120.000.000 | USD 935,883
5-Bedroom Villa: IDR 20.682.000.000 | USD 1,257,750

✅ A rare blend of wellbeing, luxury, and sustainability—these Nyanyi villas set a new benchmark for purposeful living in Bali, offering both personal lifestyle value and long-term investment growth.

📞 Contact us today to reserve your villa in this one-of-a-kind wellness community.",Property listing,1,1257750,0,,8 Degree
8D25131,8D25131 - The Bank Villa (OXO),"🌊 Luxury Riverside Freehold Estate – Pererenan, Bali

Exclusive Villas & Penthouses | Tranquil Gated Community

Discover The Bank by OXO, a private riverside estate in Pererenan, Bali, offering a rare opportunity to own freehold luxury residences in one of the island’s most desirable neighborhoods. Nestled by a serene riverbank and surrounded by lush greenery, this secure enclave combines contemporary architecture, wellness-inspired amenities, and long-term lifestyle value.

Just minutes from Pererenan Beach, cafés, and upscale dining, the estate blends peaceful living with vibrant surroundings—making it equally perfect for a permanent residence, a second home, or an investment property.

🏡 Property Highlights
Private riverside estate with 10 four-bedroom villas & 3 six-bedroom villas
Spacious layouts across 2 levels, blending indoor-outdoor living
Premium fully furnished interiors with natural light design
Shared riverside terrace & landscaped gardens
Private swimming pool for each villa
Secure, tranquil gated community with 24/7 protection

🛎️ Features & Facilities
Clubhouse with gym, sauna, swimming pool & lounge
Smart home technology & energy-efficient systems
Turn-key rental management & concierge services
Private road & riverside walking paths
Groundwater supply, 11,000W electricity per unit
Premium enclosed kitchen & storage spaces

📐 Specifications
Location: Pererenan – Bali
Developer: Nestate Spaces Indonesia
Management: OXO Living
Title: Freehold
Land Size: 242 – 885 m²
Build Size: 225 – 565 m²
Bedrooms: 4 & 6 options available
Bathrooms: 5+
Completion: Q4 2026

📊 Ownership & Investment
Ownership: Freehold
Rental Model: Mid-Term & Long-Term
Currency Disclaimer: All transactions are conducted in IDR. USD prices are for reference only and subject to exchange fluctuations.

💰 Pricing
2-Bedroom Penthouse USD 501,930
4-Bedroom Villa: USD 817,830
6-Bedroom Villa: USD 1,638,000

✅ With its riverside tranquility, luxury facilities, and strong freehold value, this Pererenan estate offers one of the most attractive opportunities for lifestyle and investment in Bali today.

📞 Contact us for availability and full brochure details.",Property listing,1,1638000,0,,8 Degree
8D25132,8D25132- T House (Pererenan),"🏡 MODERN TROPICAL 2-BEDROOM VILLA FOR SALE – PERERENAN, BALI 🌴

Step into tropical elegance with this beautifully designed off-plan villa, located in Tiying Tutul, just minutes from Pererenan — one of Bali’s most desirable and fast-growing lifestyle destinations. Pererenan has become a favorite among expats and investors, offering the perfect blend of lush rice fields, world-class surf spots, and trendy cafés, while still retaining the charm of a laid-back Balinese village. This upcoming development presents an exceptional opportunity to secure a freehold villa in a prime location that promises both lifestyle benefits and long-term value.
Designed with modern tropical architecture, the villa offers a spacious and functional layout, perfectly suited for private living or as a high-return rental property. Built on 175 m² of land with a 270 m² building size, the two-storey home features 2 spacious bedrooms with ensuite bathrooms, a large enclosed living and dining area, and a fully equipped kitchen. The interiors seamlessly connect with outdoor spaces, where a private swimming pool and lush garden create the perfect retreat for relaxation and entertaining. Every detail has been thoughtfully planned — from premium finishes to practical facilities — making this villa a standout investment in Bali’s thriving real estate market.

📍 Location Highlights
Peaceful residential pocket in Tiying Tutul / Pererenan
5 min → Pererenan Beach (surf, cafés & restaurants)
10 min → Canggu & Batu Bolong lifestyle hubs
15 min → Echo Beach & Berawa hotspots
45 min → Ngurah Rai International Airport
Nestled between serene rice fields and Canggu’s vibrant energy, this villa offers the best of both worlds — a tranquil home environment with quick access to Bali’s most popular lifestyle attractions.

🏡 Villa Details
Land Size: ± 175 m²
Building Size: ± 270 m²
Bedrooms: 2 (each with ensuite bathroom)
Bathrooms: 2 + Guest Toilet
Floors: 2-storey layout
Living & Dining: Enclosed, modern open-plan design
Kitchen: Fully equipped with premium appliances
Pool: Private 15 m² swimming pool with garden terrace
Furnishing: Fully furnished with high-quality finishes
Parking: Dedicated car & motorbike space

🌴 Features & Facilities
Balcony & terrace with pool views
Storage room & functional layout
Fiber optic internet connection
Drilled well water supply
Electricity backup & modern utilities
Optional professional property management

⚡ Ownership & Investment
Ownership: Freehold (rare in Pererenan)
Estimated Completion: August 2026
Rental Model: Flexible for both short-term & long-term rentals
ROI Projection: Attractive returns supported by high rental demand in Pererenan

💰 Price
 USD 436,000 (≈ IDR 7,200,000,000)

✨ Why This Property?
 🌿 Rare freehold villa minutes from Pererenan Beach
 🏡 Spacious 2-storey design with modern tropical charm
 📈 Excellent rental income potential in a high-demand area
 💎 High-quality finishes & optional management for hands-free investment
 🌊 Perfect balance of tranquil living & vibrant Canggu lifestyle

📞 Contact us today to secure your villa in Pererenan before the project is sold out!",Property listing,1,436000,0,,8 Degree
8D25136,8D25135 - Sol & Blues Villa (Umalas),"🏡 BEAUTIFUL 4-BEDROOM FAMILY VILLA WITH RICEFIELDS – UMALAS, CANGGU 🌴

Discover the perfect blend of family comfort, modern convenience, and Bali charm with this elegant 4-bedroom villa in Umalas. Located in a peaceful residential pocket yet just minutes from Berawa, Seminyak, and Canggu’s lively hotspots, this villa offers the best of both worlds: a tranquil home environment with easy access to schools, dining, shopping, and beaches.

Ideal for families and investors alike, the villa is available in both Freehold (SHM/HGB/Hak Pakai) and Leasehold (up to 60 years) options — a rare flexibility in this sought-after area.

📍 Location Highlights
Quiet and serene neighborhood of Umalas
5–10 min → Berawa, Batu Belig & Seminyak dining hotspots
10 min → Beaches & Canggu lifestyle scene
Surrounded by international schools, gyms, supermarkets & cafés
Peaceful residential setting with ricefield charm

🏡 Villa Details
Land Size: 269–350 m²
Building Size: 350–400 m²
Bedrooms: 4 (all ensuite) + guest toilet
Floors: 2-storey layout with rooftop lounge
Kitchen: Fully equipped with island & casual dining bench
Living Room: Enclosed with cozy wooden floors & pool view
Pool: Private swimming pool with sundeck & ricefield backdrop
Parking: For car & motorbikes
Rooftop: Lounge area with scenic views

🌴 Features & Facilities
Fully furnished, turnkey ready
Rooftop lounge & outdoor entertaining areas
Bathtub in master bathroom
Private swimming pool
Storage room & parking space
Electricity: 11,000 W
Water: Drilled well / Ground tank
Smart layout for families or rentals

⚡ Ownership & Investment
Freehold (SHM / HGB / Hak Pakai)
Leasehold: Up to 60 years (extension available)
Investment Appeal: Highly rentable family villa in prime Umalas
Perfect for: Permanent residence, family living, or high-yield rental

💰 Price Options
Leasehold 30 years: IDR 7,200,000,000
Freehold / Leasehold up to 60 years: IDR 8,500,000,000

✨ Why This Villa?
🌿 Family-friendly design with 4 ensuite bedrooms
🏡 Rooftop lounge & poolside living with ricefield views
📈 Excellent long-term value with Freehold & Leasehold flexibility
💎 Prime Umalas location, close to Canggu & Seminyak hotspots
🌊 Lifestyle convenience with schools, cafés & beaches nearby

📞 Contact us today to schedule a private viewing and secure this rare Umalas gem!",Property listing,1,0,0,,8 Degree
8D25137,8D25137 - Villa Tria (ION Villas),"🏡 LUXURIOUS 4-BEDROOM VILLA WITH RICEFIELD VIEWS – BATU BOLONG, CANGGU 🌴

Discover the pinnacle of modern Bali living with this stunning 4-bedroom leasehold villa, located in the sought-after Batu Bolong area of Canggu. Just minutes from Bali’s world-famous cafés, boutiques, and surf beaches, this villa combines sophisticated design, high-end finishes, and serene ricefield views. Perfect for families, expats, or investors seeking a prestigious home with strong rental appeal.

📍 Location Highlights
5 min → Batu Bolong Beach & Echo Beach
7 min → Canggu & Berawa hotspots (cafés, shops, gyms)
15 min → Seminyak nightlife & dining
45 min → Ngurah Rai International Airport
Nestled in a peaceful, upscale residential area

🏡 Villa Details
Land Size: 780 m² (7.8 are)
Building Size: 540 m²
Bedrooms: 4 (all ensuite)
Bathrooms: 4 + guest toilet
Floors: 2 (modern design, built in 2024)
Living Room: Flexible open/closed style
Kitchen & Dining: Fully equipped, modern & spacious
Pool: 14 x 5 m private pool + deck & garden
Extra Rooms: Cinema room / office, storage room, maid’s room (unfurnished)
Parking: Shared parking area for up to 3 cars
Furnishing: Fully furnished, turnkey ready

🌴 Features & Facilities
Panoramic ricefield views
Enclosed & open-plan living flexibility
Large swimming pool with sun terrace & gazebo
Balcony & outdoor entertaining areas
33,000-watt electricity, drilled well water supply
8 air-conditioning units throughout the villa
High-speed fiber optic internet
24/7 security in a managed luxury villa complex

⚡ Ownership & Investment
Title: Leasehold (Hak Sewa)
Lease Period: 24 years (until Sept 2049) + extension available
Building Year: 2024 (brand new)
Rental Potential: Ideal for short-term holiday rentals or long-term stays
Investment Appeal: Prime Batu Bolong location with high occupancy demand

💰 Price
USD 1,500,000 (≈ IDR 23,000,000,000)

✨ Why This Villa?
🌿 Brand-new luxury build with premium ricefield views
🏡 Spacious family-friendly layout with 4 ensuite bedrooms
📈 Strong rental appeal in Bali’s hottest lifestyle corridor
💎 Exclusive villa complex with professional management
🌊 Just minutes from Batu Bolong Beach, Echo Beach & Canggu hotspots

📞 Contact us today to schedule a private tour of this exquisite Batu Bolong villa.",Property listing,1,1500000,0,,8 Degree
8D25138,8D25138 - Lyvin Melasti,"🏡 OCEANVIEW 2-BEDROOM JAPANDI VILLA – PECATU, BALI 🌊

Experience modern tropical living with breathtaking ocean views in this brand-new villa in Pecatu. Built with natural materials, large glass windows, and expansive terraces, the design harmonizes with the surrounding nature while maximizing light, air, and uninterrupted views of the Indian Ocean.

Located within an exclusive cascading residential complex of 18 villas, each residence is strategically positioned on the hillside to ensure full panoramic views. The complex also features shared facilities including a restaurant, spa center, and a 25-meter swimming pool, making it ideal for both luxury living and investment.

📍 Location Highlights

Prime hillside location in Pecatu, Bali

Elevated ocean views from every villa

10 min → Bingin & Dreamland Beach

15 min → Uluwatu surf breaks & beach clubs

40 min → Ngurah Rai International Airport

🏡 Villa Details (Villa C1)

Land Size: 420 m²

Building Size: 288 m²

Bedrooms: 2 ensuite (Master + Convertible bedroom)
• Convertible bedroom can be arranged with 2 singles or 1 king-size bed, also ideal as a kids’ room

Bathrooms: 2 ensuite + guest bathroom

Layout: Single-storey, ocean-facing terraces

Living Room: Open-plan with ocean views

Kitchen: Fully equipped, modern & functional

Additional Spaces: Office, storage room behind kitchen, lockable owner’s cabinet

Outdoor: Pool with sun terrace & shower

🌴 Design & Style

“Japandi” concept – combining Japanese minimalism with Scandinavian functionality & coziness

Built with natural materials for a harmonious, streamlined aesthetic

Flat roofs, sleek design lines, and extensive glass openings

Sustainable approach with minimal use of plastic in interiors

⚡ Ownership & Leasehold Period

Leasehold: 38 years (until 2063)

Priority extension rights: Up to 88 additional years (total potential 126 years)

Managed within a high-end complex with shared facilities

Strong rental appeal: luxury lifestyle with ocean views in Pecatu

Ideal for personal residence or investment property

💰 Price

USD 975,000

✨ Why This Villa?
🌿 Natural materials & Japandi-inspired design
🏡 Spacious 2-bedroom villa with flexible layout
🌊 Stunning panoramic ocean views from all living spaces
💎 Exclusive cascading complex with spa, restaurant & 25m pool
📈 Long leasehold security with rare priority extension rights

📞 Contact us today to secure your oceanview villa in Pecatu before the limited units sell out!",Property listing,1,975000,0,,8 Degree
8D25139,8D25139 - Villa Jimbaran,"🏡 LUXURY 3-BEDROOM VILLAS FOR SALE – JIMBARAN, BALI 🌴
Welcome to Villa Jimbaran, an exquisite retreat in the heart of Bali’s most desirable coastal area. These brand-new villas combine elegance, comfort, and modern living — offering 3 spacious bedrooms, 3 stylish bathrooms, a private swimming pool, and open-plan living with a fully equipped Western-style kitchen.
Located just 5 minutes from the famous Jimbaran Beach, and surrounded by world-class resorts such as Four Seasons and Ayana, these villas promise not only the perfect holiday lifestyle but also an exceptional long-term investment. With close proximity to schools, universities, shopping, dining, and only 20 minutes from the international airport, Villa Jimbaran offers the perfect blend of luxury and convenience.
📍 Strategic Location
5 min → Jimbaran Beach & Seafood Restaurants
5 min → Four Seasons Resort
8 min → Ayana Resort
7 min → Samasta Lifestyle Village
6 min → Sidewalk Mall Jimbaran
9 min → Udayana University
10 min → Udayana Hospital
10 min → Garuda Wisnu Kencana (GWK)
18 min → Balangan Beach
20 min → Melasti Beach
20 min → Ngurah Rai International Airport
🏡 Villa Details
 ✨ All 3 plots are newly built (2023), fully furnished & freehold ownership
Plot 1
Price: IDR 7,000,000,000
Land Size: 245.84 m²
Building Size: 334 m²
Plot 2
Price: IDR 7,000,000,000
Land Size: 188.46 m²
Building Size: 338.8 m²
Plot 3
Price: IDR 7,000,000,000
Land Size: 222.42 m²
Building Size: 352.1 m²
🌴 Facilities & Features
Private Swimming Pool
3 Bedrooms & 3 Bathrooms
Open Living & Dining Area
Western-style Kitchen
Fully Furnished with Modern Design
WiFi & Cable TV
Air Conditioning in all rooms
Water & Electricity connections ready
Parking/Carport
⚡ Ownership
Status: Freehold (SHM) – rare opportunity in prime Jimbaran
Year Built: 2023
Fully furnished, turnkey villas
💰 Price
IDR 7,000,000,000 per villa (≈ USD 418,000)
✨ Why Villa Jimbaran?
 🌿 Freehold ownership in a prime beachside location
 🏡 Spacious 3BR villas with modern design & private pool
 🌊 Minutes from Jimbaran Beach, world-class resorts & lifestyle hubs
 💎 Perfect as a holiday home or long-term investment
📞 Contact us today to secure your villa in Jimbaran — only 3 units available!",Property listing,1,418000,0,,8 Degree
8D25141A,8D25141A - The Ease Villa,"🏡 PREMIUM MODERN VILLAS IN CANGGU – WELLNESS DESIGN & PRIME BEACH ACCESS ✨
Discover a curated selection of luxury villas in Canggu, each offering its own harmony of modern design, wellness-inspired spaces, and strategic investment potential. Located close to the surf-friendly beaches of Batu Bolong, Batu Mejan, and Echo Beach, these villas blend stylish architecture with functional indoor-outdoor living in Bali’s most desirable lifestyle destination.
📍 Prime Locations: Canggu – Bali
 • Short walk or quick ride to Batu Bolong & Echo Beach
 • Surrounded by top dining, boutique shops, yoga studios & beach clubs
 • Peaceful residential pockets with excellent access roads
🏠 Villa Options & Details:
✨ Villa 2BR: Wellness-Inspired Freehold Villa
 • Land Size: 148 m²
 • Building Size: 284 m²
 • Bedrooms: 2 en-suite
 • Status: Off-Plan – Dec 2026 Completion
 • Ownership: Freehold/Leasehold – 80 years
 • Price: IDR 10.125.000.000 / USD 625.000
 • Highlight: Only 800m to the beach
✨ Villa 3BR: Contemporary Nature Sanctuary – Batu Mejan
 • Land Size: 200 m²
 • Building Size: 392 m²
 • Bedrooms: 3 en-suite
 • Ownership: Freehold/Leasehold – 80 years
 • Price: IDR 13.560.000.000 / USD 837.000
 • Status: Off-Plan – Dec 2026 Completion
✨ Villa 4BR: Off-Plan Modern Villa – Batu Bolong / Echo Beach
 • Land Size: 275 m²
 • Building Size: 546 m²
 • Bedrooms: 4 en-suite
 • Ownership: Freehold/Leasehold – 80 years
 • Price: IDR 18.410.000.000 / USD 1.137.000
 • Status: Off-Plan – Dec 2026 Completion
🌿 Shared Lifestyle & Design Features
 • Modern tropical indoor-outdoor living
 • Sunken lounge & private pool
 • Open-plan living/dining with premium finishes
 • Bright interiors with natural stone & wood elements
 • Rooftop lounge or balcony with lush green views
 • Ideal for both residence or high-ROI rental investment
📈 Investment Advantages
 ✔ Canggu’s fastest-growing property market
 ✔ High occupancy demand from tourists & long-term renters
 ✔ Premium positioning near beaches & lifestyle hotspots
 ✔ Strong capital appreciation projected

💎 Ownership & Status
 • Freehold & Leasehold options available
 • Under-construction and move-in-ready choices
 • Built by reputable developers with a proven track record
💰 Note: USD prices are for reference only. Transactions in IDR.
✨ Why These Villas Stand Out
 🏝 Prime Canggu addresses — walkable to beaches
 🌿 Wellness-driven architecture & private retreat feel
 📈 Strategic investment with strong rental returns
 🏡 Spacious luxury homes with premium finishes
📞 Contact us today to secure one of these exceptional villas in the heart of Canggu — limited units available!",Property listing,1,1137000,0,,8 Degree
8D25141B,8D25141B - The Ease Apartment,"🏙️ MODERN APARTMENTS IN CANGGU — WALKING DISTANCE TO BEACH & LIFESTYLE HOTSPOTS 🌴
A rare opportunity to own stylish modern apartments in two of Canggu’s most desirable locations — Batu Bolong / Echo Beach and The Ease Canggu in Mengwi. Designed for comfort, smart living, and strong returns, these units are perfect for digital nomads, long-stay renters, and investors seeking a high-demand income property in Bali’s lifestyle capital.
📍 Prime Canggu Location
 • 12-minute walk to Echo Beach
 • Close to surf, beach clubs, gyms & co-working spaces
 • Surrounded by cafés, restaurants, and boutique retail
 • Peaceful residential environment with premium accessibility
🏠 AVAILABLE UNITS
✨ Option 1 — 1 Bedroom Apartment Near Echo Beach
 • Building Size: 59 m²
 • Bedrooms: 1
 • Bathrooms: 1 (en-suite)
 • Style: Modern + Eco-conscious design
 • Status: Off-Plan — Dec 2026 Delivery
 • Fully furnished | Private terrace/balcony
 • Ownership: Freehold / Leasehold 80 years
 • Price: IDR 3.230.000.000 / USD 199.900
 → Best choice for low-entry investment with high rental demand
✨ Option 2 — 2 Bedroom Apartment at The Ease Canggu
 • Size: 97 m² interior
 • Bedrooms: 2
 • Bathrooms: 2
 • Floor: Ground floor
 • Status: Off-Plan — Dec 2026 Completion
 • Fully furnished luxury finishes
 • Ownership: Freehold / Leasehold 80 years
 • Price: IDR 5.310.000.000 / USD 328.000
 → Ideal for couples or co-living rentals with premium yield


🛋 Features & Facilities (depending on selected unit)
 • Fully furnished interiors
 • Private or shared pool access
 • Secure gated complex
 • Enclosed living & dining layouts
 • Smart home layout maximizing space
 • Parking available
 • Drilled well water & efficient utilities


🌟 Lifestyle & Investment Benefits
 • Walkable to beach & top lifestyle venues
 • High rental yield potential (short & long-stay markets)
 • Fast-growing location with rising capital values
 • Developer with proven construction track record
 • Perfect for digital nomads, investors, holiday home buyers


📜 Ownership Details
 • Freehold & Leasehold options available
 • Construction in progress — secure at early-stage pricing
 • Safe payment schedule with developer guarantees
💰 Note: Prices in USD subject to daily exchange rate. All transactions in IDR.
✨ Why These Apartments Are a Smart Choice
 🏄 Live or invest in one of Bali’s most active rental markets
 📈 Excellent long-term capital growth outlook
 🌅 Lifestyle convenience — walking distance to beach
 🔥 Limited units — high interest and fast take-up
📞 Contact us now to secure the best available unit — only a few remaining!",Property listing,1,328000,0,,8 Degree
8D25142,8D25142	- Villa Oza Berawa,"🏡 STYLISH 4-BEDROOM MODERN VILLA – BERAWA, CANGGU 🌴
Discover refined modern living in the heart of Berawa, Canggu – one of Bali’s most sought-after neighborhoods. Just minutes from international schools, trendy cafés, restaurants, and iconic beach clubs, this brand-new villa offers the perfect blend of comfort, style, and investment potential.
Set on a 300 m² plot, the villa features a contemporary design enhanced by warm natural accents, high-quality materials, and a spacious layout across two floors. With multiple entertainment areas, private balconies, and a sleek private pool, it’s designed for both family living and high rental appeal.
📍 Location Highlights
4 min → Atlas Beach Club
Walking distance → Shops, cafés & restaurants
5 min → International schools (Montessori, CCS)
10 min → Finns Beach Club & Berawa Beach
45 min → Ngurah Rai International Airport
🏡 Villa Details
Land Size: 300 m²
Building Size: 299 – 336 m² (depending on unit)
Floors: 2
Bedrooms: 4 (all ensuite, master with bathtub & walk-in closet)
Bathrooms: 4 + 1 powder room
Year Built: 2022–2024 (brand new)
Permit: IMB / SLF (2024)
Style: Modern contemporary with warm wood accents
Access Road: 6 meters
✨ Layout & Features
Spacious enclosed living & dining area with full glass sliding doors
Modern fully equipped kitchen + back terrace BBQ area
Private pool (approx. 8 x 2.5 m) with sunbeds & wooden deck
2 ground-floor bedrooms with ensuite bathrooms
Master bedroom with pool access + bathtub
Upstairs entertainment lounge with TV, bar & pool table
2 upstairs bedrooms with ensuite bathrooms, bathtubs & private balconies
Carport for 1 car + bikes
Storage room & laundry area
🌴 Building Specifications
Foundation: River stone (Batu Kali)
Structure: Reinforced concrete with 13 mm rebar
Walls: Lightweight brick
Doors/Windows: Bengkirai wood frames (6/15 cm)
Finishing: Dulux paint, natural stone, terrazzo flooring
Roof: Lightweight steel + Pabco Tahoma bitumen
Pool finish: White pebble wash
Ceilings: Gypsum + natural pandan weave (bedrooms), Bengkirai wood (terrace)
Fixtures: Toto sanitary, Dekson accessories
AC: Daikin (Thailand)
Pool equipment: Hayward
Home appliances: LG
Kitchen equipment: Modena
Mattresses: King Koil
⚡ Ownership & Status
Title: Freehold (SHM)
Permit: IMB / SLF issued 2024
Furnishing: Fully furnished & decorated
Water: Deep well + PDAM connection
Electricity: [specify – available on request]
💰 Price
IDR 13,500,000,000
✨ Why This Villa?
 ✅ Prime Berawa location – walk to shops, schools & beach clubs
 ✅ Modern design with high-quality finishes & warm natural accents
 ✅ Fully furnished, ready-to-move-in luxury residence
 ✅ Excellent investment potential with strong rental demand in Berawa
 ✅ Spacious layout with private pool, balconies & entertainment lounge
📞 Contact us today to arrange a private viewing of this stylish Berawa villa!",Property listing,1,0,0,,8 Degree
8D25144,8D25144	- Villa Imani Bingin,"🏡 BRAND NEW 4-BEDROOM LUXURY OCEANVIEW VILLA – BINGIN 🌊✨
Experience elevated coastal living with this brand-new 4-bedroom villa in Bingin, Uluwatu. Perfectly positioned on the hillside, it offers panoramic ocean views stretching across Dreamland Golf Course to Mount Batur and Mount Agung in the distance.
Just minutes from Bingin & Dreamland Beach, this villa combines luxury design, spacious layouts, and touristic zoning, making it ideal for both private residence and high-performing investment.
📍 Location Highlights
3 min → Bingin Beach
5 min → Dreamland Beach & Golf Course
10 min → Padang Padang & Uluwatu surf spots
20 min → Jimbaran Bay dining & resorts
40 min → Ngurah Rai International Airport
🏡 Villa Details
Land Size: 320 m²
Building Size: 440 m²
Bedrooms: 4 master suites with ensuite bathrooms & wardrobes
Bathrooms: 4 ensuite + guest bathroom
Floors: 3
Style: Modern luxury
Year Built: 2025
Leasehold: 29 years
View: Ocean, golf course, volcanoes
✨ Features & Layout
- Open-plan living & dining areas with indoor–outdoor flow
- Fully equipped modern kitchen with pantry
- Cinema room & entertainment area 🎬
- Self-contained laundry & storage
- Infinity swimming pool with panoramic views
- Multiple balconies & terraces for lounging
- Double car park
- Fully furnished with premium finishes
🌴 Why We Love This Villa
🌊 Uninterrupted ocean & sunset views
🎬 Cinema & entertainment spaces for family & guests
📍 Prime Bingin location – touristic zoning supports investment
🏡 Spacious 440 m² build with modern luxury finishes
📈 High rental appeal in Bali’s fastest-growing lifestyle destination
⚡ Ownership & Investment
Leasehold: 29 years
Zoning: Touristic (allows rental business license)
Price: USD 1,125,000
 (All transactions in IDR; USD for reference only)
📞 Contact us today to schedule a private viewing of this exclusive Bingin oceanview villa before it’s gone.",Property listing,1,1125000,0,,8 Degree
8D25145,8D25145	- Le loft Villa B3,"🏡 MODERN INDUSTRIAL 4-BEDROOM VILLA IN BERAWA – LEASEHOLD 33 YEARS
Experience modern industrial luxury in the heart of Canggu’s vibrant Berawa neighborhood — just 600 meters from the beach. This exceptional 4-bedroom villa offers a seamless blend of raw elegance, high-end comfort, and functional design, making it perfect for both a private residence or a premium investment opportunity.
Set on 350 m² of land with a 250 m² building, the villa sits within the Pink Zone, making it ideal for commercial or rental use. Enjoy the convenience of being within walking distance to Berawa Beach, popular cafés, restaurants, and the island’s most famous beach clubs.
📍 Location Highlights
600 m → Berawa Beach (10-minute walk)
7 min → Batu Bolong
10 min → Finns Beach Club
20 min → Seminyak
25 min → Tanah Lot Temple
🏠 Property Details
Price: USD 870,000 (approx. IDR 12,000,000,000)
Ownership: Leasehold – 33 years
Land Size: 350 m²
Building Size: 250 m²
Bedrooms: 4
Bathrooms: 4.5
Living Room: Enclosed
Kitchen: Fully equipped with dishwasher, hood & complete supplies
Swimming Pool: 10 meters
Design Style: Modern industrial with luxury finishes
Pet Policy: Subject to confirmation
Status: Ready Built
Zone: Pink Zone (rental/commercial permitted)
🛋️ Features & Inclusions
Private swimming pool
Fully furnished with modern décor
Cleaning service (Monday–Saturday)
Pool & garden maintenance twice weekly
Spacious bedrooms with ensuite bathrooms
Secure access and private parking
✨ Why This Villa?
Prime Berawa location – walking distance to the beach
Stylish industrial design with modern luxury comfort
Fully equipped and ready to move in or rent out
Ideal investment opportunity in Bali’s top lifestyle area
Located in Pink Zone – eligible for daily rental license
📍 Location: Villa Berawa, Canggu, Bali
 💰 Price: USD 870,000 (Leasehold 33 years)
Discover your modern sanctuary in Bali’s most desirable coastal neighborhood.
 Contact us today to arrange a private viewing or receive the full investment breakdown.",Property listing,1,870000,0,,8 Degree
8D25146A,8D25146A - Volans Villas Pererenan 2BR,"🌿 MODERN OFF-PLAN 2-BEDROOM VILLA FOR SALE IN PERERENAN – LEASEHOLD 26 + 25 YEARS
Introducing a limited collection of modern 2-bedroom villas in the serene yet central area of Pererenan, one of Bali’s most desirable and fast-developing neighborhoods. Designed to combine modern tropical living with Balinese charm, these villas offer a perfect balance of privacy, comfort, and timeless style — ideal for personal use, long-term living, or as a high-yield investment.
Each villa is thoughtfully crafted with an open-plan layout, inviting an abundance of natural light through oversized windows that seamlessly connect indoor and outdoor spaces. The project emphasizes spacious design, lush gardens, and functional luxury, delivering a modern Bali home perfectly suited for today’s lifestyle-focused buyers.
📍 Location Highlights
Prime Pererenan location – peaceful yet central
5–10 minutes to Canggu and Echo Beach
Surrounded by boutique cafés, wellness studios & fine dining
Easy access to international schools
Located in a quiet residential area with 4-meter access road
🏠 Property Details
Price: USD 285,000
Ownership: Leasehold – 26 Years + 25 Years Guaranteed Extension
Land Size: 190 m²
Building Size: 81 m²
Bedrooms: 2
Bathrooms: 2 ensuite
Layout: 2 spacious bedrooms each with private ensuite bathrooms
Living Room: Enclosed, open-plan concept
Dining Area: Enclosed
Kitchen: Large modern kitchen with built-in storage
Swimming Pool: 2.5 x 6 meters with Ulin wood pool deck
Outdoor Space: Private garden, lush greenery, and spacious outdoor sitting area
Roof: Bitumen with 20-year leak-proof guarantee
Access Road: 4 meters
Year of Build: 2025
Completion: October 2026
Zone: Residential
IMB: On request
🌴 Design & Features
Design: Contemporary tropical design with Balinese accents
Style: Open-plan with large glass windows to maximize natural light
Outdoor Area: Generous garden with Ulin wood decking
Optional Luxury Add-ons: Sauna & ice bath installations available
Furniture: Includes AC, stove, and all fixed furniture (bed frame, built-in storage). Excludes mattress, loose furniture, and electronics.
Construction Quality: Built to the highest standards with premium materials and craftsmanship
💡 Key Benefits
✅ Central & peaceful Pererenan location
 ✅ Ideal for investment, short/long-term rentals, or private living
 ✅ Strong ROI potential in a fast-growing area
 ✅ Emphasis on natural light, open space, and greenery
 ✅ 26 + 25 years leasehold security with guaranteed extension
 ✅ Rare opportunity with only a limited number of units available
Perfect for lifestyle-focused buyers, expats, digital nomads, and smart investors seeking value, quality, and long-term security in one of Bali’s most competitive and sought-after markets.
📍 Location: Pererenan, Bali
 💰 Price: USD 285,000 approx. IDR 4,650,000,000 (Leasehold 26 + 25 Years)
 🏗️ Completion: October 2026
✨ Contact us today for complete details, floor plans, or a private viewing of this modern tropical villa in Pererenan.",Property listing,1,285000,0,,8 Degree
8D25146B,8D25146B - Volans Villas Pererenan 3BR,"🌴 MODERN 3-BEDROOM OFF-PLAN VILLA IN PERERENAN – LEASEHOLD 26 YEARS
Discover your private modern oasis in Pererenan, one of Bali’s most desirable and fast-growing areas — just minutes from the beach, trendy cafés, and the lively Canggu lifestyle scene.
This beautifully designed 3-bedroom villa embodies a perfect balance of tropical elegance and modern functionality. Featuring a spacious open-plan layout, large glass windows that invite natural light, and seamless indoor-outdoor living, this villa captures the essence of luxury tropical living in Bali.
Each bedroom includes a private ensuite bathroom, complemented by an extra guest bathroom for convenience. The living area flows into a fully equipped modern kitchen and dining space, opening to a serene private garden with a swimming pool, Ulin wood deck, and optional luxury upgrades such as a sauna or ice bath.
Ideal for both private living and investment, this villa offers exceptional comfort, quality, and rental potential in a high-demand neighborhood.
📍 Location Highlights
Prime Pererenan location – peaceful yet central
5–10 minutes to Canggu and Echo Beach
Close to restaurants, shops, and wellness studios
20 minutes to Seminyak and 45 minutes to the airport
Located in a quiet, residential area
🏠 Property Details
Price: USD 435,000 (approx. IDR 7,140,000,000)
Ownership: Leasehold – 26 Years + 10–20 Years Extension (Market Price)
Land Size: 285 m²
Building Size: 178 m²
Bedrooms: 3
Bathrooms: 3 ensuite + 1 guest bathroom
Furnishing: Semi-furnished
Living Area: Enclosed open-plan
Dining Area: Enclosed
Kitchen: Fully equipped with modern fittings
Swimming Pool: Private pool with Ulin wood sundeck
Garden: Landscaped tropical garden with outdoor lounge
Delivery Date: October 2026
Status: Off-Plan
Access Road: 4 meters
🌿 Design & Features
- Clean architectural lines with expansive glass doors
- Modern tropical design emphasizing natural light and space
- High-quality finishes and premium materials
- Spacious outdoor seating and entertaining area
- Optional features: Sauna and Ice Bath installations
- Built to high construction standards for long-term durability
💰 ROI Forecast
Estimated ROI: 12–15% per year (based on short-term rental operation in the Pererenan area)
 Strong rental demand and capital appreciation expected as the area continues to develop rapidly.
🌟 Key Benefits
✅ Prime location in central Pererenan
 ✅ Ideal for investment or private residence
 ✅ Strong rental income potential
 ✅ High-quality modern tropical design
 ✅ Built by experienced local developer
 ✅ Quiet yet convenient neighborhood near cafés, shops, and beaches
Perfect for expats, digital nomads, and savvy investors seeking a balance of luxury, comfort, and high ROI potential in Bali’s thriving Pererenan community.
📍 Location: Pererenan, Bali
 💰 Price: USD 435,000 (Leasehold 26 Years + Extension Option)
 🏗️ Completion: October 2026
✨ Contact us today for floor plans, ROI breakdowns, or a private site visit to this modern 3-bedroom villa in Pererenan.",Property listing,1,435000,0,,8 Degree
8D25147,8D25147	Villa Taman Babakan,"🌿 MODERN 2-BEDROOM VILLA FOR SALE IN BABAKAN, CANGGU – LEASEHOLD 29 YEARS
Discover a tranquil retreat in the heart of Babakan, Canggu, one of Bali’s most desirable and peaceful residential neighborhoods. This modern 2-bedroom villa combines contemporary comfort with tropical charm, designed for both private living and investment potential.
Set amidst lush greenery, the villa offers a harmonious indoor-outdoor layout featuring spacious living areas, a beautifully landscaped garden, and a private pool — creating an inviting environment perfect for relaxation or entertaining guests.
Built with attention to detail, the property blends stylish design with practical comfort, ensuring long-term value and enjoyment for its residents or guests.
📍 Location Highlights
Peaceful Babakan neighborhood in Canggu
Just minutes from Canggu’s popular cafés, restaurants, shops & beaches
10 minutes to Batu Bolong & Echo Beach
55 minutes to Bali International Airport
Ideal balance of tranquility and accessibility
🏠 Property Details
Price: IDR 5,381,000,000 (≈ USD 335,000)
Ownership: Leasehold – 29 Years (Extendable)
Land Size: 188 m²
Building Size: 100 m²
Bedrooms: 2
Bathrooms: 2 (1 ensuite + 1 guest bathroom)
Pool Size: 7 x 4 meters
Electricity: 10,500 Watts
Year Built: 2025
Permit (IMB): In progress
Pondok Wisata: Eligible for application (rental license)
🌴 Features & Amenities
✅ Fully furnished with modern tropical interiors
 ✅ Spacious open-plan living & dining area
 ✅ Private swimming pool & jacuzzi
 ✅ Well-maintained garden with outdoor sitting area
 ✅ Balcony with serene views
 ✅ High-quality bathroom fittings & bathtub
 ✅ Secure parking area
 ✅ CCTV, water filter, and high-speed internet
 ✅ Laundry & storage area
🌟 Key Highlights
- Prime Canggu-Babakan location surrounded by luxury villas
- Ideal for personal residence or rental investment
- Long and flexible 29-year leasehold
- High demand area with strong ROI potential
- Contemporary design emphasizing light, space, and comfort
- Convenient access yet tucked away in a quiet, green environment
💼 Investment Potential
With its strategic location, modern facilities, and long lease duration, this villa offers excellent potential for both capital appreciation and rental income. The peaceful yet central setting appeals to long-term tenants and holiday guests alike — a valuable asset in Bali’s competitive market.
📍 Location: Babakan, Canggu, Bali
 💰 Price: IDR 5,381,000,000
 📅 Leasehold: 29 Years (Extendable)
 🏗️ Completion: 2025
 🏡 Furnishing: Fully Furnished
✨ Your modern tropical escape in the heart of Canggu – perfect for living or investing in Bali’s most vibrant community.",Property listing,1,335000,0,,8 Degree
8D25148,8D25148	- La Casa Espanola Bingin,"SPANISH-INSPIRED 1-BEDROOM VILLA FOR SALE IN BINGIN 
Experience the allure of Spanish colonial artistry blended with timeless Indonesian heritage in this stunning one-bedroom villa, located in the heart of Bingin – Uluwatu, one of Bali’s most desirable beachside communities.
Part of an exclusive 10-villa boutique development, each residence has been thoughtfully designed with elegance, soul, and cultural expression in mind — perfect for dreamers, art lovers, and those seeking a tranquil yet luxurious retreat.
📍 Location Highlights
Just 3 minutes’ drive / 13 minutes’ walk to Bingin Beach
5 minutes to Dreamland Beach
10 minutes to Padang Padang Beach
5 minutes to Labuan Sait cafés & restaurants
Located in Touristic (Pink) Zone – eligible for short-term rental license
4-meter wide access road
🏡 Property Details
Price: USD 270,000 (≈ IDR 4,407,000,000)
Ownership: Leasehold – 30 Years (Extendable)
Land Size: 89 m²
Building Size: 124 m²
Floors: 2
Bedrooms: 1
Bathrooms: 1.5
Pool Size: 2.5m x 4m
Year Built: 2026 (Off-plan)
Permit: PBG & SLF included
Water Source: Drilled well
Parking: Private (car & motorbike)
🛋️ Features & Design
✅ Enclosed living & dining area with elegant modern finishes
 ✅ Spacious master bedroom with walk-in closet & ensuite bathroom
 ✅ Guest toilet on the ground floor
 ✅ Private pool with landscaped tropical garden
 ✅ Fully furnished with curated interior pieces
 ✅ Balcony & terrace with relaxing pool or ocean views
 ✅ Private parking for car & motorbike
 ✅ High-quality construction with refined Spanish–Indonesian architectural fusion
✨ Key Highlights
- Part of an exclusive 10-unit boutique development
- Distinctive Spanish colonial elegance meets Indonesian craftsmanship
- Designed across two levels for optimal light and flow
- Modern tropical comfort with enclosed living and kitchen areas
- Prime Bingin location near Bali’s most iconic beaches & surf spots
- High-demand rental area with strong ROI potential
- Fully turnkey investment – property management available
💼 Investment Potential
Situated in a Touristic (Pink) Zone and built with premium standards, this villa offers an exceptional opportunity for personal living or high-yield rental investment. The project’s refined concept, boutique scale, and unbeatable Bingin location ensure strong capital appreciation and consistent rental demand in Bali’s booming Uluwatu area.
📍 Location: Bingin, Uluwatu – Pecatu, Bali
 💰 Price: USD 270,000 / 30-Year Leasehold
 🏗️ Completion: November 2026
 🏡 Units Available: 4
 ✨ A timeless fusion of art, culture, and luxury — your Spanish-inspired sanctuary in Bali’s southern coast.",Property listing,1,270000,0,,8 Degree
8D25151,8D25151	Villa Kobe Berawa,"🌴 2 Bedroom Villa in Berawa — 300m to the Beach

Live just steps from Berawa Beach in one of Bali’s most desirable neighborhoods! This modern villa offers the perfect blend of comfort, privacy, and lifestyle convenience — walking distance to cafés, restaurants, gyms, beach clubs, and more.

✅ Key Highlights
✨ Only 300 meters to Berawa Beach
 🏄‍♂️ Prime tourism & expat area
 🏡 Enclosed living & dining
 🌊 Private pool + gazebo

 📍 Walk to Finns Beach Club & Atlas Beach Fest
 📚 Close to international schools (Berawa & Umalas)
 🔐 Perfect for personal home or profitable rental investment

🏠 Villa Details:
• Land Size: 250 m²
 • Building Size: 187 m²
 • Bedrooms: 2 en-suite
 • Bathrooms: 2.5 (including guest toilet)
 • Floors: 1
 • Style: Modern tropical
 • Living & Dining: Enclosed, air-conditioned
 • Kitchen: Fully equipped private kitchen
 • Extra: Gazebo/Bale for relaxing
 • Swimming Pool: Private with sun terrace
 • Outdoor: Garden + poolside seating area
 • Parking: 1 car + 1 motorbike (enclosed)
 • Access Road: Good access, touristic zone

🌿 Outdoor Area
Private swimming pool
Sun terrace & relaxing gazebo
Tropical garden
Fully enclosed parking (1 car + 1 bike)

⚙️ Facilities
Electricity: 7,700 watts
Water source: Drilled well
Air-conditioners: 3 units
High–speed fiber optic internet

📍 Location Benefits
Berawa Beach — 3 min walk (300m)
Beach clubs, dining & entertainment at your doorstep
Wellness centers, spas & gyms nearby
Perfect for long-term living or luxury rental

💰 Pricing & Availability
Leasehold – 20 Years
 Price: IDR 4,750,000,000
 (All transactions in IDR — foreign currency for reference only)

📅 Earliest Availability: 22 December 2025",Property listing,1,0,0,,8 Degree
8D2545,8D2545 -  Villa Rumah Hijau,"🌞 Sunlit 4BR Villa in Berawa – Private Pool, Garden & Family Comfort
Experience luxurious island living in this beautifully designed 4-bedroom villa, located in the highly desirable neighborhood of Berawa, Canggu. Just 10 minutes from the beach and surrounded by top cafes, restaurants, and beach clubs, this villa offers the perfect blend of tropical serenity and urban convenience. Ideal for a family home, holiday rental, or long-term investment, this two-story property is move-in ready and available under both leasehold and freehold options.

📍 Location: Berawa, Canggu, Bali
🏞️ Views: Tropical garden & poolside

🏡 Villa Features:
• Land Size: 310 m²
• Building Size: 307 m² (2 levels)
• Bedrooms: 4 – All with ensuite bathrooms (including 1 with bunk beds)
• Guest Amenities: 1 guest toilet, outdoor pool shower
• Living Areas: Enclosed living and dining area, upper-floor TV/family room
• Kitchens: Modern enclosed kitchen + separate wet kitchen
• Furnishings: Fully furnished with stylish, high-quality decor
• Staff Quarters: Dedicated staff room, storage, and laundry area
• Balcony & Patio: Ideal for sunbathing and lounging
• Parking: For 1 car + 2 bikes

🌟 Leisure & Utility Highlights:
• Private Pool: 11 x 3.5 meters with sun loungers and tropical garden
• High-Speed Internet: 100 Mbps (Global Extreme provider)
• Water Source: Deep well (60 meters) with water filtration system
• Electricity: 16,500 VA
• Access Road: 3-meter wide private access

💰 Ownership Options & Investment Potential:
• Leasehold: 25 years + 25-year extension | Price: USD 490,000
• Freehold: Price: USD 690,000
• Rental Potential: Available for yearly rental at USD 60,000
• Flexible Income Model: Ideal for vacation rental or long-term stay
• Turnkey Ready: Fully operational and furnished for immediate move-in or ROI generation

🗓️ Ownership Details:
• Leasehold Until: 2049 (with extension to 2074)
• Title: Leasehold or Freehold
• Status: Ready for occupancy

✨ Why Choose This Villa?
🏝️ Prime Berawa Location – Close to beach, dining, beach clubs, and amenities
🏠 Spacious & Versatile Design – 4 bedrooms, full kitchen, and family zones
🌿 Tropical Tranquility – Private pool, garden, and balcony lounge
💼 High Rental Yield – Strong returns from both long-term and vacation rentals
🔑 Flexible Ownership – Rare opportunity with both leasehold & freehold options

📞 Contact us today to schedule a private viewing or request more details about this unique opportunity in one of Bali’s most sought-after areas.",Property listing,1,690000,0,,8 Degree
8D25152,8D25152 - Ipanema Villa,"✨ A Timeless Blend of Colonial Grandeur & Indochinese Elegance
Located in the serene and sophisticated neighborhood of Umalas, this architectural masterpiece embodies refined living at its finest. Designed for those who appreciate space, elegance, and tranquility, the villa offers the perfect sanctuary — minutes away from international schools, fine dining restaurants, and Canggu’s vibrant lifestyle hubs.
Every corner of this stunning 7-bedroom residence radiates a unique charm that harmonizes Colonial and Indochina influences, resulting in an atmosphere of understated luxury and artistic grace.
🏠 Villa Details:
• Land Size: 1,800 m² (18 are)
 • Building Size: 750 m²
 • Bedrooms: 7 en-suite
 • Bathrooms: 9
 • Floors: 2
 • Year Built: 2025
 • Style: Colonial-Indochina Fusion
 • Living & Dining: Enclosed, grand spaces with high ceilings
 • Kitchen: Gourmet kitchen with open-plan dining area
 • Swimming Pool: 15-meter fan-shaped pool (45 m²)
 • Outdoor: Rooftop lounge & terrace with rice field views
 • Garden: Lush landscaped garden with 100-year-old trees
 • Special Features: River access, 10-meter grand lobby, staff quarters
 • Furnishing: Fully furnished
 • Parking: Private and secure
🌿 Lifestyle & Highlights:
• Nestled in a peaceful, upscale area of Umalas
 • Close to renowned international schools – ideal for families
 • Designed for entertaining & refined tropical living
 • Colonial & Indochinese-inspired architecture
 • Private garden sanctuary with century-old trees & riverfront access
 • Rooftop terrace with panoramic rice field views
 • Perfect balance of luxury, comfort, and privacy
📜 Ownership Details:
• Ownership: Leasehold
 • Lease Duration: Until February 2050
 • Zoning: Residential
 • Availability: Ready Now
💰 Price:
IDR 41,528,239,203
 (Approx. USD 2,580,000 – subject to exchange rate)",Property listing,1,2580000,0,,8 Degree
8D25153,8D25153 - Amira Villa,"✨ Modern Elegance with Oriental Touch & Sunset Views

Located in a serene private neighborhood of Padonan, this luxury townhouse offers a perfect blend of contemporary architecture and oriental design elements. Just a 10-minute drive to Pererenan and Batu Bolong Beach, and only 5 minutes to Jalan Raya Canggu and Pantai Berawa, the location provides easy access to Canggu’s best cafés, restaurants, international schools, and wellness hubs.

Designed by a renowned Dutch interior designer, each detail of this residence reflects sophistication, comfort, and functionality — perfect as a private home or a high-return investment property.

🏠 Villa Details:
• Land Size: ± 2.01 are (201 m²)
• Building Size: ± 213 m²
• Bedrooms: 3 en-suite
• Bathrooms: 3.5 (including guest toilet)
• Year of Build: October 2025
• Floors: 2
• Style: Minimalist with oriental influences
• Living & Dining: Enclosed, open-plan with natural light
• Kitchen: Fully equipped modern kitchen with island bar
• Extra Room: Storage
• Swimming Pool: Private with lounge area
• Outdoor: Pool deck + sunset view terrace
• Parking: Car & motorbike
• Access Road: 4-meter wide

🌅 Lifestyle & Highlights:
• Located in a peaceful private residential area of Padonan
• Designed by Dutch interior designer with luxury portfolio
• Short drive to Berawa, Pererenan, and Batu Bolong Beach
• Ideal for private living or investment with high ROI potential
• Fantastic sunset views from the second floor

📜 Ownership Details:
• Ownership: Leasehold – 30 years
• Zoning: Residential
• Certificates: Akta, PBG/SLF
• View: Pool

💰 Price:
IDR 5,000,000,000
(approx. USD 315,000 – subject to exchange rate)",Property listing,1,315000,0,,8 Degree
8D25154,8D25154 - The Era by OXO,"🌊 LUXURY ECO-CONSCIOUS VILLAS IN ULUWATU, BALI 🌴

A Sustainable Coastal Retreat with Smart Innovation & Refined Design
Discover an exclusive boutique villa residence redefining luxury living on Bali’s southern cliffs. Blending modern tropical aesthetics, eco-conscious innovation, and hotel-grade service, this collection of limited villas offers a serene escape just minutes from Uluwatu’s most iconic beaches.
Each villa is designed for harmony between comfort, privacy, and nature, featuring locally sourced materials, smart energy systems, and timeless architectural elegance.

📍 Location Highlights
• Prestigious hilltop location in Uluwatu, Bali’s Bukit Peninsula
 • Only 4–8 minutes to Bingin, Dreamland & Padang Padang Beaches
 • Close to renowned restaurants, cafés & surf destinations
 • 20 km to Ngurah Rai International Airport
 • Surrounded by panoramic ocean & landscape views
 • Professionally managed with full hospitality services

🏠 Villa Details
1 Bedroom Villa
 • Price: USD 555,750
 • Land Size: 97 m²
 • Building Size: 148 m²
2 Bedroom Villa
 • Price: USD 655,200
 • Land Size: 97 m²
 • Building Size: 148 m²
2+ Bedroom Villa
 • Price: USD 789,750
 • Land Size: 117 m²
 • Building Size: 175 m²
3 Bedroom Villa
 • Price: USD 1,023,750
 • Land Size: 142 m²
 • Building Size: 208 m²

🌴 Features & Amenities
• Private pool & outdoor terrace for each villa
 • Modern tropical architecture using natural materials
 • Closed-loop water recycling system
 • Silent air conditioning with fresh air integration
 • Smart energy management for efficiency
 • Private water well & power backup for self-sufficiency
 • 24/7 concierge & security service
 • Luxury hilltop gym & wellness facilities
 • In-villa dining & café with professional chef service
 • Onsite property management & maintenance

✨ Lifestyle & Investment Benefits
• Sustainable, eco-smart design blending innovation and comfort
 • Turn-key ownership with full professional management
 • Ideal for investors or lifestyle buyers seeking effortless returns
 • Strong rental yield potential through professional hospitality operations
 • Designed by renowned international architects & interior designers
 • A rare opportunity to own in Bali’s most sought-after coastal location

📜 Ownership Details
• Ownership: Freehold
 • Availability: Pre-sale – Limited units available
 • Completion: Q4 2027

💎 Why Invest in These Villas?
✅ Prime hilltop Uluwatu location with panoramic ocean views
 ✅ Fully managed luxury residence with resort-grade services
 ✅ Sustainable, low-maintenance living concept
 ✅ Excellent capital appreciation & ROI potential
 ✅ Turn-key investment with global-standard design & finishes

📞 Contact us today to receive the full brochure, pricing options, and investment returns for these eco-luxury villas in Uluwatu, Bali.",Property listing,1,1023750,0,,8 Degree
8D25155,8D25155 - Enki Villa (Umalas),"✨ Modern 2-Bedroom Villa in Umalas – Sleek Design, High ROI & Prime Leasehold Investment 🌿🏡
Experience stylish tropical living with this contemporary 2-bedroom villa in Umalas, Kerobokan — a highly sought-after location known for its peaceful charm, easy access to Canggu and Seminyak, and strong year-round rental demand.
 Built in 2024, this fully furnished home combines modern architectural elegance, comfort, and a proven investment performance with a documented 94% occupancy rate.

📍 Location: Umalas, Kerobokan – tranquil yet central, between Seminyak & Canggu
 🏖️ Lifestyle: Surrounded by cafés, boutiques, yoga studios & surf beaches

🏡 Villa Features:
Contemporary 2-Bedroom Villa with Pool & Modern Comforts
 • Land Size: 172 m²
 • Building Size: 152 m²
 • Bedrooms: 2 spacious bedrooms with AC
 • Bathrooms: 2 modern bathrooms (including soaking tub)
 • Year Built: 2024 (Brand new construction)
 • Living & Dining: Open-plan indoor–outdoor concept connecting to the pool & garden
 • Kitchen: Fully equipped modern kitchen with quality finishes
 • Pool: Private swimming pool with sun deck & poolside bar
 • Parking: On-site automobile parking
 • Security: CCTV system
 • Status: Completed and operational on Airbnb
 • Management: Professionally operated by a top-rated team
 • Furnishing: Fully furnished, turnkey-ready

🌟 Lifestyle & Convenience:
• Central yet peaceful neighborhood ideal for families or digital nomads
 • 2 minutes to cafés, shops & local markets
 • 5 minutes to Berawa & Batu Belig Beaches
 • 10 minutes to Canggu & Seminyak’s main entertainment district
 • 25 minutes to international schools
 • 45 minutes to Ngurah Rai International Airport

💰 Price & Ownership:
• Price: USD 300,000 / IDR 4,988,415,000
 • Ownership: Leasehold
 • Lease Period: 25 years
 • Furniture Status: Fully Furnished

💼 Investment Potential:
• Documented 94% occupancy rate with verified rental income history
 • Fully managed property under professional hospitality operator
 • Located in one of Bali’s highest-performing rental zones
 • Turn-key investment with strong cash flow and capital appreciation potential
 • Modern 2024 build ensures low maintenance and lasting value

✨ Why Choose This Umalas Villa?
🏡 Stylish Modern Living – Clean design, bright interiors & private pool oasis
 📈 High ROI Opportunity – Proven performance and strong rental yields
 📍 Prime Location – Central, peaceful, and in demand among long-stay visitors
 💼 Effortless Ownership – Fully managed and operational, ready to generate income
 🌴 Lifestyle Flexibility – Ideal as a personal Bali residence or performing investment asset

📞 Contact us today for the full investment prospectus, detailed ROI report, and a private viewing schedule. Discover an exceptional opportunity to own a high-performing modern villa in the heart of Umalas, Bali.",Property listing,1,300000,0,,8 Degree
8D25157A,8D25157A - Umalas Oasis 3BR Villa,"🌆 Contemporary Urban Retreat – Sleek 3BR Villa in the Heart of Umalas 🏡✨

Experience elevated modern living in one of Bali’s most coveted residential neighborhoods — Umalas. Strategically positioned between Seminyak and Canggu, this stylish villa blends tranquility, accessibility, and contemporary sophistication. Surrounded by top-tier cafés, international schools, fitness studios, and beaches — the location is ideal for both lifestyle and investment.

Designed with clean architectural lines, natural textures, and minimalist elegance, this villa features light-filled interiors, seamless indoor–outdoor flow, and a private sun-drenched pool — the essence of modern Bali luxury.

📍 Location: Umalas, North Kuta — central & peaceful residential zone
🌴 Lifestyle: Minutes to Berawa, Petitenget, Batu Belig, & surf beaches

🏠 Villa Details

• Land Size: 319 m²
• Building Size: 230 m²
• Bedrooms: 3 en-suite bedrooms w/ modern wardrobes & premium finishes
• Bathrooms: 3 luxury bathrooms (including bathtub)
• Floors: 2
• Design Style: Contemporary Urban w/ warm natural palettes
• Living & Dining: Enclosed spaces w/ floor-to-ceiling glass doors
• Kitchen: Fully equipped w/ modern appliances & sleek island bar
• Outdoor: Private swimming pool + wooden deck + tropical landscape
• Feature Architecture: Floating glass staircase
• Furnishing: Fully furnished with designer-selected interiors
• Parking: 1 car + scooters
• Access Road: 4 m wide
• Build Quality: High-end materials & craftsmanship
• Status: Turn-key property — ready to enjoy or monetize

💰 Price & Ownership
Leasehold 28 Years
USD 535,000 | IDR 8,910,000,000 (transaction in IDR)
Flexible for residential or investment ownership

🌟 Lifestyle & Location Highlights
• Quick access to Canggu, Seminyak & Berawa hotspots
• Close to top dining, cafés, gyms, coworking & boutique retail
• Near multiple international schools (ideal for families)
• Tranquil residential environment — high privacy
• Designed for everyday comfort & lifestyle convenience

💼 Investment Potential
• High rental demand — premium Umalas location
• Strong occupancy due to proximity to top attractions
• Modern design = high guest appeal & ADR
• Low maintenance, turn-key operation
• A secure asset in one of Bali’s strongest luxury markets

✨ Why This Villa?
Modern, minimalist architectural design
Prime location with exceptional lifestyle access
Ready-to-live or plug-and-play rental investment
Expected capital gains in a high-demand zone",Property listing,1,535000,0,,8 Degree
8D25157B,8D25157B - Umalas Oasis Townhouse,"🌆 Contemporary Urban Retreat – Sleek 2BR Townhouse in the Heart of Umalas 🏡✨

Experience elevated modern living in one of Bali’s most coveted residential neighborhoods — Umalas. Strategically positioned between Seminyak and Canggu, this stylish villa blends tranquility, accessibility, and contemporary sophistication. Surrounded by top-tier cafés, international schools, fitness studios, and beaches — the location is ideal for both lifestyle and investment.

Designed with clean architectural lines, natural textures, and minimalist elegance, this villa features light-filled interiors, seamless indoor–outdoor flow, and a private sun-drenched pool — the essence of modern Bali luxury.

📍 Location: Umalas, North Kuta — central & peaceful residential zone
🌴 Lifestyle: Minutes to Berawa, Petitenget, Batu Belig, & surf beaches

🏠 Townhouose Details

• Land Size: 161 m²
• Building Size: 137 m²
• Bedrooms: 2 en-suite bedrooms w/ modern wardrobes & premium finishes
• Bathrooms: 2 bathrooms
• Floors: 2
• Design Style: Contemporary Urban w/ warm natural palettes
• Living & Dining: Enclosed spaces w/ floor-to-ceiling glass doors
• Kitchen: Fully equipped w/ modern appliances & sleek island bar
• Outdoor: Private pool + wooden deck + tropical landscape
• Feature Architecture: Floating glass staircase
• Furnishing: Fully furnished with designer-selected interiors
• Parking: Sharing
• Access Road: 4 m wide
• Build Quality: High-end materials & craftsmanship
• Status: Turn-key property — ready to enjoy or monetize

💰 Price & Ownership
Leasehold 28 Years
USD 372,000 | IDR 6,200,000,000 (transaction in IDR)
Flexible for residential or investment ownership

🌟 Lifestyle & Location Highlights
• Quick access to Canggu, Seminyak & Berawa hotspots
• Close to top dining, cafés, gyms, coworking & boutique retail
• Near multiple international schools (ideal for families)
• Tranquil residential environment — high privacy
• Designed for everyday comfort & lifestyle convenience

💼 Investment Potential
• High rental demand — premium Umalas location
• Strong occupancy due to proximity to top attractions
• Modern design = high guest appeal & ADR
• Low maintenance, turn-key operation
• A secure asset in one of Bali’s strongest luxury markets

✨ Why This Villa?
Modern, minimalist architectural design
Prime location with exceptional lifestyle access
Ready-to-live or plug-and-play rental investment
Expected capital gains in a high-demand zone",Property listing,1,372000,0,,8 Degree
8D25158,8D25158 - Villa Radhika,"🌿 Elegant 4-Bedroom Modern Villa in Umalas – Family-Friendly Comfort Between Seminyak & Canggu 🏡✨

Experience sophisticated tropical living in this beautiful 4-bedroom villa located in the highly desirable residential neighborhood of Umalas. Perfectly positioned between Seminyak and Canggu, this stylish home offers privacy, modern comfort, and proximity to Bali’s top lifestyle destinations — ideal for families, long-term residents, or investors seeking a turnkey property in one of Bali’s most in-demand areas.

📍 Location: Umalas, Bali – tranquil residential enclave between Seminyak & Canggu

 🌴 Lifestyle: Surrounded by trendy cafés (Bucu Café, 7am Bakers Club), gourmet restaurants (The Bistrot, Meat Emporium), and international schools (Canggu Community School, ProEd)

🏠 Villa Details
• Land Size: 440 m²
 • Building Size: 276 m²
 • Bedrooms: 4 spacious ensuite bedrooms (including loft-style master suite)
 • Bathrooms: 4 + 1 guest toilet
 • Year Built: 2015
 • Floors: 2
 • Design: Modern loft-style villa with bright interiors and high ceilings
 • Living & Dining: Enclosed open-plan layout filled with natural light
 • Kitchen: Fully equipped modern kitchen with ample workspace
 • Extra Rooms: Laundry room + storage room
 • Furnishing: Fully furnished and move-in ready
 • Pool: Private swimming pool surrounded by a landscaped garden & terrace
 • Water Source: Deep well (drilled)
 • Internet: Fiber optic access
 • Air Conditioners: 6 units
 • Parking: Private on-site parking for 1 car (open)
 • Access Road: 4 m wide
 • Certificate: HGB (Right to Build)
 • Building Permit: IMB Rumah Tinggal
 • Orientation: Pool & garden view

💰 Price & Ownership Options
• Freehold (HGB): IDR 12.600.000.000 (USD 755.000)

🌟 Lifestyle & Location Highlights
• 5 minutes to Seminyak dining & boutiques
 • 8 minutes to Batu Belig & Berawa Beach
 • 10 minutes to Canggu’s cafés & beach clubs (Finns, Atlas, Café Del Mar)
 • 2–5 minutes to top international schools (CCS, ProEd)
 • Peaceful residential setting ideal for families & expats

💼 Investment Potential
• Prime location with strong rental demand year-round
 • Family-friendly design with private pool & enclosed living
 • Proven high occupancy for long-term rentals
 • Low-maintenance modern build in excellent condition
 • Offered with secure HGB title, suitable for both local & foreign ownership

✨ Why Choose This Villa?
Spacious Family Home – 4 ensuite bedrooms & loft-style master suite
Perfectly Located – Between Seminyak & Canggu, near cafés & schools
Strong ROI Potential – Ideal for long-term rental or private residence
Modern & Bright – High ceilings, enclosed living, and elegant design
Turnkey Ready – Fully furnished, operational, and move-in ready

📞 Contact us today to schedule a private viewing or request a full brochure. Discover serene modern living in the heart of Umalas, one of Bali’s most sought-after residential areas.",Property listing,1,755000,0,,8 Degree
8D25159,8D25156 - Villa Batu Kali,"🌿 Modern 3-Bedroom Luxury Villa in Pererenan – Freehold Elegance in Bali’s Most Desirable Beachside Neighborhood 🏡✨

Discover contemporary sophistication in this stunning 3-bedroom villa nestled in the heart of Pererenan, one of Bali’s most sought-after coastal enclaves. Merging architectural precision with everyday comfort, this freehold property offers a serene retreat just minutes from Pererenan Beach and the lively Canggu scene — ideal for those seeking the perfect balance of luxury, lifestyle, and investment potential.

📍 Location: Pererenan, Canggu – tranquil yet connected coastal village surrounded by rice fields and boutique cafés
 🌅 Lifestyle: Walk or ride to the beach, surf breaks, restaurants, gyms, and yoga studios — the best of Bali’s modern living within reach

🏠 Villa Details:
• Land Size: 274 m²
 • Building Size: 228 m²
 • Bedrooms: 3 spacious ensuite bedrooms
 • Bathrooms: 4 (3 ensuite + 1 guest toilet)
 • Year Built: 2021 | Renovated: 2023
 • Floors: 2
 • Style / Design: Modern Contemporary
 • Living & Dining: Enclosed layout with seamless indoor–outdoor flow
 • Kitchen: Fully equipped with built-in appliances and modern cabinetry
 • Furnishing: Fully furnished and turnkey ready
 • Pool: 6 x 6 m private swimming pool with timber sundeck and garden
 • Electricity: 7,700 watts
 • Water Source: Private drilled well
 • Internet: Fiber optic access
 • Parking: Secure garage with electric gate (1 car)
 • Additional Features: Storage, walk-in closet, balcony, CCTV system
 • Certificate: Hak Milik (Freehold)
 • Building Permit: IMB Rumah Tinggal
 • Orientation: Pool & garden views

💰 Price & Ownership:
• Freehold (Hak Milik): IDR 13,000,000,000 (~USD 810,000)

🌟 Lifestyle & Location Highlights:
• 5 minutes to Pererenan Beach & Echo Beach
 • 7 minutes to Batu Bolong cafés & nightlife
 • 10 minutes to Finns Recreation Club and Atlas Beach Fest
 • Surrounded by boutique gyms, fine dining restaurants, and artisan bakeries
 • 15 minutes to Canggu School and ProEd International School
 • 45 minutes to Ngurah Rai International Airport

💼 Investment Potential:
• Freehold ownership in one of Bali’s most in-demand areas
 • Commercial zoning (Perdagangan & Jasa) – ideal for short-term rentals
 • Proven high occupancy rate with current rental income (~IDR 90 million/month)
 • Recently renovated – modern design, low maintenance, and ready to operate
 • Strong capital appreciation in the rapidly growing Pererenan–Canggu corridor

✨ Why Choose This Villa?
Architectural Elegance – Contemporary design with soft monochrome palette and tropical textures
Prime Location – Steps from Bali’s newest lifestyle district and surf beaches
High-Performing Asset – Fully operational with proven income history
Turnkey Investment – Professionally managed, furnished, and ready for occupancy
Freehold Title – Secure long-term ownership in Bali’s premium beach zone

📞 Contact us today to schedule a private viewing or request the full investment brochure. Experience refined living and exceptional value in one of Bali’s most exclusive neighborhoods — Pererenan, Canggu.",Property listing,1,810000,0,,8 Degree
8D25160,8D25160 - Empire Villa,"🌿 Contemporary 5-Bedroom Luxury Villas in Ubud – Modern Tropical Design, Riverside Views & Strong ROI Potential 🏡✨

Experience a curated blend of modern tropical architecture and Ubud’s serene natural environment with these two exceptional 5-bedroom villas. Set in peaceful jungle surroundings yet just minutes from central Ubud, these villas offer privacy, comfort, and premium investment appeal.
Designed with clean contemporary lines, natural materials, open-plan layouts, and seamless indoor–outdoor living, each villa showcases the essence of refined tropical living. With sunken lounges, lush landscaping, and beautifully crafted en-suite bedrooms, these homes are ideal as high-performing rental villas or exclusive private residences.

📍 Location: Ubud – quiet riverside and jungle-view residential zone close to cafés, galleries, markets & wellness centers
 🌴 Lifestyle: Minutes to yoga studios, boutiques, restaurants, museums, rice fields & Ubud cultural hotspots

🏠 Villa Details
• Land Size: 600 m²
 • Building Size: 270–364 m²
 • Bedrooms: 5 spacious en-suite bedrooms
 • Bathrooms: 5
 • Floors: 2
 • Design: Contemporary modern tropical with Balinese accents
 • Living Spaces: Open-plan living & dining with sunken lounge
 • Kitchen: Fully equipped modern kitchen
 • Outdoor: Large private swimming pool, lush gardens, riverside/jungle views
 • Furnishing: Fully furnished (curated interior design + handcrafted details)
 • Electricity: 2300–3500 watts
 • Year Built: 2023–2025 (one newly completed, one newly renovated)
 • Certificates: IMB / Akta / Residential zoning
 • Status: Leasehold luxury villas, ready for occupancy
 • Lease Terms:
 25 years remaining + 20-year extension
 Lease until July 2051
 💵 USD 676,000

🌟 Lifestyle & Location Highlights
• Quiet natural surroundings with jungle & riverside views
 • Minutes to Ubud center: cafés, local markets, art galleries, wellness hubs
 • Easy access to yoga studios, restaurants, and cultural attractions
 • Peaceful residential environment ideal for families or retreats
 • Excellent for short-term rental income in Bali’s top cultural destination

💼 Investment Potential
• High projected ROI from short-term rental market in Ubud
 • Strong demand for 5-bedroom villas for retreats & group stays
 • Turn-key properties with modern design and high-quality finishes
 • Premium land size (600 m²) – rare in central Ubud proximity
 • Long lease terms with extension options ensuring future value
 • Attractive price point under USD 700K for full 5BR luxury villa

✨ Why Choose These Ubud Villas?
Modern Tropical Luxury – Balinese elegance meets contemporary design
 Prime Natural Setting – Jungle views, riverside ambience, total privacy
 High ROI & Reliable Rental Demand – One of Bali’s top-performing markets
 Turn-Key Condition – Fully furnished, ready for living or renting
 Minutes to Ubud Center – Convenience + tranquility
 Premium Price Point – Updated to USD 676,000",Property listing,1,676000,0,,8 Degree
8D25161,8D25161 - Villa Terrapuri,"🌿 Serene Tropical Living – Spacious 5BR Villa with Jungle Backdrop in Peliatan, Ubud ✨🌺

Discover a peaceful sanctuary hidden within the cultural heart of Ubud — a spacious 5-bedroom villa designed for comfort, privacy, and a deep connection with nature. Surrounded by lush jungle views and set on an expansive 700 sqm plot, this villa blends modern tropical living with the tranquility that Ubud is renowned for.

Bright open spaces, generous outdoor lounges, and a thoughtfully planned layout create an inviting environment for families, long-stay residents, or investors seeking a serene yet accessible location. With its long lease duration, close proximity to iconic attractions, and natural surroundings, this villa represents outstanding value in one of Bali’s most sought-after cultural enclaves.

📍 Location: Peliatan, Ubud – quiet residential pocket near Ubud’s cultural hubs
🌴 Lifestyle: Close to yoga studios, cultural sites, wellness centers & nature-rich attractions

🏠 Villa Details

• Land Size: 700 m²
• Building Area: 203 m²
• Bedrooms: 5 (4 ensuite + 1 bunkbed room)
• Bathrooms: 4.5
• Design Style: Modern tropical with spacious indoor–outdoor connection
• Living Area: Bright open-plan living & dining space
• Kitchen: Fully equipped modern kitchen
• Outdoor: Expansive poolside deck + lounge area
• View: Peaceful jungle surroundings for privacy & relaxation
• Parking: Car + scooter parking
• Extra Spaces: Storage room
• Construction Status: Built
• Ownership: Leasehold until September 2051
• Property View: Jungle view

💰 Price & Ownership

📌 Leasehold until September 2051
💵 IDR 7,820,000,000
(Approx. USD 480,000)

Perfect for:

• Families seeking a private Ubud residence
• Long-stay expats wanting comfort + nature
• Investors targeting Ubud’s strong rental market
• Buyers seeking long lease security in a high-demand area

🌟 Lifestyle & Location Highlights

• 6 minutes to Goa Gajah (Elephant Cave)
• 7 minutes to ARMA Museum & Resort
• 8 minutes to The Yoga Barn
• 15 minutes to Ubud Monkey Forest
• 15 minutes to Ubud Market & Ubud Palace
• Peaceful, green residential area with easy access to cultural landmarks

💼 Investment Potential

• Large 5-bedroom layout ideal for families & long-term rentals
• Strong demand for spacious Ubud villas with jungle views
• Long lease remaining until 2051 ensures lasting value
• Attractive for wellness retreats, monthly rentals, or private residence
• Prime Peliatan location — steady growth & high occupancy rates

✨ Why This Villa?

🌿 Expansive jungle views offering complete privacy
🏡 Spacious 5-bedroom design with modern comforts
📍 Quick access to Ubud’s top cultural & wellness destinations
🔑 Built & ready to move in
📈 Excellent long-term value in a high-demand Ubud area",Property listing,1,480000,0,,8 Degree
8D25163,8D25163	- Black Sapphire Villa,"🌴 Modern 3-Bedroom Villas in Munggu–Seseh – Stylish Architecture, Rice-Field Views & Prime Growth Location 🏡✨

Discover three exceptional modern villas located in the fast-growing Munggu–Seseh corridor — one of Bali’s most desirable residential zones. Surrounded by lush rice fields and only minutes from Seseh & Pererenan beaches, these villas provide the perfect balance of tranquility and access to vibrant lifestyle hotspots.

Designed for those who appreciate contemporary living with tropical warmth, each villa features a private pool, enclosed living spaces, and premium finishes. With spacious interiors, functional floorplans, and strong rental appeal, these homes are ideal both for private residence and investment.

📍 Location: Munggu – Seseh coastal residential zone, near Pererenan & Canggu
🌴 Lifestyle: Quick access to top cafés, gyms, surf beaches, coworking hubs & boutique retail

🏠 Villa Details (Combined Overview)

• Land Size: 235 m²
• Building Size: 180 m²
• Bedrooms: 3 modern ensuite bedrooms
• Bathrooms: 4
• Floors: 2
• Design: Modern minimalist with tropical textures + premium materials
• Living & Dining: Enclosed spaces with direct pool integration
• Kitchen: Modern enclosed kitchen
• Outdoor: Private swimming pool + landscaped garden + balcony/terrace
• Furnishing: Fully furnished (designer-selected interiors)
• Views: Rice fields & pool
• Parking: 1 car + scooter space
• Water Source: Drilled well
• Year Built: 2025 (brand new)
• Certificates: Residential zoning (IMB/SLF on request / progress)
• Status: Ready soon — secure now at pre-completion pricing

💰 Price & Ownership Options

• Leasehold (30–60 years available)IDR 5,700,000,000
• Freehold options available IDR 6,700,000,000

Flexible ownership options:
• Leasehold 30 years
• Leasehold 60 years
• Freehold

🌟 Lifestyle & Location Highlights

• 10–15 minutes by motorbike to Pererenan, Canggu & Kedungu surf breaks
• Close to Seseh Beach — 5 minutes
• Peaceful residential environment with rice-field views
• Near Luna Beach Club, restaurants, supermarkets, coworking & fitness studios
• Excellent for both living & holiday rental

💼 Investment Potential

• Strong demand for 3BR villas in Munggu–Seseh growth zone
• High rental yields driven by proximity to Canggu tourism
• Brand-new construction with premium structural + design features
• Turn-key delivery — low operational setup required
• Capital appreciation expected as the area continues to develop

✨ Why Choose These Villas?
Fresh, stylish & functional modern design
Rice-field surrounding with serene neighborhood vibe
High ROI + strong rental demand
Prime location near Bali’s most desirable coastal lifestyle
Freehold or long leasehold flexibility
Competitive price in a rapidly appreciating area",Property listing,1,0,0,,8 Degree
8D25164,8D25164	- Nava Tamora,"🌾 Rice Field Elegance – Premium 3BR Modern Tropical Villas in Central Canggu ✨🌿

Discover a rare collection of 3-bedroom premium villas in and around Canggu, where contemporary tropical design meets panoramic rice field views and unbeatable proximity to Bali’s most vibrant lifestyle hub. Thoughtfully designed across two levels, these villas offer an elevated living experience that balances tranquility, privacy, and strong investment appeal.
Whether located in central Canggu, Babakan, or a quiet green pocket just minutes from the beach, each villa showcases clean architectural lines, abundant natural light, and seamless indoor–outdoor flow — ideal for private living or high-performing rental use.

📍 Location: Central Canggu / Babakan — close to beaches, cafés & dining hotspots
 🌴 Lifestyle: Surf, dining, wellness & retail hubs just minutes away, yet surrounded by rice fields

🏠 Villa Details (Available Options)
• Land Size: ±116 – 200 m²
 • Building Area: ±200 m²
 • Bedrooms: 3 spacious bedrooms
 • Bathrooms: 2–3 bathrooms (ensuite + powder room)
 • Design Style: Modern tropical / contemporary
 • Living Area: Elevated living room with rice field views (open or enclosed layouts available)
 • Kitchen & Dining: Fully equipped kitchen with dedicated dining area
 • Outdoor: Private swimming pool (±3 × 7 m to 8 m length options)
 • Balcony: Master bedroom balcony overlooking green landscapes
 • View: Guaranteed rice field & open green views
 • Extra Spaces: Storage room, garden area
 • Parking: Private carport + motorbike parking
 • Furnishing:
  – Fully furnished (selected units, turnkey)
  – Semi-furnished options available
 • Utilities: Well water, high electricity capacity
 • Year Built: 2025 (brand new & ready units available)
 • Construction Status: Built / move-in ready

💰 Price & Ownership
📌 Ownership Options Available
• Freehold (SHM):
  – From IDR 7,000,000,000
  – Available for Indonesian citizens
• Leasehold:
  – Up to 80 years (30+20+30)
  – Available for PT / PMA
💳 Payment Options (selected units):
 • Full payment
 • Installments up to 24 months
 • KPR (mortgage) available
Suitable for:
 • Private residence in Canggu
 • Luxury holiday rental
 • Long-term capital appreciation
 • Buyers seeking rare freehold assets with views

🌟 Lifestyle & Location Highlights
• 5–10 minutes to Batu Bolong, Echo Beach & Berawa
 • Close to Finns Beach Club, La Brisa & top Canggu dining
 • Surrounded by rice fields, mountains & open green zones
 • Central yet private — ideal for daily living or rentals
 • Gated or quiet residential settings for added security
 • One of Bali’s strongest and most liquid property markets

💼 Investment Potential
• High demand for 3BR villas with rice field views in Canggu
 • Rare availability of Freehold SHM in central locations
 • Excellent ROI potential from short- & long-term rentals
 • Turnkey options = immediate income generation
 • Strong resale value in Bali’s top-performing area

✨ Why These Villas?
🌾 Guaranteed rice field & open green views
 🏡 Premium 3-bedroom layouts with modern finishes
 📍 Prime Canggu & Babakan locations
 🔑 Freehold & long-lease options available
 📈 Outstanding lifestyle appeal + investment performance

📩 Contact us today to receive full brochures, pricing options, or to arrange a private viewing — premium Canggu villas like these are rarely available and move fast.",Property listing,1,0,0,,8 Degree
8D25165,Listing 8D25165,,Property listing,1,0,0,,8 Degree
8D25166,Listing 8D25166,,Property listing,1,0,0,,8 Degree
8D25167,8D25167 - Uma Santai Villa Canggu,"🌴 Prestigious 7-Bedroom Luxury Estate – Brand New Freehold Villa in Prime Central Canggu 🏡✨

Welcome to one of Canggu’s most exclusive new residences — a grand-scale modern luxury villa located in Padang Linjong, just minutes to Echo Beach & Batu Bolong. Designed for ultimate comfort, entertainment, and tropical living, this villa combines sleek contemporary architecture with premium lifestyle facilities — ideal as a family estate or high-yield investment.
Offering total privacy while being surrounded by Bali’s most vibrant dining, beach clubs, schools, and wellness hotspots, this home delivers the best of refined living in the heart of Bali’s most sought-after neighborhood.

📍 Location: Padang Linjong – Central Canggu, North Kuta
 🌴 Lifestyle: Walk/short drive to Echo Beach, Batu Bolong, cafes & boutiques

🏠 Villa Details
• Land Size: 1,090 m²
 • Building Size: 650 m²
 • Bedrooms: 7 luxurious ensuite bedrooms
 • Bathrooms: 7 + guest powder room
 • Floors: 2
 • Design Style: Modern luxury with tropical sophistication
 • Living Areas: Enclosed & open-plan — high ceilings, seamless flow
 • Kitchen: Wet & dry kitchen + island bar (fully equipped)
 • Entertainment: Dedicated family/media room
 • Fitness & Wellness: Private gym + yoga deck
 • Outdoor: Large private swimming pool (3 × 5 m) + landscaped garden
 • Balconies/Terraces: Multiple sunset-view terraces
 • Parking: Up to 6 cars
 • Access: 5-meter paved road
 • Utilities: 33,000W electricity + drilled well + fiber optic internet
 • Furnishing: Fully furnished with premium interiors
 • License/Zoning: SHM Freehold — rare secure ownership
 • Year Built: 2025 (Brand New)
 • Status: Turn-key luxury villa — move-in or rent-out immediately

💰 Price & Ownership
📌 Freehold (SHM)
 💵 IDR 36,000,000,000
 (~USD 2.167.000 — reference only, rate varies daily)

🌟 Lifestyle & Location Highlights
• 5 minutes to Pantai Batu Mejan (Echo Beach)
 • Surrounded by premium restaurants, beach clubs & boutiques
 • Close to international schools — Ideal for families
 • Prestigious & peaceful neighborhood with high privacy
 • Excellent road access within Central Canggu
 • Rare large land size for this location

💼 Investment Potential
• Exclusive Freehold ownership in Bali’s No.1 growth market
 • Strong luxury rental demand = premium occupancy & high returns
 • Turn-key build with exceptional architectural quality
 • Ideal for luxury short-stay or long-term leasing
 • Capital appreciation guaranteed as Canggu continues expanding

✨ Why This Villa?
Grand-scale luxury estate for family, lifestyle & hospitality potential
Ultra-prime Central Canggu address
Brand-new high-end construction
Safe & secure Freehold title
A strong investment with long-term value",Property listing,1,2167000,0,,8 Degree
8D25168,8D25168 - Seraya Villa,"🏖️ Mediterranean Coastal Elegance – Brand New Freehold 3BR Villa Just 5 Minutes to Cemagi Beach 🌅✨

Discover refined coastal living in one of Bali’s most serene and rapidly growing beachfront neighborhoods — Cemagi. This brand new villa seamlessly blends Mediterranean design with functional modern living, offering the perfect balance of style, comfort, and long-term investment potential.
Surrounded by peaceful rice fields and refreshing ocean breezes, this home is ideal for families, lifestyle seekers, or investors looking for a premium beachside property with strong rental demand.

📍 Location: Cemagi, Mengwi — peaceful & upscale coastal village
 🌴 Lifestyle: Steps to the beach, surf spots, boutique cafés & spectacular sunsets

🏠 Villa Details
• Land Size: 293 m²
 • Building Size: 250 m²
 • Bedrooms: 3 elegant air-conditioned ensuite bedrooms
 • Bathrooms: 3 modern bathrooms
 • Floors: 2 + rooftop terrace
 • Design Style: Mediterranean tropical architecture
 • Living & Dining: Enclosed living & dining — ideal for comfort & privacy
 • Kitchen: Fully equipped modern kitchen (fridge, stove, hood, etc.)
 • Outdoor: 41 m² private pool + landscaped tropical garden
 • Rooftop: Ocean-view terrace — perfect for sunset gatherings
 • Extra Spaces: Staff quarter + storage room
 • Parking: 1–2 vehicles (private, secure)
 • Utilities: Fiber optic internet + drilled well water
 • Building Permit: SLF
 • Year Built: 2025 (brand new)
 • Furnishing: Fully furnished with stylish interiors
 • Ownership: Freehold (SHM Hak Milik)
 • Status: Move-in or rental-ready

💰 Price & Ownership
📌 Freehold — SHM
 💵 IDR 7,800,000,000
 (~USD reference available upon request, based on daily rate)

Suitable for:
• Family residence
 • Holiday home by the beach
 • High-yield short & long-term rental investment

🌟 Lifestyle & Location Highlights
• Only 5 minutes to Cemagi Beach & oceanfront temples
 • Peaceful neighborhood surrounded by nature — yet well-connected
 • Quick access to Pererenan & Canggu lifestyle hubs
 • Close to beach cafés, local markets, and wellness venues
 • Excellent privacy while still near key attractions
 • Breezy, coastal living with a premium villa environment

💼 Investment Potential
• Freehold property in a fast-appreciating coastal zone
 • High rental demand for Mediterranean-style homes near the beach
 • Brand-new build means minimal maintenance for years
 • Attractive ROI from both holiday rentals & long-term leasing
 • Future capital gains expected as Cemagi continues to develop

✨ Why This Villa?
🏡 Mediterranean charm with functional modern comfort
 🌅 Rooftop ocean views — rare at this price
 📍 Strong investment in a growing luxury beach area
 🔑 Turn-key property — fully furnished & ready for use
 💎 Secure Freehold ownership — long-term wealth value",Property listing,1,0,0,,8 Degree
8D25170,Listing 8D25170,,Property listing,1,0,0,,8 Degree
8D25171,8D25171 - Villa Sinopolis,"🌾 Luxury Jungle & Ricefield Retreat – Elegant 6BR Villa Near Mas, Ubud ✨🌿

Discover refined tropical living in one of Ubud’s most peaceful and desirable residential pockets, just minutes from the artistic village of Mas. This luxurious 6-bedroom villa blends modern tropical architecture with breathtaking rice field and jungle views, creating a serene sanctuary ideal for private living or high-performing rental investment.
Built in 2021 and thoughtfully designed for comfort and flexibility, the villa offers generous indoor–outdoor spaces, premium finishes, and a layout perfectly suited for families, retreats, or holiday guests seeking privacy, nature, and sophistication in the heart of Bali’s cultural region.

📍 Location: Mas, Ubud – quiet residential area close to art villages & central Ubud
 🌴 Lifestyle: Near yoga studios, cultural landmarks, wellness centers & lush nature

🏠 Villa Details
• Land Size: 700 m²
 • Building Area: 300 m²
 • Bedrooms: 6 spacious ensuite bedrooms
 • Bathrooms: 6 ensuite + guest powder room
 • Design Style: Modern tropical luxury
 • Living Area: Flexible living room (open or enclosed) for indoor–outdoor comfort
 • Kitchen & Dining: Enclosed, fully equipped modern kitchen & dining area
 • Outdoor: Long private swimming pool (3 × 18 m)
 • Terrace: Poolside terrace for relaxing & entertaining
 • View: Rice field & jungle backdrop — tranquil and private
 • Extra Spaces: Storage room
 • Parking: 1 car parking
 • Furnishing: Fully furnished
 • Utilities: Fiber optic internet, drilled well water, 7 AC units
 • Year Built: 2021
 • Construction Status: Built
 • Ownership: Leasehold — 25 years remaining
 • Permit: SLF available

💰 Price & Ownership
📌 Leasehold 25 Years
 💵 IDR 11,500,000,000
 (Other currencies for reference only, subject to daily exchange rate)

Ideal for:
• Luxury private residence in Ubud
 • High-end holiday rental villa
 • Wellness or retreat-style accommodation
 • Investors seeking strong cultural-destination demand

🌟 Lifestyle & Location Highlights
• Peaceful setting near Mas village — known for art & craftsmanship
 • Surrounded by rice fields & lush jungle scenery
 • Short drive to central Ubud cafés, galleries & restaurants
 • Close to yoga studios, wellness hubs & cultural attractions
 • Quiet residential environment with excellent privacy
 • Strong appeal for nature-loving travelers & long-stay guests

💼 Investment Potential
• High demand for luxury 6BR villas in Ubud
 • Ideal for group stays, retreats & premium rentals
 • Modern design + natural views = strong guest appeal
 • 25-year lease provides solid mid–long-term security
 • Attractive ROI potential in Bali’s top cultural destination

✨ Why This Villa?
🌿 Stunning rice field & jungle views
 🏡 Spacious 6-bedroom layout with luxury finishes
 📍 Prime Ubud location near culture & nature
 🔑 Fully furnished & ready to operate
 📈 Strong lifestyle value + investment performance
If you’re seeking a luxurious Ubud villa that combines nature, space, and rental potential, this property is a rare opportunity.

📩 Contact us today to arrange a private viewing or secure this exceptional villa before it’s gone.",Property listing,1,0,0,,8 Degree
8D25172,8D25172	- Romana Villa,"🌿 Refined Jungle Retreat – Luxury 4BR Modern Tropical Villa in Mas, Ubud ✨🌾

Experience elevated tropical living in one of Ubud’s most peaceful residential enclaves — Mas Village. These beautifully crafted luxury villas combine modern architecture, premium finishes, and lush jungle surroundings, offering an ideal balance between lifestyle enjoyment and long-term investment value.
Built in 2021 and maintained in excellent condition, each villa is thoughtfully designed with bright open interiors, seamless indoor–outdoor flow, and flexible living spaces that can be enjoyed fully open or comfortably enclosed. Whether for a private family residence, holiday home, or high-performing rental, this property delivers timeless appeal in Bali’s cultural heart.

📍 Location: Mas, Ubud — quiet residential area near art villages & central Ubud
 🌴 Lifestyle: Close to yoga studios, wellness centers, galleries & nature trails

🏠 Villa Details
• Land Size: 600 m²
 • Building Area: 300 m²
 • Bedrooms: 4 spacious ensuite bedrooms
 • Bathrooms: 5 bathrooms + guest powder room
 • Design Style: Modern tropical luxury
 • Living Area: Flexible living room (open or enclosed) with large glass doors
 • Kitchen & Dining: Enclosed, fully equipped modern kitchen with quality appliances
 • Outdoor: Elegant private swimming pool (3 × 15 m)
 • Terrace: Poolside terrace with sun loungers & seating areas
 • View: Lush jungle greenery — calm, private, and serene
 • Extra Spaces: Storage room
 • Parking: 1 car + motorbikes
 • Furnishing: Fully furnished
 • Utilities: Fiber optic internet, drilled well water, air-conditioning throughout
 • Year Built: 2021
 • Construction Status: Built & well maintained
 • Ownership: Leasehold — 25 years remaining

💰 Price & Ownership
📌 Leasehold: 25 Years
• 4-Bedroom Villa:
 💵 USD 690,000
 (~IDR 11,500,000,000 – reference only)

Suitable for:
 • Full-time family residence
 • Luxury holiday home
 • High-demand rental investment
 • Buyers seeking long-term lease security in Ubud

🌟 Lifestyle & Location Highlights
• Peaceful Mas Village setting — known for art & craftsmanship
 • Surrounded by jungle greenery & tropical landscaping
 • Short drive to central Ubud cafés, restaurants & boutiques
 • Close to yoga studios, wellness hubs & cultural landmarks
 • Quiet residential atmosphere with excellent privacy
 • Strong appeal for long-stay guests & nature-focused travelers

💼 Investment Potential
• Strong demand for 4BR luxury villas in Ubud
 • Ideal for families, group stays & premium rentals
 • Modern design + jungle setting = high guest appeal
 • 25-year lease offers solid mid–long-term security
 • Excellent balance of lifestyle use & rental income potential

✨ Why These Villas?
🌿 Tranquil jungle surroundings with modern tropical elegance
 🏡 Flexible 4 bedroom layouts with premium finishes
 📍 Prime Mas–Ubud location near culture & wellness
 🔑 Fully furnished & rental-ready
 📈 Proven appeal in one of Bali’s most resilient property markets

📩 Contact us today to schedule a private viewing or secure one of these exceptional Ubud villas before availability is limited.",Property listing,1,690000,0,,8 Degree
8D25173,8D25173 - Villa Eme,"🌿 Serene Tropical Estate – Finished 4BR Modern Villa on Expansive Land in Kaba Kaba, Tabanan ✨🏡

Discover peaceful luxury living in Kaba Kaba, one of Bali’s most tranquil residential enclaves, just a short drive from Pererenan and Canggu. These ready, fully furnished 4-bedroom villas offer a rare combination of large land size, modern tropical design, and serene surroundings, making them ideal for families, long-term living, or solid lifestyle investment.
Thoughtfully designed on a single level, the villas blend clean modern architecture with warm tropical elements — featuring enclosed living spaces, high ceilings, natural materials, and seamless flow between indoor comfort and outdoor relaxation. Surrounded by lush gardens and anchored by a generous private pool, this is a true private retreat away from the crowds, yet close to Bali’s most desirable lifestyle hubs.

📍 Location: Kaba Kaba, Tabanan — quiet residential area near Pererenan & Canggu
 🌴 Lifestyle: Peaceful village living with easy access to cafés, beaches & dining

🏠 Villa Details
• Land Size: 970 m²
 • Building Area: 305 m²
 • Bedrooms:
  – 4 spacious ensuite bedrooms
 • Bathrooms:
  – 4 ensuite bathrooms + 1 guest bathroom
 • Design Style: Modern tropical with natural finishes
 • Living Area: Enclosed living & dining area — comfortable, private & family-friendly
 • Kitchen & Dining: Enclosed, fully equipped modern kitchen with dining space
 • Outdoor:
  – Large private swimming pool (±49 m² | approx. 14 × 3.5 m)
  – Lush landscaped garden
  – Poolside terrace for lounging & entertaining
 • View: Pool & garden
 • Parking: Private open parking (car + motorbike)
 • Furnishing: Fully furnished, move-in ready
 • Utilities: Drilled well water, air-conditioning throughout
 • Floors: 1 level (easy family living)
 • Year Built: 2025
 • Construction Status: Finished & ready now
 • Ownership: Leasehold — 28 years

💰 Price & Ownership
📌 Leasehold – Ready Villas
• From IDR 10,800,000,000
 • Reference Price: ~USD 650,000
 (All transactions in IDR. Other currencies for reference only)

Ideal for:
 • Private family residence
 • Long-stay or yearly rental
 • Buyers seeking large land & quiet surroundings
 • Lifestyle-focused investment near Canggu

🌟 Lifestyle & Location Highlights
• Quiet, green residential setting — ideal for families
 • Short drive to Pererenan & Canggu cafés, restaurants & beaches
 • Close to Tanah Lot area & scenic rice field landscapes
 • Low-density neighborhood with strong long-term appeal
 • Perfect balance of privacy, space & accessibility

💼 Investment Potential
• Strong demand for large-land villas near Canggu
 • Limited supply of single-level 4BR villas with big gardens
 • Ideal for long-term rental or family tenants
 • Stable lease length with solid resale potential
 • Lower competition compared to central Canggu

✨ Why These Villas?
🌿 Rare large land size in a peaceful village setting
 🏡 Comfortable 4-bedroom layout on one level
 📍 Prime Kaba Kaba location near Pererenan & Canggu
 🔑 Fully furnished & ready to move in
 📈 Excellent lifestyle value with long-term upside

📩 Contact us today to arrange a private viewing or receive full details — spacious, ready villas like this in Kaba Kaba are increasingly hard to find.",Property listing,1,650000,0,,8 Degree
8D25174A,8D25174 - Villa Nordoy 3,"🌊 Luxury Coastal Sanctuary – Finished 5BR Modern Tropical Villa in Nyanyi ✨🌿
Experience elevated tropical living in one of Bali’s most exciting emerging coastal enclaves — Nyanyi, Tabanan. This fully completed luxury villa blends modern tropical architecture with lush jungle, river, and coastal ambiance, just moments from Nyanyi Beach, Luna Beach Club, and the creative hub of Nuanu.
Designed for refined living and strong investment performance, the villa offers expansive indoor–outdoor spaces, premium natural materials, and a serene setting that feels worlds away — yet remains only 20 minutes from Canggu. Ideal as a private family residence, luxury holiday home, or high-end rental asset.

📍 Location: Nyanyi, Tabanan — quiet coastal village near Canggu
 🌴 Lifestyle: Beach clubs, wellness, dining, nature & creative community living

🏠 Villa Details
• Land Size: ±450 – 570 m²
 • Building Area: ±380 – 412 m²
 • Bedrooms: 5 spacious ensuite bedrooms
 • Bathrooms: 5 ensuite bathrooms + guest powder room
 • Design Style: Modern tropical luxury with natural wood accents
 • Living Area: Expansive living room with large windows & seamless indoor–outdoor flow
 • Kitchen & Dining: Fully equipped gourmet kitchen with large dining area
 • Outdoor:
  – Private swimming pool
  – Lush tropical garden
  – Poolside terrace for entertaining
 • View: Jungle, river & tropical greenery
 • Extra Spaces:
  – Office / library corner
  – Staff room
  – Storage room
 • Parking: Private car + motorbike parking
 • Furnishing: Fully furnished, turnkey
 • Utilities: Fiber optic internet, drilled well water, high electricity capacity
 • Floors: 2 levels
 • Construction Status: Finished & ready
 • Ownership: Leasehold
 • Lease Expiry: October 2053 (extension option available)

💰 Price & Ownership
📌 Leasehold Villa – Finished Unit
💵 USD 1,200,000
 (All transactions in IDR. Other currencies for reference only, subject to daily exchange rate)

Ideal for:
 • Luxury private residence near the beach
 • High-end holiday rental
 • Wellness or retreat-style accommodation
 • Investors targeting Nyanyi–Nuanu growth corridor

🌟 Lifestyle & Location Highlights
• Walking distance to Luna Beach Club & Nyanyi Beach
 • Minutes to Nuanu Creative City (dining, wellness, coworking, events)
 • Close to international school options
 • 20 minutes to Canggu cafés, beach clubs & shopping
 • Quiet coastal environment with strong future upside
 • Perfect balance of privacy, nature & modern lifestyle

💼 Investment Potential
• Rising demand for luxury villas in Nyanyi–Nuanu area
 • Limited supply of large 5BR villas near the beach
 • Strong appeal for premium holiday rentals & long stays
 • Long lease with extension already negotiated
 • Excellent capital appreciation in Bali’s next prime destination

✨ Why This Villa?
🌊 Rare finished luxury villa near Nyanyi Beach
 🌿 Jungle & river atmosphere with tropical elegance
 🏡 Spacious 5bedrooms layout for families & retreats
 📍 Prime location near Nuanu & Canggu
 🔑 Fully furnished & ready to operate
 📈 High lifestyle value + long-term investment growth

📩 Contact us today to arrange a private viewing or receive the full investment breakdown — premium Nyanyi villas of this caliber are exceptionally rare.",Property listing,1,1200000,0,,8 Degree
8D25174B,8D25174B - Villa Nordoy 2,"🌊 Luxury Coastal Sanctuary – Finished 6BR Modern Tropical Villa in Nyanyi ✨🌿
Experience elevated tropical living in one of Bali’s most exciting emerging coastal enclaves — Nyanyi, Tabanan. This fully completed luxury villa blends modern tropical architecture with lush jungle, river, and coastal ambiance, just moments from Nyanyi Beach, Luna Beach Club, and the creative hub of Nuanu.
Designed for refined living and strong investment performance, the villa offers expansive indoor–outdoor spaces, premium natural materials, and a serene setting that feels worlds away — yet remains only 20 minutes from Canggu. Ideal as a private family residence, luxury holiday home, or high-end rental asset.

📍 Location: Nyanyi, Tabanan — quiet coastal village near Canggu
 🌴 Lifestyle: Beach clubs, wellness, dining, nature & creative community living

🏠 Villa Details
• Land Size: 450 m²
 • Building Area: 412 m²
 • Bedrooms: 6 spacious ensuite bedrooms
 • Bathrooms: 6 ensuite bathrooms + guest powder room
 • Design Style: Modern tropical luxury with natural wood accents
 • Living Area: Expansive living room with large windows & seamless indoor–outdoor flow
 • Kitchen & Dining: Fully equipped gourmet kitchen with large dining area
 • Outdoor:
  – Private swimming pool
  – Lush tropical garden
  – Poolside terrace for entertaining
 • View: Jungle, river & tropical greenery
 • Extra Spaces:
  – Office / library corner
  – Staff room
  – Storage room
 • Parking: Private car + motorbike parking
 • Furnishing: Fully furnished, turnkey
 • Utilities: Fiber optic internet, drilled well water, high electricity capacity
 • Floors: 2 levels
 • Construction Status: Finished & ready
 • Ownership: Leasehold
 • Lease Expiry: October 2053 (extension option available)

💰 Price & Ownership
📌 Leasehold Villa – Finished Unit
💵 USD 990.000
 (All transactions in IDR. Other currencies for reference only, subject to daily exchange rate)

Ideal for:
 • Luxury private residence near the beach
 • High-end holiday rental
 • Wellness or retreat-style accommodation
 • Investors targeting Nyanyi–Nuanu growth corridor

🌟 Lifestyle & Location Highlights
• Walking distance to Luna Beach Club & Nyanyi Beach
 • Minutes to Nuanu Creative City (dining, wellness, coworking, events)
 • Close to international school options
 • 20 minutes to Canggu cafés, beach clubs & shopping
 • Quiet coastal environment with strong future upside
 • Perfect balance of privacy, nature & modern lifestyle

💼 Investment Potential
• Rising demand for luxury villas in Nyanyi–Nuanu area
 • Limited supply of large 5BR villas near the beach
 • Strong appeal for premium holiday rentals & long stays
 • Long lease with extension already negotiated
 • Excellent capital appreciation in Bali’s next prime destination

✨ Why This Villa?
🌊 Rare finished luxury villa near Nyanyi Beach
 🌿 Jungle & river atmosphere with tropical elegance
 🏡 Spacious 6bedrooms layout for families & retreats
 📍 Prime location near Nuanu & Canggu
 🔑 Fully furnished & ready to operate
 📈 High lifestyle value + long-term investment growth
📩 Contact us today to arrange a private viewing or receive the full investment breakdown — premium Nyanyi villas of this caliber are exceptionally rare.",Property listing,1,990000,0,,8 Degree
8D25175,Listing 8D25175,,Property listing,1,0,0,,8 Degree
8D25176,Listing 8D25176,,Property listing,1,0,0,,8 Degree
8D25177,8D25177 - Villa Seiza,"🌿 Prime Pererenan Luxury Estate – Finished 4BR Modern Villa on Expansive Land ✨🏡

Experience refined tropical living in one of Pererenan–Tumbak Bayuh’s most prestigious residential pockets. This exceptional 4-bedroom luxury villa offers a rare combination of A-tier construction quality, expansive land, generous living spaces, and long lease security, making it perfectly suited for private family living or a high-end long-term investment near Canggu.
Built in 2021 and fully renovated in 2023, the villa showcases meticulous attention to detail with premium materials, modern finishes, and a highly functional layout. Set on a 667 m² land plot with an impressive 574 m² building size, the property delivers space and comfort rarely found so close to Pererenan Beach. Despite its peaceful green surroundings, the villa enjoys excellent access to Pererenan, Canggu, Seseh/Munggu, and Denpasar.

📍 Location: Tiying Tutul / Tumbak Bayuh, Pererenan — upscale residential area
 🌴 Lifestyle: Beaches, cafés, dining, gyms & wellness within minutes

🏠 Villa Details
• Land Size: 667 m²
 • Building Area: 574 m²
 • Bedrooms:
  – 4 oversized ensuite bedrooms (all with bathtubs)
  – Master bedroom with walk-in closet
 • Bathrooms:
  – 7 bathrooms (main, guest & staff)
 • Design Style: Modern luxury with tropical elements
 • Living Areas:
  – Fully enclosed living, dining & kitchen area
  – Additional living / family TV room (upper level)
 • Kitchen:
  – Fully equipped main kitchen
  – Separate dirty kitchen & service area
 • Additional Spaces:
  – Open studio / office (ideal for remote work)
  – Storage room
  – Maid’s corner with separate access (laundry, staff bathroom)
 • Outdoor:
  – Large private swimming pool (51.6 m² | approx. 14 m length)
  – Sunken gazebo
  – Outdoor lounge with sunbeds & beanbags
  – Outdoor dining & seating area
  – Lush tropical garden
 • Balcony: Large balcony overlooking greenery
 • View: Garden & tropical green surroundings
 • Parking: Covered garage + motorbike parking
 • Furnishing: Fully furnished, turnkey
 • Utilities: Fiber optic internet, drilled well water, high electricity capacity
 • Floors: 2 levels
 • Year Built: 2021
 • Renovation: Full renovation completed in 2023
 • Construction Status: Finished & move-in ready
 • Ownership: Leasehold — until July 2059 (±33+ years)
 • Extension: Priority extension available

💰 Price & Ownership
📌 Leasehold – Finished Luxury Villa
💵 IDR 21,000,000,000
 (~USD 1,250,000 – reference only)
 All transactions in IDR. Other currencies for reference only.

Ideal for:
 • Luxury private family residence
 • High-end long-term or holiday rental
 • Buyers seeking space, quality & location security
 • Premium lifestyle investment in Pererenan

🌟 Lifestyle & Location Highlights
• Quiet, upscale residential enclave with strong prestige value
 • Only 10 minutes to Pererenan Beach
 • Close to top cafés, restaurants, gyms & wellness studios
 • Easy access to Canggu, Seseh/Munggu & Denpasar
 • Surrounded by modern luxury villas & green scenery
 • Excellent balance of privacy, space & connectivity

💼 Investment Potential
• Strong demand for large luxury villas in Pererenan
 • Rare combination of big land + large building size
 • Long lease until 2059 with extension priority
 • Ideal for premium rental or executive family living
 • High-quality renovation minimizes future capital expenditure

✨ Why This Villa?
🌿 Rare expansive land & building size near Pererenan
 🏡 Spacious 4-bedroom layout with multiple living zones
 📍 Prime Tiying Tutul / Tumbak Bayuh location
 🔑 Fully furnished, renovated & ready to move in
 📈 Strong lifestyle appeal + long-term investment security

📩 Contact us today to arrange a private viewing or receive the full brochure — luxury villas of this caliber in Pererenan are increasingly rare.",Property listing,1,1250000,0,,8 Degree
8D25178,Listing 8D25178,,Property listing,1,0,0,,8 Degree
8D25181,8D25181 - Casa Miko,"🌿 Modern Family Villa – Brand New 4BR Residence with Pool & Lifestyle Spaces in Babakan, Canggu ✨🏡
Discover refined tropical family living in Babakan, North Canggu — a peaceful residential enclave known for its greenery, wider roads, and proximity to Canggu’s vibrant lifestyle scene. This brand-new, fully furnished villa offers generous proportions, quality construction, and a functional layout designed for modern families or long-term living near Bali’s most desirable coastal hubs.
Completed in 2025, the villa blends modern sophistication with warm Balinese elements, featuring acid-wash marble flooring, natural wood finishes, and soft neutral tones that create a bright, welcoming atmosphere. Set on 400 m² of land with 400 m² of building, the home provides expansive indoor-outdoor living, multiple lifestyle spaces, and a turnkey setup ideal for comfortable residential use or premium rental investment.

📍 Location: Babakan, North Canggu — quiet residential pocket
 🌴 Lifestyle: Minutes to cafés, schools, beaches & Canggu hotspots

🏠 Villa Details
• Land Size: 400 m² (4 are)
 • Building Area: 400 m²
 • Bedrooms:
  – 4 spacious ensuite bedrooms
 • Bathrooms:
  – 4 ensuite bathrooms + guest powder room
 • Additional Rooms:
  – Private office
  – TV / cinema room
  – Gym / flexible multipurpose space
 • Design Style: Modern tropical luxury with natural finishes
 • Living & Dining:
  – Expansive fully enclosed living and dining area
  – Bright open layout facing pool & garden
 • Kitchen:
  – Dry kitchen
  – Large butler’s pantry
 • Service Areas:
  – Laundry room
  – Storage rooms
  – Separate service access
 • Outdoor:
  – 12.5-meter saltwater knife-edge swimming pool
  – Sun terrace & pool deck
  – Outdoor dining & lounge areas
  – Lush tropical landscaping
 • Parking: Secure parking for multiple vehicles
 • Furnishing: Fully furnished, turnkey
 • Utilities:
  – Air-conditioning throughout
  – Fiber optic internet
  – Ground water source
  – High electricity capacity (approx. 23,000 VA)
 • Floors: 2 levels
 • Year Built / Completion: 2025
 • Construction: Australian-standard build quality & durability
 • Zoning: Residential (PBG/SLF certified)
 • Ownership: Leasehold ±29 years (until around 2054)
 • Extension: Fixed-price extension option available (up to ±30 years)

💰 Price & Ownership
📌 Leasehold – Brand New Family Villa
💵 IDR 12,800,000,000
 (Reference price only — all transactions in IDR)

Ideal for:
 • Private family residence in Canggu
 • Long-stay expatriate living
 • Premium yearly rental
 • Buyers seeking turnkey modern homes in residential zones

🌟 Lifestyle & Location Highlights
• Peaceful residential environment ideal for families
 • 10–15 minutes to Canggu beaches
 • Close to cafés, restaurants & supermarkets
 • Easy access to Berawa, Batu Bolong, Echo Beach & Pererenan
 • Near international schools, gyms & wellness centers
 • Strong residential community with long-term demand

💼 Investment Potential
• Increasing demand for family homes in Babakan
 • Limited supply of large turnkey villas in residential zoning
 • Ideal for yearly rentals & long-term tenants
 • Strong appeal for expat families relocating to Canggu
 • Long lease + extension option ensures future value

✨ Why This Villa?
🌿 Quiet family-friendly location near Canggu hotspots
 🏡 Spacious 4-bedroom layout with office & cinema room
 🏊 12.5m saltwater pool with outdoor entertaining spaces
 🔑 Fully furnished & ready to move in
 📍 Strategic Babakan location with strong growth potential
 📈 Solid lifestyle investment with long-term rental appeal

📩 Contact us today to arrange a private viewing or receive the full brochure — quality family villas in Babakan at this price point are becoming increasingly rare.",Property listing,1,0,0,,8 Degree
8D25182,8D25182 - Djelantik House,"🌴 Modern Luxury 3BR Villa in Seminyak – Prime Freehold Residence & Investment Opportunity ✨🏡

Discover a brand-new luxury villa in the heart of Seminyak — one of Bali’s most prestigious residential and lifestyle destinations. Designed with contemporary architecture, premium facilities, and spacious multi-level living, this property offers an exceptional opportunity for both private residence and long-term investment.

Set within a strategic area near Dewi Sri, the villa blends privacy, comfort, and high-end amenities including wellness facilities, lift access, and resort-style outdoor spaces. With only limited units available and freehold ownership options, this is a rare chance to secure a premium asset in central Bali.

📍 Location: Dewi Sri, Seminyak – strategic urban lifestyle area
🌴 Lifestyle: Close to beaches, shopping hubs & entertainment
🏗 Status: Brand new | Ready unit
🔑 Ownership: Freehold (selected units)

🏠 Villa Details

• Land Size: ±315–352 m²
• Building Area: ±553–560 m²
• Bedrooms:
 – 3 spacious bedrooms
• Bathrooms:
 – 3 ensuite bathrooms
• Floors: 3 levels
• Living & Dining:
 – Enclosed living room
 – Dining area
• Kitchen:
 – Fully equipped kitchen
• Work Space:
 – Dedicated working room / study
• Outdoor:
 – Private swimming pool
 – Shallow pool
 – Jacuzzi
• Wellness & Facilities:
 – Gym
 – Sauna (selected units)
 – Cold plunge (selected units)
 – Lift access
• Features:
 – Full furnish
 – High ceilings & modern finishes
 – Carport parking

💰 Price & Ownership

📌 Freehold Luxury Villa – Seminyak

💵 IDR 17,800,000,000 – 20,800,000,000
(Reference price only — all transactions in IDR)

🌟 Lifestyle & Location Highlights

• 10 minutes to Ngurah Rai International Airport
• 1–3 minutes to Krisna Oleh-Oleh
• 20 minutes to Atlas Beach Club
• 15 minutes to Seminyak Beach
• 10 minutes to Kuta Beach
• Surrounded by restaurants, shopping & lifestyle hubs
• Strategic central Bali location with easy connectivity

💼 Investment Potential

• Freehold ownership in a prime Seminyak zone
• Limited availability of large modern villas in central Bali
• Strong demand for luxury residential and rental properties
• Ideal for long-term capital appreciation
• Suitable for private residence, executive rental, or luxury holiday stays
• High-value property within established tourism infrastructure

✨ Why This Property?

🌴 Prime Seminyak location near lifestyle hotspots
🏡 Spacious 3-bedroom luxury design across three floors
🏊 Private pool, jacuzzi & wellness facilities
🔑 Fully furnished ready-to-move investment
📍 Strategic central Bali access to airport & beaches
📈 Strong long-term value in Bali’s premium residential area

📩 Contact us for full details, unit availability, or to arrange a private viewing — modern freehold luxury villas in Seminyak with this scale and facilities are limited and highly sought after.",Property listing,1,0,0,,8 Degree
8D25183,8D25183 - Anwa Cove Villa,"🌴 Luxury Mediterranean 6BR Villa in Umalas – Prime Freehold Family Residence & Investment Opportunity ✨🏡

Discover a brand-new Mediterranean-style luxury villa in the heart of Umalas — a prestigious residential enclave perfectly positioned between Seminyak and Canggu. Designed for privacy, comfort, and upscale tropical living, this expansive three-storey home offers premium construction quality, resort-style facilities, and a secure gated environment ideal for families or long-term investment.

Located within an exclusive gated complex of only four villas with 24/7 security, infrared camera systems, and controlled access, the property combines tranquility with connectivity. Just minutes from Canggu beaches, cafés, schools, and shopping areas, it offers a rare balance of peaceful living and lifestyle convenience.

📍 Location: Umalas – quiet premium residential area
🌴 Lifestyle: Close to Canggu beaches, cafés & international schools
🏗 Status: Brand new | Completed 2023
🔑 Ownership: Freehold (SHM)

🏠 Villa Details

• Land Size: 267 m²
• Building Area: 430 m² under-roof
• Bedrooms:
 – 6 bedrooms total
 – 4 master bedrooms with ensuite bathrooms
 – 2 guest bedrooms
• Bathrooms:
 – Ensuite bathrooms + guest toilet
• Floors: 3 levels
• Living & Dining:
 – Spacious enclosed living room
 – Sunken lounge area
 – Dining space connected to outdoor area
• Kitchen:
 – Fully equipped dry kitchen
 – Separate wet kitchen
• Outdoor:
 – Large swimming pool & outdoor area
 – Wrap-around balcony on first floor
 – Third-floor entertainment deck with jacuzzi & BBQ area
• Security & Infrastructure:
 – Gated complex with 24/7 security guards
 – Infra-red camera system throughout the compound
 – Boom gate entry system
 – Hidden security room with alarm & monitoring system
• Features:
 – Fully furnished & professionally interior designed
 – Premium lighting systems throughout
 – High-quality appliances
 – Drinkable filtered & softened water system
 – Fully equipped laundry with washer & dryer
 – Storage & service room
• Parking:
 – Double garage with remote roller door

💰 Price & Ownership

📌 Freehold Luxury Mediterranean Villa – Umalas

💵 IDR 15.750.000.000,-
(Reference price only — all transactions in IDR)

🌟 Lifestyle & Location Highlights

• Quiet end-of-street location with high privacy
• Easy shortcut access to Canggu beaches
• Close to cafés, restaurants & lifestyle destinations
• Near shopping centres & daily conveniences
• Surrounded by premier international schools
• Strategic location between Seminyak and Canggu

💼 Investment Potential

• Freehold villa in one of Bali’s most desirable residential zones
• Ideal for family living or executive residence
• Suitable for yearly and long-term rental market
• Strong demand for large 5–6 bedroom villas in Umalas area
• High construction quality by experienced developer
• Long-term capital appreciation in established neighborhood

✨ Why This Property?

🌴 Prime Umalas residential location near Canggu & Seminyak
🏡 Spacious 6-bedroom Mediterranean design across three floors
🏊 Large pool, jacuzzi & rooftop entertainment area
🔐 Secure gated community with advanced security systems
🔑 Fully furnished, turnkey freehold investment
📈 Strong rental and resale potential in a premium Bali zone

📩 Contact us for full details, availability, or to arrange a private viewing — freehold Mediterranean villas of this scale and quality in Umalas are limited and highly sought after.",Property listing,1,0,0,,8 Degree
8D25184,Listing 8D25184,,Property listing,1,0,0,,8 Degree
8D25186,8D25186 - Tiiiga San Villa,"🌴 Modern 3BR Villa in Pererenan – Prime Beachside Investment & Residential Opportunity ✨🏡
Discover a contemporary three-bedroom villa in the heart of Pererenan — one of Bali’s most desirable and fast-growing coastal neighborhoods. Designed with modern architecture, generous living proportions, and flexible open or enclosed spaces, this three-level residence offers both comfortable family living and strong rental investment potential.
Situated in a peaceful residential pocket on the beachside of Pererenan, the villa is just a short 9-minute drive to the beach and moments from trendy cafés, restaurants, boutique shops, and lifestyle hotspots. Whether you’re seeking a private residence, holiday home, or income-generating property, this villa delivers location, design, and long-term value.
📍 Location: Pererenan – Beachside residential area
 🌊 Lifestyle: Close to beaches, cafés & vibrant Canggu scene
 🏗 Status: Brand new
 🔑 Ownership: Freehold | Leasehold 28 years
🏠 Villa Details
• Land Size: 200 m² (2 Are)
 • Building Area: 280 m²
 • Bedrooms:
  – 3 spacious bedrooms
  – All with ensuite bathrooms
 • Bathrooms:
  – 3 ensuite bathrooms
  – Powder room
  – Guest toilet
 • Floors: 3 levels
 • Living & Dining:
  – Spacious enclosed living room
  – Flexible open / enclosed dining area
  – Wide glass windows for natural light
 • Kitchen:
  – Modern open / enclosed kitchen
 • Outdoor:
  – 22 m² private swimming pool
  – Garden area
  – Poolside terrace
  – Outdoor shower
 • Additional Spaces:
  – Storage room
  – Rooftop area (selected layout)
 • Features:
  – Fully furnished
  – 3 Air conditioners
  – 22,000 watt electricity
  – Fiber optic internet
  – Drilled well water source
 • Parking:
  – Private garage
💰 Price & Ownership
📌 Freehold – Pererenan Beachside
 💵 IDR 9.300.000.000
📌 Leasehold (28 Years)
 💵 IDR 6.500.000.000
(Reference price only — all transactions in IDR)
🌟 Lifestyle & Location Highlights
• 9 minutes to Pererenan Beach
 • Easy access to Canggu cafés & restaurants
 • Close to boutique shops & lifestyle destinations
 • Located in a quiet yet strategic residential area
 • Strong expat and long-term rental community
 • One of Bali’s fastest-growing coastal investment zones
💼 Investment Potential
• Beachside Pererenan location with high rental demand
 • Ideal for short-term holiday rental or long-term lease
 • Modern 3-bedroom layout highly attractive for families
 • Flexible open / enclosed living concept
 • Freehold and leasehold options available
 • Strong capital appreciation in Pererenan area
✨ Why This Property?
🌴 Prime Pererenan beachside location
 🏡 Modern 3-bedroom design across three levels
 🏊 Private 22 m² pool with garden & terrace
 🔑 Fully furnished and ready to move in
 📍 Minutes from beach & Canggu hotspots
 📈 Excellent rental and resale potential
📩 Contact us for full details, availability, or to arrange a private viewing — modern beachside villas in Pererenan with this pricing are increasingly limited.",Property listing,1,0,0,,8 Degree
8D25187,8D25187 - Predmet Villa Babakan,,Property listing,1,0,0,,8 Degree
8D25188,Listing 8D25188,,Property listing,1,0,0,,8 Degree
8D25189,Listing 8D25189,,Property listing,1,0,0,,8 Degree
8D25190,8D25190 - Edara Villa Seminyak,"🌿 Japanese-Inspired 3BR Villa in Seminyak – Prime Lifestyle & Turnkey Investment Opportunity ✨🏡

Experience the pinnacle of sophisticated island living in this architect-designed Japanese-inspired villa, perfectly positioned in the heart of Seminyak. Blending contemporary tropical elegance with authentic Japanese philosophy, the property creates a serene, neutral sanctuary just minutes from Bali’s best restaurants, boutiques, cafés, and the beach.

Built in 2023 and designed with a focus on natural materials, texture, and light, this single-level masterpiece sits on generous land and is currently operating as a successful rental business with strong forward bookings — making it ideal for both personal enjoyment and immediate income generation.

📍 Location: Prime central Seminyak
🌴 Lifestyle: Walking distance to dining, boutiques & beach
🏗 Year Built: 2023
🔑 Ownership: Leasehold – 31 Years
📄 Certificates: Akta | PBG/SLF
🏘 Zoning: Residential
🏡 Business: Active Airbnb operation with existing bookings

🏠 Villa Details

• Land Size: 600 m² (6 Are)
• Building Size: 300 m²
• Level: 1
• Bedrooms:
 – 3 spacious bedrooms
 – Each with private ensuite bathroom
• Bathrooms:
 – 3 spa-style bathrooms
 – Bathtub
 – Rain showers (hot & cold)
 – Guest toilet
• Views: Garden & Pool

Living & Design Concept

• Dramatic sunken lounge area
• Open-plan dining space
• Large sliding wooden glass doors for seamless indoor–outdoor flow
• Soaring timber ceilings
• Floor-to-ceiling glass walls inviting natural light
• Handmade terrazzo floors in living areas
• Natural wood flooring in bedrooms
• Terracotta finishes in bathrooms
• Earth tones, clay textures & stone elements throughout
• Designed to evoke traditional Japanese architecture

Kitchen & Entertainment

• Fully equipped open kitchen
• Oven, stove & fridge
• Wine chiller
• BBQ grill
• Outdoor kitchen & bar area
• Outdoor dining space

Outdoor Features

• Private swimming pool
• Landscaped tropical garden
• Sun loungers
• Private parking for 1 car

Infrastructure & Comfort

• Fully furnished (custom handmade furniture by local artisans)
• King Koil mattresses
• AC in every bedroom
• TVs & wardrobes in all rooms
• Energy-efficient systems
• Modern infrastructure

💰 Price & Ownership

📌 Leasehold 31 Years – Prime Seminyak

💵 IDR 13.125.000.000
💵 USD 780,600

(Reference price only — all transactions in IDR)

🌟 Lifestyle & Location Highlights

• Walking distance to Seminyak’s top restaurants & cafés
• Close to boutiques, spas & supermarkets
• Only minutes to Seminyak Beach
• Easy access to beach clubs & entertainment venues
• High-demand short-term rental location
• One of Bali’s most established lifestyle destinations

💼 Investment Potential

• 31-year lease in premium Seminyak location
• Active and running Airbnb business
• Strong occupancy history with future reservations
• High ROI potential in Bali’s most sought-after rental market
• Fully furnished & turnkey ready
• Ideal for holiday rental or luxury private residence
• Large 6-are land size — rare in central Seminyak

✨ Why This Property?

🌿 Unique Japanese-inspired architectural concept
🏡 Single-level 3BR design on 600 m² land
🏊 Private pool with lush tropical garden
🛋 Dramatic sunken lounge & designer finishes
📍 Prime walkable Seminyak location
🔑 Turnkey investment with ongoing bookings
📈 Strong rental demand & long-term value

📩 Contact us for full financial projections, booking history, or to arrange a private viewing — premium Japanese-inspired villas in central Seminyak with large land size and active rental income are extremely limited.",Property listing,1,780600,0,,8 Degree
8D25191,8D25191 - Aruna Ungasan,"🌊 Ocean View Designer Villas in Ungasan – Luxury Freehold Investment Near Bali’s Southern Cliffs ✨🏡
Experience a new standard of elevated coastal living in Ungasan, located on the breathtaking Bukit Peninsula of southern Bali. This exclusive villa enclave is perched on the limestone cliffs overlooking the vast Indian Ocean, offering uninterrupted ocean views, refreshing sea breezes, and unforgettable golden sunsets.
Designed with sophisticated contemporary architecture, the villas seamlessly combine luxury living with the natural beauty of Bali’s southern coastline. Large floor-to-ceiling windows flood the interiors with natural light while framing dramatic ocean vistas, creating a calm and refined atmosphere throughout the home.
The development features two elegant villa types, thoughtfully designed to maximize views, privacy, and comfort. Whether choosing the intimate two-bedroom horizon suite or the expansive three-bedroom ocean estate, each villa offers a seamless indoor-outdoor lifestyle ideal for private living or luxury rental investment.
Situated only minutes from Bali’s iconic southern beaches, including the stunning cliffs of Melasti Beach and the white sands of Pandawa Beach, the location combines exclusivity with easy access to beach clubs, golf courses, and world-class resorts.
📍 Location: Prime Ungasan – Bukit Peninsula, Bali
 🌴 Lifestyle: Cliffside ocean living with sunset views
 🏗 Completion: Estimated 2027 (new development)
 🔑 Ownership: Freehold (SHM) or Leasehold up to 60 years
 📄 Permit: Building permit in progress
 🏘 Environment: Luxury villa enclave near Bali’s southern beaches
🏠 Villa Types & Details
Type A – 3 Bedroom Ocean Estate
• Land Size: approx. 144 – 154 m²
 • Building Size: 206 m²
 • Levels: 2 floors + basement
 • Bedrooms:
  – 3 spacious ensuite bedrooms
 • Bathrooms:
  – 3 ensuite bathrooms
  – 1 guest powder room
 • Additional Spaces:
  – Laundry room
  – Carport for 1 car
 • View: Ocean and sunset views
Layout
Basement
 • Laundry room
 • Carport for 1 car
First Floor
 • 3 bedrooms with ensuite bathrooms
 • Small garden
Second Floor
 • Living room
 • Dining area
 • Modern kitchen
 • Powder room
 • Private swimming pool
 • Terrace with ocean views
Type B – 2 Bedroom Horizon Suite
• Land Size: approx. 102 – 184 m²
 • Building Size: 136 m²
 • Levels: 2 floors + rooftop
 • Bedrooms:
  – 2 bedrooms with ensuite bathrooms
 • Bathrooms:
  – 2 ensuite bathrooms
  – 1 guest powder room
 • View: Ocean view
Layout
First Floor
 • Living room
 • Dining area
 • Modern kitchen
 • Guest powder room
 • Private swimming pool
 • Pool deck
 • Carport for 1 car
Second Floor
 • 2 bedrooms with ensuite bathrooms
Rooftop
 • Private rooftop terrace
 • Ideal sunset and ocean viewing area
Living & Interior Design
• Contemporary tropical architecture
 • Floor-to-ceiling glass windows
 • Open and airy interior spaces
 • Natural limestone textures and elegant finishes
 • Seamless indoor-outdoor living concept
 • Designed for privacy and panoramic views
Outdoor Features
• Private infinity-style swimming pools
 • Sun deck and outdoor lounge area
 • Ocean-facing terraces
 • Rooftop lounge (Type B)
 • Sunset viewing areas
Infrastructure & Comfort
• Fully furnished interiors
 • Electricity capacity: approx. 7,700 W
 • Centralized deep well water system
 • Modern kitchen and dining areas
 • Carport parking
 • Brand-new construction with modern infrastructure
💰 Price & Ownership
📌 Ocean View Villas – Ungasan, Bali
💵 Type A – 3 Bedroom Villa
 Price from IDR 8,088,000,000 – IDR 8,700,000,000
💵 Type B – 2 Bedroom Villa
 Price from IDR 5,977,000,000 – IDR 8,450,000,000
🔑 Ownership Options:
 • Freehold (SHM)
 • Leasehold up to 60 years
(Prices exclude 11% VAT where applicable.)
🌟 Lifestyle & Location Highlights
• Located on the scenic cliffs of Bukit Peninsula
 • Minutes to Pandawa Beach and Melasti Beach
 • Close to luxury resorts and beach clubs including Bulgari Resort Bali
 • Short drive to golf courses and lifestyle venues in southern Bali
 • Peaceful environment compared with busier areas like Canggu or Seminyak
 • Elevated position with constant ocean breezes
💼 Investment Potential
• Prime ocean-view location on Bali’s southern cliffs
 • Strong demand for luxury short-term rentals
 • High rental potential due to panoramic ocean views
 • Growing luxury villa market in Ungasan and Pandawa
 • Turnkey investment suitable for private use or holiday rental
✨ Why This Property?
🌊 Panoramic Indian Ocean views
 🏝 Prime Bukit Peninsula cliffside location
 🏡 Choice of 2BR or 3BR luxury villa layouts
 🏊 Private pools with ocean-facing terraces
 🌅 Spectacular sunset views from rooftop or terrace
 🔑 Freehold ownership available
 📈 High demand for luxury cliffside rental villas
📩 Contact us for full details, availability, or a private site inspection — ocean-view villas in Ungasan with freehold titles are rare and highly desirable in Bali’s luxury property market.",Property listing,1,0,0,,8 Degree
8D25192,8D25192 - Casa Bella 2,"🌴 Modern Luxury 3BR Villa in Berawa – Prime Freehold or Leasehold Investment Opportunity ✨🏡

Discover a newly completed modern luxury villa located in the highly sought-after Berawa area of Canggu. Designed with premium materials, contemporary architecture, and thoughtful spatial planning, this property offers an ideal balance between stylish tropical living and strong investment potential.

Completed in February 2026, the villa features a spacious multi-level layout with enclosed living areas, high-end finishes, and sound-insulated interiors thanks to premium double-glazed UPVC doors and windows. Positioned on a naturally elevated plot, the property benefits from excellent airflow, added privacy, and beautiful sunset sky views.

Located close to the beach, supermarkets, gyms, and popular dining venues, this villa is perfectly suited for private residence, holiday home, or high-yield rental investment in one of Bali’s most established lifestyle destinations.

📍 Location: Prime Berawa – Canggu
🌴 Lifestyle: Beachside cafés, fitness hubs & lifestyle venues
🏗 Year Built: Completed 3 February 2026
🔑 Ownership: Freehold (SHM) or Leasehold – 25 Years
📄 Permit: PBG Pondok Wisata (Tourist Lodge) – suitable for villa rental operation
🏘 Zoning: Tourism / residential compatible use

🏠 Villa Details

• Land Size: 200 m² (2 Are)
• Building Size: 370 m²
• Levels: 2 floors
• Bedrooms:
 – 3 spacious ensuite bedrooms
• Bathrooms:
 – 3 ensuite bathrooms
 – 1 powder room
• View: Sunset sky views

Living & Interior Design

• Fully enclosed living room
• Spacious dining area
• Modern contemporary architecture
• Large windows for natural lighting
• Elevated plot ±160 cm above road level for natural airflow
• Premium construction with high-quality finishing

Kitchen & Indoor Living

• Modern fully equipped kitchen
• Integrated dining space
• Designed for comfortable daily living and entertaining

Outdoor Features

• Private swimming pool (4 × 7 meters)
• Poolside relaxation area
• Balcony spaces
• Sunset-facing outdoor areas

Infrastructure & Comfort

• Fully furnished luxury interiors
• Double-glazed UPVC doors and windows for soundproofing and thermal insulation
• Maid’s quarters
• Storage room
• Laundry room
• Spacious parking area for multiple vehicles
• Electricity capacity: 7,700 W

💰 Price & Ownership

📌 Modern Villa – Berawa, Canggu

💵 Freehold (SHM): IDR 7,300,000,000 (Negotiable)
💵 Leasehold 25 Years: IDR 6,970,000,000 (Negotiable)

(Reference price only — all transactions in IDR)

🌟 Lifestyle & Location Highlights

• Approximately 1.5 km to Berawa Beach
• 500 m to Pepito & Prestige Supermarkets
• 300 m to local wet market
• 300 m to Alpha Gym and fitness centers
• Surrounded by cafés, restaurants, and boutiques
• Located in one of Bali’s most popular lifestyle destinations in Canggu

💼 Investment Potential

• Prime Berawa location with strong rental demand
• PBG Pondok Wisata license allowing legal villa rental operation
• Ideal for Airbnb or holiday rental business
• Freehold option available — rare in Berawa area
• High demand from digital nomads and lifestyle travelers
• Ready unit with immediate rental potential

✨ Why This Property?

🌴 Prime Berawa location near beach & lifestyle venues
🏡 Spacious 370 m² building on 200 m² land
🏊 Private 4 × 7 meter swimming pool
🔇 Premium double-glazed windows for sound insulation
📍 Elevated plot for airflow & privacy
🔑 Ready-to-operate villa with Pondok Wisata permit
📈 Strong rental yield potential in Canggu’s top area

📩 Contact us for full details, rental projections, or to arrange a private viewing — modern villas with freehold options in Berawa are limited and highly sought after.",Property listing,1,0,0,,8 Degree
8D25193,8D25193 - Casa Bella 1,"🌴 Modern Luxury 3BR Villa in Berawa / Parq Area, Canggu – Prime Freehold or Leasehold Investment Opportunity ✨🏡

Discover a brand-new modern luxury villa located in the highly desirable Berawa–Parq area of Canggu. Designed with contemporary tropical architecture and premium construction quality, this villa offers the perfect balance between comfortable island living and strong investment potential.

Completed in September 2025, the property features spacious interiors, elegant ensuite bedrooms, and high ceilings that allow natural light to flow throughout the home. The villa is thoughtfully positioned on an elevated plot approximately 160 cm above road level, enhancing privacy while creating excellent natural airflow — a rare advantage in the popular Berawa neighborhood.

Situated only minutes from the beach and surrounded by cafés, restaurants, supermarkets, and fitness centers, this property is ideal as a private residence, luxury holiday home, or high-performing rental investment in one of Bali’s most vibrant lifestyle destinations.

📍 Location: Prime Berawa / Parq Area – Canggu
🌴 Lifestyle: Beach clubs, cafés, gyms & lifestyle venues nearby
🏗 Year Built: Completed 10 September 2025
🔑 Ownership: Freehold (SHM) or Leasehold – 25 Years
📄 Permit: PBG Pondok Wisata (Tourist Lodge) – suitable for villa rental operation
🏘 Zoning: Residential / Tourism compatible

🏠 Villa Details

• Land Size: 200 m² (2 Are)
• Building Size: 362 m²
• Levels: 2 floors
• Bedrooms:
 – 3 spacious ensuite bedrooms
• Bathrooms:
 – 3 ensuite bathrooms
 – 1 powder room
• View: Pool and sunset balcony views

Living & Interior Design

• Fully enclosed living room
• Elegant dining area
• Contemporary tropical architecture
• High ceilings and abundant natural light
• Elevated land ±160 cm above road level for improved airflow and privacy
• Premium construction and high-quality finishing

Kitchen & Indoor Living

• Fully equipped modern kitchen
• Integrated dining space
• Designed for comfortable everyday living and entertaining

Outdoor Features

• Private swimming pool (4 × 7 meters)
• Poolside relaxation terrace
• Balcony with sunset sitting area
• Tropical garden elements

Infrastructure & Comfort

• Fully furnished luxury interiors
• Maid’s quarters
• Storage room
• Guest powder room
• Spacious parking area for multiple vehicles
• Electricity capacity: 7,700 W
• Fiber optic internet available
• Private water source (drilled well)

💰 Price & Ownership

📌 Modern Villa – Berawa, Canggu

💵 Freehold (SHM): IDR 7,100,000,000
💵 Leasehold 25 Years: IDR 6,870,000,000

(Reference price only — all transactions are conducted in IDR)

🌟 Lifestyle & Location Highlights

• Approximately 1.5 km to Berawa Beach
• 500 m to Pepito & Prestige Supermarkets
• 300 m to local wet market
• 300 m to Alpha Gym and popular fitness centers
• Surrounded by cafés, restaurants, and boutiques
• Located in one of Bali’s most sought-after lifestyle areas in Berawa

💼 Investment Potential

• Prime Berawa location with strong rental demand
• PBG Pondok Wisata permit allowing legal villa rental operation
• Ideal for Airbnb or holiday rental investment
• Freehold option available — rare in Berawa area
• High demand from digital nomads and lifestyle travelers
• Turnkey property ready for immediate use or rental

✨ Why This Property?

🌴 Prime Berawa / Parq location near beach & lifestyle venues
🏡 Spacious 362 m² villa on 200 m² land
🏊 Private 4 × 7 meter swimming pool
🌅 Balcony sitting area with sunset views
📍 Elevated plot for privacy & natural airflow
🔑 Fully furnished and ready to operate
📈 Excellent rental yield potential in Canggu

📩 Contact us for full details, rental projections, or to arrange a private viewing — modern villas with freehold options in Berawa are limited and highly sought after.",Property listing,1,0,0,,8 Degree
8D25194,8D25194 - David Villa Seseh,"🌴 Modern 3BR Tropical Villa in Seseh – Spacious Garden Retreat Near Canggu ✨🏡
Experience tranquil tropical living in this beautifully designed 3-bedroom villa located in the peaceful village of Seseh–Munggu, one of Bali’s emerging residential areas just minutes from the vibrant lifestyle hub of Canggu. Surrounded by lush rice fields and natural landscapes, the property offers a serene environment while still maintaining convenient access to cafés, restaurants, and beaches.
Completed in 2025, this modern tropical villa blends contemporary architecture with authentic Balinese charm. Built on a generous 500 m² plot, the property features spacious interiors, elegant bedrooms with ensuite bathrooms, and bright living areas that seamlessly connect to the garden and swimming pool.
Designed for comfort and relaxation, the villa includes a beautifully landscaped outdoor space ideal for entertaining or enjoying Bali’s tropical climate. With its spacious layout, modern amenities, and peaceful surroundings, this villa is perfectly suited as a private residence, holiday home, or rental investment.
📍 Location: Seseh – Munggu, Badung, Bali
 🌴 Lifestyle: Peaceful village living near Canggu
 🏗 Year Built: 2025
 🔑 Ownership: Leasehold – Until May 2050
 📄 Permit: Residential villa
 🏘 Environment: Quiet residential and nature surroundings
🏠 Villa Details
• Land Size: 500 m² (5 Are)
 • Building Size: 250 m²
 • Levels: 1 floors (villa layout)
 • Bedrooms:
  – 3 spacious ensuite bedrooms
 • Bathrooms:
  – 3 modern bathrooms
 • View: Garden and pool views
Living & Interior Design
• Bright enclosed living room
 • Open-plan dining area
 • Contemporary tropical architecture with Balinese elements
 • Elegant hardwood and natural material finishes
 • Large windows allowing natural light and garden views
 • Comfortable and stylish interior design
Kitchen & Indoor Living
• Fully equipped modern kitchen
 • Kitchen set with refrigerator included
 • Integrated dining space for entertaining
 • Designed for both family living and guest hospitality
Outdoor Features
• Private swimming pool surrounded by lush greenery
 • Landscaped tropical garden
 • Outdoor patio for alfresco dining
 • Relaxation space with daybeds overlooking the pool
 • Ideal outdoor entertainment area
Infrastructure & Comfort
• Fully furnished and move-in ready
 • Reliable WiFi and cable TV
 • Secure parking / garage for 1 car and motorbikes
 • High-quality construction and finishes
 • Spacious outdoor and indoor living areas
💰 Price & Ownership
📌 Modern Tropical Villa – Seseh / Munggu
💵 USD 345,000 (reference price)
 💵 Approx. IDR 5,800,000,000,-
📄 Leasehold: Valid until 1 May 2050
(All transactions are conducted in IDR — other currencies are for reference only.)
🌟 Lifestyle & Location Highlights
• Located in the peaceful village of Seseh
 • Short drive to Seseh Beach
 • Approximately 10–15 minutes to Pererenan and Canggu
 • Surrounded by rice fields and natural landscapes
 • Close to cafés, grocery stores, and emerging dining spots
 • Peaceful alternative to busier tourist areas
💼 Investment Potential
• Growing popularity of Seseh–Munggu area among expats and long-stay visitors
 • Strong demand for peaceful villas near Canggu
 • Attractive ROI potential (approx. 11.88% forecast)
 • Ideal for Airbnb, long-term rentals, or holiday home
 • Spacious land size rare in the area
✨ Why This Property?
🌴 Large 500 m² land with tropical garden
 🏡 Spacious 250 m² modern villa
 🏊 Private swimming pool with outdoor relaxation area
 🌾 Peaceful rice field surroundings
 📍 Strategic location near Canggu lifestyle hub
 🔑 Fully furnished and ready to move in
 📈 Excellent rental and long-term investment potential
📩 Contact us for full details, rental projections, or to arrange a private viewing — spacious villas in Seseh with large land sizes are increasingly rare and highly sought after.",Property listing,1,345000,0,,8 Degree
8D25195,8D25195 - Casa Oasis Villa,"🌊 Ocean View 2BR Designer Villa in Seseh – Walk to Beach Luxury Investment Opportunity ✨🏡

Experience refined coastal living in this beautifully designed ocean-view villa located in the charming seaside village of Seseh. Just a short walk from the beach, this property blends modern Mediterranean and Moroccan-inspired architecture with contemporary tropical comfort, creating a unique and stylish island retreat.
Completed with high-quality construction and thoughtfully crafted design, the villa offers spacious interiors filled with natural light, elegant curves, warm textures, and panoramic rooftop ocean views. The property rises across three levels, culminating in a rooftop terrace with gazebo where breathtaking sunsets and ocean views create the perfect setting for relaxation or entertaining.
Located only minutes from the beach and surrounded by Bali’s emerging luxury coastal community, this villa offers an ideal balance between private lifestyle living and strong rental investment potential.

📍 Location: Prime Beachside Seseh – Bali
 🌴 Lifestyle: Walk to beach, peaceful coastal village living
 🏗 Year Built: 2026 (brand-new villa development)
 🔑 Ownership: Leasehold – 24 Years
 📄 Permit: Building permit in process / suitable for villa operation
 🏘 Zoning: Tourism area

🏠 Villa Details
• Land Size: 140 m² (1.4 Are)
 • Building Size: approx. 229 – 230 m²
 • Levels: 3 floors including rooftop terrace
 • Bedrooms:
  – 2 spacious ensuite bedrooms
 • Bathrooms:
  – 2 ensuite bathrooms
  – 1 guest powder room (approx. 2.5–3 bathrooms total)
 • View: Ocean and pool views
Living & Interior Design
• Enclosed living room for comfort and privacy
 • Elegant dining area
 • Contemporary Mediterranean & Moroccan-inspired architecture
 • High ceilings and large windows for natural light
 • Designer curves, warm textures, and unique architectural elements
 • Crafted by an award-winning architect and builder
Kitchen & Indoor Living
• Fully equipped modern kitchen
 • Integrated dining space
 • Designed for both everyday living and guest hospitality
Outdoor Features
• Private swimming pool
 • Poolside relaxation terrace
 • Rooftop terrace with gazebo
 • Panoramic ocean and sunset views
 • Balcony and outdoor lounge areas
Infrastructure & Comfort
• Fully furnished and move-in ready
 • 3 air-conditioning units
 • Electricity capacity: 23,000 W
 • Fiber optic internet available
 • Private drilled well water source
 • Covered parking for motorcycles
 • Storage areas

💰 Price & Ownership
📌 Ocean View Villa – Seseh Beachside
💵 USD 340,000 (reference price)
 💵 Approx. IDR 5,504,070,000
📄 Leasehold: 24 Years
(All transactions are conducted in IDR — other currencies are for reference only.)

🌟 Lifestyle & Location Highlights
• Only 300 meters walk to Seseh Beach
 • Peaceful coastal village atmosphere
 • Surrounded by boutique villas and beachside residences
 • Short drive to Canggu cafés, restaurants, and beach clubs
 • Located in one of Bali’s fastest-growing coastal investment areas
 • Ideal mix of tranquility and accessibility

💼 Investment Potential
• Prime emerging beachside location
 • Ocean view rooftop — highly desirable for rentals
 • Walk-to-beach location increases rental demand
 • Unique architectural style stands out on rental platforms
 • Ideal for Airbnb or boutique holiday rental operation
 • Limited beachside development available in Seseh

✨ Why This Property?
🌊 Rooftop ocean and sunset views
 🏝 Only 300 meters walk to Seseh Beach
 🏡 Unique Mediterranean & Moroccan-inspired architecture
 🏊 Private swimming pool with tropical terrace
 🌅 Rooftop gazebo entertainment area
 📍 Prime beachside location near Canggu
 📈 Strong rental appeal in emerging luxury area

📩 Contact us for full details, rental projections, or to arrange a private viewing — beachside villas with ocean views in Seseh are limited and increasingly sought after.",Property listing,1,340000,0,,8 Degree
8D2502,8D2502 - Semilir Villa Cemagi,"🌾 Luxury 3BR Rice Field View Villa Near Mengening Beach – Exclusive Freehold Villa in Cemagi ✨🏡

Discover a beautifully designed modern villa located in the peaceful coastal village of Cemagi, one of Bali’s emerging premium residential areas favored by expatriates and property investors. Just a short 3-minute walk (approximately 200 meters) from Mengening Beach, this villa offers a rare combination of rice field tranquility and close proximity to the ocean.
Designed with contemporary tropical architecture, the property blends modern aesthetics with functional living spaces. Large open areas, elegant interiors, and thoughtful layouts create a bright and comfortable environment ideal for both private living and rental investment.
Surrounded by luxury villas and natural landscapes, this property offers the perfect balance between serenity and accessibility. With easy access to nearby lifestyle hubs such as Canggu and the iconic Tanah Lot Temple, the villa provides an exceptional opportunity for both lifestyle buyers and investors seeking long-term value in Bali’s growing coastal market.

📍 Location: Prime Beachside Cemagi – Bali
 🌴 Lifestyle: Quiet coastal living with rice field views
 🏗 Style: Modern tropical architecture
 🔑 Ownership: Freehold (SHM)
 📄 Legal Documents: SHM + SLF (Building Permit)
 🏘 Environment: Luxury villa neighborhood

🏠 Villa Details
• Land Size: 250 m²
 • Building Size: 238 m²
 • Levels: 2 floors
 • Facing Direction: North
 • Bedrooms:
  – 3 bedrooms with ensuite bathrooms
 • Bathrooms:
  – 3 ensuite bathrooms
  – 1 guest toilet
 • Additional Room:
  – 1 staff room with bathroom
 • View: Peaceful rice field views
Living & Interior Design
• Spacious living and dining area
 • Modern tropical architectural design
 • Bright interiors with natural airflow
 • Elegant and functional layout
 • Comfortable atmosphere ideal for relaxation or remote work
Kitchen & Indoor Living
• Fully equipped modern kitchen
 • Kitchen set included
 • Pantry area
 • Laundry space
Outdoor Features
• Private swimming pool
 • Relaxation terrace
 • Open views toward lush rice fields
 • Tropical outdoor ambiance
Infrastructure & Comfort
• Fully furnished – move-in ready
 • Carport for 2 cars
 • 5-meter wide paved road access
 • Staff quarters with bathroom
 • Complete legal documentation (SHM + SLF)

💰 Price & Ownership
📌 Luxury Rice Field View Villa – Cemagi
💵 IDR 9,000,000,000 (Negotiable)
(Fully furnished with complete legal documentation.)

🌟 Lifestyle & Location Highlights
• Only 200 meters walking distance to Mengening Beach
 • Peaceful rice field surroundings
 • Located in an exclusive villa neighborhood in Cemagi
 • Short drive to cafés, restaurants, and beach clubs in Canggu
 • Close to the famous sunset destination Tanah Lot Temple
 • Ideal combination of coastal lifestyle and nature

💼 Investment Potential
• Prime beachside location with increasing property demand
 • Walking distance to the beach — strong rental appeal
 • Growing popularity of Cemagi among expats and long-stay visitors
 • Ideal for Airbnb, holiday rental, or long-term leasing
 • Rare freehold villa near the beach in a rapidly developing area

✨ Why This Property?
🌊 Only 3-minute walk to Mengening Beach
 🌾 Beautiful rice field views for peaceful living
 🏡 Spacious 238 m² modern villa on 250 m² land
 🏊 Private swimming pool and outdoor relaxation space
 📍 Located in the exclusive Cemagi coastal area
 🔑 Freehold ownership with complete legal documents
 📈 Excellent lifestyle property with strong rental potential

📩 Contact us for full details or to arrange a private viewing — freehold villas within walking distance to the beach in Cemagi are rare and highly sought after.",Property listing,1,0,0,,8 Degree
8D25196,8D25196 - Villa Serena Saba,"🌴 Brand New Freehold Villa Complex Near Saba Beach – Modern Tropical Investment Opportunity ✨🏡
Discover a rare opportunity to own two brand-new fully furnished villas in the peaceful coastal village of Saba. Located only a 2-minute walk from Saba Beach, this modern tropical villa complex offers an exceptional combination of comfortable island living and strong rental investment potential.
Designed with contemporary tropical architecture, the villas feature spacious interiors, elegant finishes, and high-quality materials. Each villa is thoughtfully designed with bright enclosed living areas, stylish kitchens, and comfortable bedrooms, while the outdoor space includes a large shared swimming pool, lush garden, and relaxing cabana.
Positioned between several major lifestyle destinations, the property enjoys excellent connectivity—just a short drive to Sanur, Denpasar, and the cultural center of Ubud. The nearby Flamingo Beach Club is also only 500 meters away, making this an attractive location for both lifestyle buyers and investors.
📍 Location: Saba Beach – Gianyar, Bali
 🌴 Lifestyle: Beachside tropical living in a quiet coastal village
 🏗 Condition: Brand-new villas – ready to move in
 🔑 Ownership: Freehold (SHM)
 📄 Legal Documents: PBG + SLF (complete building permits)
 🏘 Environment: Peaceful residential area near the beach
🏠 Villa Complex Details
• Total Land Size: approx. 220 m² (actual ±250 m²)
 • Total Building Size: approx. 250 m²
 • Number of Villas: 2 units within one complex
 • Levels: 2 floors (mezzanine style)
 • Bedrooms: 3 total bedrooms across both villas
 • Bathrooms: 4 bathrooms
 • View: Garden and pool views
Villa 1 – 1 Bedroom Mezzanine Villa
First Floor
• Enclosed living room with sofa, coffee table, TV console, and 50” LG TV
 • Air conditioning (2 PK)
 • Modern enclosed kitchen with island dining table
 • Dining area with 3 chairs
 • Stove, cooker hood, microwave, dispenser, and 2-door refrigerator
 • Guest toilet with cabinet
Second Floor
• Spacious master bedroom with wardrobe and dressing table
 • Ensuite bathroom featuring TOTO bathtub and standing shower
 • Echo-washer toilet and vanity cabinet
 • Balcony
Villa 2 – 2 Bedroom Mezzanine Villa
First Floor
• Enclosed living room with sofa, coffee table, TV console, and 50” LG TV
 • Fully equipped kitchen with island dining area
 • Modern bathroom with bathtub and shower
Second Floor
• 2 bedrooms with wardrobes and dressing tables
 • Balcony
🌿 Common Area & Facilities
• Large shared swimming pool
 • Cabana lounge area
 • Poolside sun chairs
 • Landscaped tropical garden
 • Security room
 • Carport for 2 cars and 4 motorbikes
 • CCTV security system
 • Water filtration system
 • High-speed WiFi
⚙ Infrastructure & Comfort
• Fully furnished villas
 • Premium sanitary fittings by TOTO
 • Granite tiles by NIRO
 • LG air-conditioning units
 • LG washing machine and dryer
 • LG refrigerators
 • Modena kitchen stoves and cooker hoods
 • Hot & cold water taps
 • Microwave ovens and dispensers
💰 Price & Ownership
📌 Villa Complex – Saba Beach, Gianyar
💵 Freehold Price:
 IDR 7,500,000,000 (Negotiable) for 2 villas
🔑 Ownership: Freehold (SHM)
Leasehold Options
• Yearly: IDR 450,000,000
 • 5 Years: IDR 2,000,000,000
 • 10 Years: IDR 3,000,000,000
 • 20 Years: IDR 4,500,000,000
 • 25 Years: IDR 5,000,000,000
🌟 Lifestyle & Location Highlights
• Only 2-minute walk to Saba Beach
 • 500 meters to Flamingo Beach Club
 • Approximately 12 km to Sanur beach
 • Easy access to Denpasar city center
 • Short drive to the cultural attractions of Ubud
 • Quiet residential area ideal for relaxation and privacy
💼 Investment Potential
• Rare two-villa complex sold together
 • Walking distance to the beach increases rental appeal
 • Ideal for Airbnb or boutique villa rental
 • Growing tourism development in Gianyar coastal area
 • Turnkey property ready for immediate rental operation
✨ Why This Property?
🏝 Only 2 minutes walk to Saba Beach
 🏡 2 brand-new fully furnished villas in one complex
 🏊 Large shared swimming pool with cabana
 🌿 Quiet tropical environment near beach clubs
 🔑 Freehold ownership with full permits (PBG + SLF)
 📈 Excellent rental potential in emerging coastal area
📩 Contact us for full details or to arrange a private viewing — beachside villas with freehold titles near Saba Beach are rare and highly attractive for investors and lifestyle buyers.",Property listing,1,0,0,,8 Degree
8D25197,8D25197 - ANH Villa Canggu,"🌴 Prime 4BR Villa in Batu Bolong, Canggu – Freehold or Leasehold High-Yield Investment Opportunity ✨🏡
Discover a prime investment opportunity in the heart of Batu Bolong, Canggu—one of Bali’s most dynamic and high-demand lifestyle destinations. This fully furnished 4-bedroom villa is perfectly positioned in a commercial (red zone) area, making it ideal for both residential living and profitable business operations such as villa rentals or boutique guesthouses.
Built across two floors with generous proportions and functional layout, the villa offers a seamless blend of comfort, practicality, and strong rental appeal. Surrounded by popular cafés, restaurants, and beach clubs, the property enjoys consistent demand from both tourists and long-term residents.
📍 Location: Prime Batu Bolong – Canggu, Bali
 🌴 Lifestyle: Walking distance to cafés, beach clubs & vibrant hotspots
 🏗 Condition: Well-maintained, ready to move in or operate
 🔑 Ownership: Freehold (SHM) or Leasehold – 30 Years
 🏘 Zoning: Red Zone (C1 Commercial) – ideal for rental business
🏠 Villa Details
• Land Size: 252 m²
 • Building Size: 308 m²
 • Levels: 2 floors
 • Bedrooms:
  – 4 spacious bedrooms
 • Bathrooms:
  – 5 bathrooms
 • View: Garden and pool views
🛋 Living & Interior Design
• Fully furnished with functional modern design
 • Enclosed living room for comfort and privacy
 • Spacious layout suitable for family or rental guests
 • Bright interiors with good natural airflow
 • Designed for both residential and commercial use
🍽 Kitchen & Indoor Living
• Fully equipped kitchen
 • Dedicated dining area
 • Comfortable layout for daily living or hosting guests
🌿 Outdoor Features
• Private swimming pool
 • Garden area
 • Relaxation space for guests or residents
 • Outdoor setting suitable for entertaining
⚙ Infrastructure & Comfort
• Fully furnished – move-in ready
 • Air conditioning units (5 AC)
 • Electricity capacity: 11,000 W
 • Water source: drilled well
 • Parking / garage area
 • Road access: 4-meter wide access
💰 Price & Ownership
📌 Prime Villa – Batu Bolong, Canggu
💵 Freehold (SHM): IDR 9,900,000,000
 💵 Leasehold 30 Years: IDR 8,900,000,000
(Reference price only — all transactions are conducted in IDR)
🌟 Lifestyle & Location Highlights
• Located in the heart of Batu Bolong – Canggu’s most popular area
 • Surrounded by top cafés, restaurants, and beach clubs
 • Minutes to Batu Bolong Beach
 • High-demand tourist and expat area
 • Strong infrastructure and ongoing development
 • Ideal balance between lifestyle and investment
💼 Investment Potential
• Rare red-zone (commercial) zoning in prime Canggu
 • Perfect for Airbnb, guesthouse, or rental villa business
 • High occupancy rates in Batu Bolong area
 • Strong capital appreciation potential
 • Ready-to-operate property
 • Consistent demand from short-term and long-term tenants
✨ Why This Property?
📍 Prime Batu Bolong location in Canggu
 🏡 4-bedroom spacious villa – ideal for rental business
 🏊 Private swimming pool with garden
 🏢 Commercial zoning (red zone) – flexible usage
 🔑 Freehold option available
 💼 Strong rental income potential
 📈 One of Bali’s highest-demand investment areas
📩 Contact us for full details, rental projections, or to arrange a private viewing — prime villas in Batu Bolong with commercial zoning are rare and highly sought after.",Property listing,1,0,0,,8 Degree
8D25198,8D25198 - Casa Noir Cemagi,"🌴 Luxury Designer 3BR Villa in Cemagi – Ocean & Rice Field View Investment Opportunity ✨🏡

Discover a rare luxury villa in the peaceful coastal village of Cemagi, one of Bali’s most exclusive emerging areas just minutes from Canggu. This architecturally striking residence blends bold modern design with serene natural surroundings—offering panoramic views of rice fields, ocean horizons, and sacred temple landscapes.
Completed in 2024, the villa sits on a generous 7-are plot and showcases a unique all-black contemporary design, combining refined minimalism with high-end lifestyle features. Designed for both private living and premium rental investment, the property delivers a seamless balance between luxury, comfort, and strong income potential.

📍 Location: Prime Cemagi – Greater Canggu, Bali
 🌴 Lifestyle: Coastal tranquility, rice fields & boutique beachside living
 🏗 Year Built: 2024 (brand-new modern villa)
 🔑 Ownership: Leasehold – Until April 2052 (extension available)
 📄 Permit: Suitable for residential & rental use
 🏘 Zoning: Residential / tourism compatible

🏠 Villa Details
• Land Size: 700 m² (7 Are)
 • Building Size: 240 m²
 • Levels: 2 floors
 • Bedrooms:
  – 3 spacious ensuite bedrooms
 • Bathrooms:
  – 3 ensuite bathrooms
  – 1 guest toilet
 • View: Ocean, rice field & garden views
🛋 Living & Interior Design
• Iconic all-black architectural design
 • Sunken living room with integrated video projector
 • Enclosed living area with seamless indoor-outdoor flow
 • High ceilings and large windows for natural light
 • Designer interiors with premium finishes and bespoke lighting
 • Retractable roof feature in master suite for open-sky experience
 • Indoor garden and unique floor-integrated wine cellar
🍽 Kitchen & Indoor Living
• Fully equipped designer kitchen with central island
 • Open-plan dining area
 • Premium appliances and elegant finishes
 • Designed for both entertaining and everyday comfort
🌿 Outdoor Features
• Private swimming pool (approx. 40 m²)
 • Expansive garden and outdoor lounge areas
 • Rooftop terrace with panoramic sunset, ocean & rice field views
 • BBQ corner for entertaining
 • Outdoor relaxation zones surrounded by nature
⚙ Infrastructure & Comfort
• Fully furnished with high-end designer interiors
 • 9 air-conditioning units
 • Electricity capacity: 53,000 W
 • Water source: deep well with filtration system
 • Private parking area
 • Storage, laundry, and technical rooms
 • High-speed internet available
💎 Luxury Amenities
• Private golf buggy
 • Fully equipped private gym
 • Sauna & jacuzzi
 • Ice bath and wellness area
 • Massage chair
 • Piano and designer lighting features
 • Rooftop entertainment space

💰 Price & Ownership
📌 Luxury Villa – Cemagi, Bali
💵 Price: IDR 12,200,000,000
 💵 Approx. USD 790,000 (reference only)
📄 Leasehold: Until April 2052 (26 years remaining)
(All transactions are conducted in IDR — other currencies are for reference only)

🌟 Lifestyle & Location Highlights
• Located in tranquil and exclusive Cemagi village
 • Surrounded by rice fields, temples, and riverside nature
 • Minutes to Cemagi Beach (black sand coastline)
 • Short drive to Canggu cafés, restaurants, and beach clubs
 • Peaceful environment with growing luxury development
 • Ideal blend of privacy and accessibility
💼 Investment Potential
• High-end luxury villa with unique architectural appeal
 • Strong demand for premium rentals in Cemagi area
 • Ocean and rice field views increase rental value
 • Suitable for Airbnb or boutique luxury rental
 • Turnkey fully furnished investment property
 • Growing capital appreciation in Greater Canggu

✨ Why This Property?
🌊 Ocean & rice field panoramic views
 🏡 Unique all-black designer architecture
 🏊 Large private pool & rooftop terrace
 🧖 Full wellness features: sauna, jacuzzi & gym
 🌿 Spacious 700 m² land in peaceful location
 🔑 Fully furnished luxury turnkey villa
 📈 Strong rental potential in emerging premium area

📩 Contact us for full details, rental projections, or to arrange a private viewing — luxury villas with ocean and rice field views in Cemagi are rare and highly sought after.",Property listing,1,790000,0,,8 Degree
8D25199,8D25199 - Semilir Pagi & Semilir Sendja Villa,"🌴 Luxury 6BR Villa Compound in Berawa – Prime Freehold Investment Near Beach ✨🏡
Discover a rare opportunity to own a luxury villa compound in the heart of Berawa, Canggu—one of Bali’s most sought-after lifestyle and investment destinations. Set on an expansive 960 m² of land, this exceptional property consists of two modern villas within one private compound, offering the perfect balance of privacy, flexibility, and strong rental potential.
Completed in 2023, the estate combines contemporary tropical design with elegant wooden finishes, spacious layouts, and seamless indoor-outdoor living. Ideal for large families, multi-generational living, or investors, the property allows you to live in one villa while renting out the other in Bali’s high-demand Berawa market.
📍 Location: Prime Berawa – Canggu, Bali
 🌴 Lifestyle: Walking distance to beach, cafés, beach clubs & international schools
 🏗 Year Built: 2023 (modern villa compound)
 🔑 Ownership: Freehold (SHM)
 📄 Permit: Available / suitable for residential & rental use
 🏘 Zoning: Tourism / residential area
🏠 Villa Compound Details
• Land Size: 960 m² (9.6 Are)
 • Building Size: 489 m²
 • Levels: 2 floors (main villa) + secondary villa
 • Bedrooms:
  – 6 bedrooms total (4BR main villa + 2BR guest villa)
 • Bathrooms:
  – 5 bathrooms total
 • View: Pool and garden views
🛋 Living & Interior Design
• Modern tropical design with elegant wooden finishes
 • Enclosed living and dining areas with natural light
 • Spacious layouts ideal for families or rental guests
 • Second-floor family / media room in main villa
 • Designed for both private living and income-generating rental
🍽 Kitchen & Indoor Living
• Fully equipped modern kitchens in both villas
 • Open-plan dining areas
 • Kitchen island in main villa
 • Designed for entertaining and comfortable daily living
🌿 Outdoor Features
• Private swimming pools 11 m × 3.7 m
 • Lush tropical garden
 • Outdoor lounging and relaxation areas
 • Terrace and balcony spaces
⚙ Infrastructure & Comfort
• Fully furnished – ready to move in or rent out
 • 13 air-conditioning units
 • Electricity capacity: 16,500 W
 • Water source: drilled well
 • Laundry room and storage areas
 • Staff quarters
 • Parking for 2 cars and multiple motorbikes
 • 5-meter wide paved road access
 • High-speed fiber optic internet
💰 Price & Ownership
📌 Luxury Villa Compound – Berawa, Canggu
💵 Freehold (SHM): Price on request
(All transactions are conducted in IDR — other currencies are for reference only)
🌟 Lifestyle & Location Highlights
• Approximately 500 meters to Berawa Beach
 • Walking distance to cafés, restaurants, and shops
 • 700 meters to Finns Beach Club & Finns Recreation Club
 • 500 meters to Montessori School Bali
 • 1 km to Body Factory Gym
 • 1.3 km to Café del Mar & Liga Tennis Center
 • Located in one of Bali’s highest-demand rental areas
💼 Investment Potential
• Rare dual-villa compound on large land size
 • Option to live in one villa and rent the other
 • Strong rental yields in Berawa area
 • Ideal for Airbnb or boutique villa rental
 • High occupancy rates due to prime location
 • Turnkey fully furnished investment property
 • Excellent long-term capital appreciation
✨ Why This Property?
🏝 Prime Berawa location near beach & hotspots
 🏡 2 villas in 1 compound – flexible usage
 🏊 Two private swimming pools
 🌿 Large 960 m² land – rare in Berawa
 🔑 Freehold ownership (SHM)
 💼 Perfect for lifestyle + investment strategy
 📈 Strong rental demand in Canggu
📩 Contact us for full details, rental projections, or to arrange a private viewing — large freehold villa compounds in Berawa are rare and highly valuable investment opportunities.",Property listing,1,0,0,,8 Degree
8D25200,Listing 8D25200,,Property listing,1,0,0,,8 Degree
8D25201,Listing 8D25201,,Property listing,1,0,0,,8 Degree
8D25202,Listing 8D25202,,Property listing,1,0,0,,8 Degree
8D25203,Listing 8D25203,,Property listing,1,0,0,,8 Degree
IMPORT_ROW_0200,Empty import row (IMPORT_ROW_0200),,Property listing,1,0,0,,8 Degree
IMPORT_ROW_0201,Empty import row (IMPORT_ROW_0201),,Property listing,1,0,0,,8 Degree
IMPORT_ROW_0202,Empty import row (IMPORT_ROW_0202),,Property listing,1,0,0,,8 Degree
IMPORT_ROW_0203,Empty import row (IMPORT_ROW_0203),,Property listing,1,0,0,,8 Degree
IMPORT_ROW_0204,Empty import row (IMPORT_ROW_0204),,Property listing,1,0,0,,8 Degree
IMPORT_ROW_0205,Empty import row (IMPORT_ROW_0205),,Property listing,1,0,0,,8 Degree
8D25201__2,8D25201 (duplicate slot 2),,Property listing,1,0,0,,8 Degree
